host_time_iso,host_time_ms,stm_time_ms,sequence,session_id,state,state_name,sample_id,sample_time_ms,motor_commit_time_ms,output_sample_matched,motor_commit_delay_ms,actuators_active,attitude_valid,roll_deg,pitch_deg,yaw_deg,gyro_roll_rad_s,gyro_pitch_rad_s,gyro_yaw_rad_s,setpoint_roll_rad_s,setpoint_pitch_rad_s,setpoint_yaw_rad_s,error_roll_rad_s,error_pitch_rad_s,error_yaw_rad_s,pid_roll,pid_pitch,pid_yaw,motor1_us,motor2_us,motor3_us,motor4_us
2026-10-07T07:26:29.982Z,1791357989982,19281,747,42578,1,DISARMED,13404,19281,19270,false,,false,true,0.08,2.37,-0.02,-0.002,0.001,-0.002,0,0,0,0.002,-0.001,0.002,0,0,0,1000,1000,1000,1000
2026-10-07T07:26:29.999Z,1791357989999,19301,748,42578,1,DISARMED,13422,19301,19291,false,,false,true,0.08,2.37,-0.02,-0.001,-0.003,0.001,0,0,0,0.001,0.003,-0.001,0,0,0,1000,1000,1000,1000
2026-10-07T07:26:30.021Z,1791357990021,19321,749,42578,1,DISARMED,13440,19321,19314,false,,false,true,0.08,2.37,-0.02,-0.002,0,-0.001,0,0,0,0.002,0,0.001,0,0,0,1000,1000,1000,1000
2026-10-07T07:26:30.042Z,1791357990042,19341,750,42578,1,DISARMED,13457,19341,19338,false,,false,true,0.08,2.38,-0.02,0.004,-0.001,0.002,0,0,0,-0.004,0.001,-0.002,0,0,0,1000,1000,1000,1000
2026-10-07T07:26:30.067Z,1791357990067,19361,751,42578,1,DISARMED,13476,19361,19338,false,,false,true,0.08,2.37,-0.02,-0.002,-0.001,0.002,0,0,0,0.002,0.001,-0.002,0,0,0,1000,1000,1000,1000
2026-10-07T07:26:30.078Z,1791357990078,19381,752,42578,1,DISARMED,13494,19381,19364,false,,false,true,0.08,2.38,-0.02,0.001,0.001,-0.002,0,0,0,-0.001,-0.001,0.002,0,0,0,1000,1000,1000,1000
2026-10-07T07:26:30.099Z,1791357990099,19401,753,42578,1,DISARMED,13512,19401,19389,false,,false,true,0.08,2.38,-0.02,-0.001,0.002,0.001,0,0,0,0.001,-0.002,-0.001,0,0,0,1000,1000,1000,1000
2026-10-07T07:26:30.121Z,1791357990121,19421,754,42578,1,DISARMED,13530,19421,19417,false,,false,true,0.08,2.38,-0.02,0,0.001,0.002,0,0,0,0,-0.001,-0.002,0,0,0,1000,1000,1000,1000
2026-10-07T07:26:30.141Z,1791357990141,19441,755,42578,1,DISARMED,13547,19441,19439,false,,false,true,0.08,2.38,-0.02,-0.002,0,-0.002,0,0,0,0.002,0,0.002,0,0,0,1000,1000,1000,1000
2026-10-07T07:26:30.165Z,1791357990165,19461,756,42578,1,DISARMED,13566,19461,19439,false,,false,true,0.09,2.38,-0.03,0,-0.002,-0.001,0,0,0,0,0.002,0.001,0,0,0,1000,1000,1000,1000
2026-10-07T07:26:30.179Z,1791357990179,19481,757,42578,1,DISARMED,13583,19481,19465,false,,false,true,0.09,2.38,-0.02,-0.002,0,0.001,0,0,0,0.002,0,-0.001,0,0,0,1000,1000,1000,1000
2026-10-07T07:26:30.201Z,1791357990201,19501,758,42578,1,DISARMED,13601,19501,19490,false,,false,true,0.08,2.38,-0.02,-0.004,-0.002,0,0,0,0,0.004,0.002,0,0,0,0,1000,1000,1000,1000
2026-10-07T07:26:30.219Z,1791357990219,19521,759,42578,1,DISARMED,13619,19521,19517,false,,false,true,0.08,2.38,-0.03,0.001,0.001,0,0,0,0,-0.001,-0.001,0,0,0,0,1000,1000,1000,1000
2026-10-07T07:26:30.242Z,1791357990242,19541,760,42578,1,DISARMED,13636,19541,19539,false,,false,true,0.08,2.38,-0.03,-0.001,-0.001,0,0,0,0,0.001,0.001,0,0,0,0,1000,1000,1000,1000
2026-10-07T07:26:30.270Z,1791357990270,19561,761,42578,1,DISARMED,13655,19561,19539,false,,false,true,0.08,2.38,-0.03,0.003,0,-0.001,0,0,0,-0.003,0,0.001,0,0,0,1000,1000,1000,1000
2026-10-07T07:26:30.283Z,1791357990283,19581,762,42578,1,DISARMED,13672,19581,19564,false,,false,true,0.09,2.38,-0.03,0.003,0.001,-0.001,0,0,0,-0.003,-0.001,0.001,0,0,0,1000,1000,1000,1000
2026-10-07T07:26:30.299Z,1791357990299,19601,763,42578,1,DISARMED,13690,19601,19591,false,,false,true,0.09,2.39,-0.03,0.001,0,0.001,0,0,0,-0.001,0,-0.001,0,0,0,1000,1000,1000,1000
2026-10-07T07:26:30.322Z,1791357990322,19621,764,42578,1,DISARMED,13708,19621,19614,false,,false,true,0.09,2.39,-0.03,-0.001,-0.001,-0.002,0,0,0,0.001,0.001,0.002,0,0,0,1000,1000,1000,1000
2026-10-07T07:26:30.340Z,1791357990340,19641,765,42578,1,DISARMED,13725,19641,19639,false,,false,true,0.09,2.38,-0.03,-0.001,-0.001,0.001,0,0,0,0.001,0.001,-0.001,0,0,0,1000,1000,1000,1000
2026-10-07T07:26:30.370Z,1791357990370,19661,766,42578,1,DISARMED,13744,19661,19639,false,,false,true,0.09,2.38,-0.03,-0.003,-0.002,-0.002,0,0,0,0.003,0.002,0.002,0,0,0,1000,1000,1000,1000
2026-10-07T07:26:30.383Z,1791357990383,19681,767,42578,1,DISARMED,13761,19681,19664,false,,false,true,0.09,2.38,-0.03,0.001,0.001,-0.001,0,0,0,-0.001,-0.001,0.001,0,0,0,1000,1000,1000,1000
2026-10-07T07:26:30.399Z,1791357990399,19701,768,42578,1,DISARMED,13779,19701,19694,false,,false,true,0.09,2.38,-0.03,0,0,-0.001,0,0,0,0,0,0.001,0,0,0,1000,1000,1000,1000
2026-10-07T07:26:30.419Z,1791357990419,19721,769,42578,1,DISARMED,13797,19721,19714,false,,false,true,0.09,2.38,-0.03,-0.002,-0.002,0.002,0,0,0,0.002,0.002,-0.002,0,0,0,1000,1000,1000,1000
2026-10-07T07:26:30.443Z,1791357990443,19741,770,42578,1,DISARMED,13814,19741,19739,false,,false,true,0.09,2.38,-0.03,-0.003,0,0.001,0,0,0,0.003,0,-0.001,0,0,0,1000,1000,1000,1000
2026-10-07T07:26:30.467Z,1791357990467,19761,771,42578,1,DISARMED,13833,19761,19739,false,,false,true,0.09,2.38,-0.03,-0.002,-0.001,-0.002,0,0,0,0.002,0.001,0.002,0,0,0,1000,1000,1000,1000
2026-10-07T07:26:30.482Z,1791357990482,19781,772,42578,1,DISARMED,13850,19781,19764,false,,false,true,0.09,2.38,-0.04,0.001,-0.001,-0.001,0,0,0,-0.001,0.001,0.001,0,0,0,1000,1000,1000,1000
2026-10-07T07:26:30.502Z,1791357990502,19801,773,42578,1,DISARMED,13868,19801,19796,false,,false,true,0.08,2.38,-0.04,-0.003,0,0,0,0,0,0.003,0,0,0,0,0,1000,1000,1000,1000
2026-10-07T07:26:30.525Z,1791357990525,19821,774,42578,1,DISARMED,13886,19821,19814,false,,false,true,0.08,2.38,-0.04,0.001,0.002,-0.002,0,0,0,-0.001,-0.002,0.002,0,0,0,1000,1000,1000,1000
2026-10-07T07:26:30.539Z,1791357990539,19841,775,42578,1,DISARMED,13903,19841,19839,false,,false,true,0.08,2.38,-0.04,-0.002,0.001,-0.004,0,0,0,0.002,-0.001,0.004,0,0,0,1000,1000,1000,1000
2026-10-07T07:26:30.564Z,1791357990564,19861,776,42578,1,DISARMED,13922,19861,19839,false,,false,true,0.08,2.38,-0.04,0,0.001,0,0,0,0,0,-0.001,0,0,0,0,1000,1000,1000,1000
2026-10-07T07:26:30.582Z,1791357990582,19881,777,42578,1,DISARMED,13939,19881,19864,false,,false,true,0.08,2.38,-0.04,-0.001,0,-0.002,0,0,0,0.001,0,0.002,0,0,0,1000,1000,1000,1000
2026-10-07T07:26:30.599Z,1791357990599,19901,778,42578,1,DISARMED,13957,19901,19890,false,,false,true,0.08,2.38,-0.04,-0.001,-0.002,-0.002,0,0,0,0.001,0.002,0.002,0,0,0,1000,1000,1000,1000
2026-10-07T07:26:30.620Z,1791357990620,19921,779,42578,1,DISARMED,13975,19921,19914,false,,false,true,0.07,2.37,-0.04,0.001,-0.002,-0.002,0,0,0,-0.001,0.002,0.002,0,0,0,1000,1000,1000,1000
2026-10-07T07:26:30.642Z,1791357990642,19941,780,42578,1,DISARMED,13992,19941,19939,false,,false,true,0.07,2.37,-0.04,-0.001,-0.001,0.002,0,0,0,0.001,0.001,-0.002,0,0,0,1000,1000,1000,1000
2026-10-07T07:26:30.668Z,1791357990668,19961,781,42578,1,DISARMED,14011,19961,19939,false,,false,true,0.06,2.37,-0.05,0.001,-0.002,-0.001,0,0,0,-0.001,0.002,0.001,0,0,0,1000,1000,1000,1000
2026-10-07T07:26:30.683Z,1791357990683,19981,782,42578,1,DISARMED,14028,19981,19964,false,,false,true,0.06,2.37,-0.05,-0.002,0,-0.003,0,0,0,0.002,0,0.003,0,0,0,1000,1000,1000,1000
2026-10-07T07:26:30.700Z,1791357990700,20001,783,42578,1,DISARMED,14046,20001,19993,false,,false,true,0.06,2.37,-0.05,-0.001,0.001,0.002,0,0,0,0.001,-0.001,-0.002,0,0,0,1000,1000,1000,1000
2026-10-07T07:26:30.718Z,1791357990718,20021,784,42578,1,DISARMED,14064,20021,20014,false,,false,true,0.06,2.38,-0.05,-0.002,0.001,0.002,0,0,0,0.002,-0.001,-0.002,0,0,0,1000,1000,1000,1000
2026-10-07T07:26:30.741Z,1791357990741,20041,785,42578,1,DISARMED,14081,20041,20039,false,,false,true,0.06,2.38,-0.05,-0.001,-0.001,-0.001,0,0,0,0.001,0.001,0.001,0,0,0,1000,1000,1000,1000
2026-10-07T07:26:30.771Z,1791357990771,20061,786,42578,1,DISARMED,14100,20061,20039,false,,false,true,0.06,2.38,-0.05,-0.001,0.001,-0.001,0,0,0,0.001,-0.001,0.001,0,0,0,1000,1000,1000,1000
2026-10-07T07:26:30.779Z,1791357990779,20081,787,42578,1,DISARMED,14117,20081,20065,false,,false,true,0.06,2.37,-0.05,-0.003,0.003,-0.002,0,0,0,0.003,-0.003,0.002,0,0,0,1000,1000,1000,1000
2026-10-07T07:26:30.802Z,1791357990802,20101,788,42578,1,DISARMED,14135,20101,20092,false,,false,true,0.06,2.37,-0.05,-0.001,-0.004,-0.004,0,0,0,0.001,0.004,0.004,0,0,0,1000,1000,1000,1000
2026-10-07T07:26:30.819Z,1791357990819,20121,789,42578,1,DISARMED,14153,20121,20114,false,,false,true,0.07,2.37,-0.05,0.001,0.001,-0.001,0,0,0,-0.001,-0.001,0.001,0,0,0,1000,1000,1000,1000
2026-10-07T07:26:30.838Z,1791357990838,20141,790,42578,1,DISARMED,14170,20141,20139,false,,false,true,0.06,2.37,-0.05,-0.002,0.005,-0.002,0,0,0,0.002,-0.005,0.002,0,0,0,1000,1000,1000,1000
2026-10-07T07:26:30.866Z,1791357990866,20161,791,42578,1,DISARMED,14189,20161,20139,false,,false,true,0.07,2.37,-0.05,0.001,0.003,0.002,0,0,0,-0.001,-0.003,-0.002,0,0,0,1000,1000,1000,1000
2026-10-07T07:26:30.882Z,1791357990882,20181,792,42578,1,DISARMED,14206,20181,20164,false,,false,true,0.06,2.37,-0.05,0.002,-0.002,0.001,0,0,0,-0.002,0.002,-0.001,0,0,0,1000,1000,1000,1000
2026-10-07T07:26:30.904Z,1791357990904,20201,793,42578,1,DISARMED,14224,20201,20200,false,,false,true,0.06,2.38,-0.05,-0.001,0.001,-0.001,0,0,0,0.001,-0.001,0.001,0,0,0,1000,1000,1000,1000
2026-10-07T07:26:30.922Z,1791357990922,20221,794,42578,1,DISARMED,14242,20221,20214,false,,false,true,0.06,2.37,-0.05,-0.002,0.003,-0.002,0,0,0,0.002,-0.003,0.002,0,0,0,1000,1000,1000,1000
2026-10-07T07:26:30.941Z,1791357990941,20242,795,42578,1,DISARMED,14260,20242,20241,false,,false,true,0.06,2.37,-0.05,-0.001,0.002,-0.001,0,0,0,0.001,-0.002,0.001,0,0,0,1000,1000,1000,1000
2026-10-07T07:26:30.966Z,1791357990966,20261,796,42578,1,DISARMED,14279,20261,20241,false,,false,true,0.06,2.37,-0.05,-0.001,-0.001,-0.002,0,0,0,0.001,0.001,0.002,0,0,0,1000,1000,1000,1000
2026-10-07T07:26:30.984Z,1791357990984,20281,797,42578,1,DISARMED,14296,20281,20266,false,,false,true,0.06,2.38,-0.05,-0.001,-0.002,-0.001,0,0,0,0.001,0.002,0.001,0,0,0,1000,1000,1000,1000
2026-10-07T07:26:31.004Z,1791357991004,20301,798,42578,1,DISARMED,14314,20301,20292,false,,false,true,0.06,2.38,-0.06,-0.001,0.001,0.001,0,0,0,0.001,-0.001,-0.001,0,0,0,1000,1000,1000,1000
2026-10-07T07:26:31.019Z,1791357991019,20321,799,42578,1,DISARMED,14332,20321,20314,false,,false,true,0.07,2.37,-0.06,0.001,0.001,-0.001,0,0,0,-0.001,-0.001,0.001,0,0,0,1000,1000,1000,1000
2026-10-07T07:26:31.040Z,1791357991040,20341,800,42578,1,DISARMED,14349,20341,20339,false,,false,true,0.06,2.37,-0.06,-0.003,0.001,0.001,0,0,0,0.003,-0.001,-0.001,0,0,0,1000,1000,1000,1000
2026-10-07T07:26:31.071Z,1791357991071,20361,801,42578,1,DISARMED,14368,20361,20339,false,,false,true,0.07,2.37,-0.06,-0.002,-0.001,-0.002,0,0,0,0.002,0.001,0.002,0,0,0,1000,1000,1000,1000
2026-10-07T07:26:31.087Z,1791357991087,20381,802,42578,1,DISARMED,14385,20381,20368,false,,false,true,0.07,2.37,-0.06,0.001,-0.006,-0.003,0,0,0,-0.001,0.006,0.003,0,0,0,1000,1000,1000,1000
2026-10-07T07:26:31.102Z,1791357991102,20401,803,42578,1,DISARMED,14403,20401,20396,false,,false,true,0.07,2.37,-0.06,0.001,0.001,0.003,0,0,0,-0.001,-0.001,-0.003,0,0,0,1000,1000,1000,1000
2026-10-07T07:26:31.119Z,1791357991119,20421,804,42578,1,DISARMED,14421,20421,20417,false,,false,true,0.07,2.38,-0.06,0.001,0.004,0.001,0,0,0,-0.001,-0.004,-0.001,0,0,0,1000,1000,1000,1000
2026-10-07T07:26:31.141Z,1791357991141,20441,805,42578,1,DISARMED,14438,20441,20439,false,,false,true,0.07,2.38,-0.06,-0.001,0.002,-0.003,0,0,0,0.001,-0.002,0.003,0,0,0,1000,1000,1000,1000
2026-10-07T07:26:31.170Z,1791357991170,20461,806,42578,1,DISARMED,14457,20461,20439,false,,false,true,0.07,2.38,-0.06,0.001,0,0.002,0,0,0,-0.001,0,-0.002,0,0,0,1000,1000,1000,1000
2026-10-07T07:26:31.182Z,1791357991182,20481,807,42578,1,DISARMED,14474,20481,20465,false,,false,true,0.07,2.39,-0.05,0,0,0,0,0,0,0,0,0,0,0,0,1000,1000,1000,1000
2026-10-07T07:26:31.200Z,1791357991200,20501,808,42578,1,DISARMED,14492,20501,20490,false,,false,true,0.07,2.38,-0.06,0,0.002,-0.001,0,0,0,0,-0.002,0.001,0,0,0,1000,1000,1000,1000
2026-10-07T07:26:31.222Z,1791357991222,20521,809,42578,1,DISARMED,14510,20521,20514,false,,false,true,0.08,2.38,-0.06,-0.002,0.002,-0.001,0,0,0,0.002,-0.002,0.001,0,0,0,1000,1000,1000,1000
2026-10-07T07:26:31.238Z,1791357991238,20542,810,42578,1,DISARMED,14528,20542,20541,false,,false,true,0.08,2.39,-0.06,-0.003,0.002,0.004,0,0,0,0.003,-0.002,-0.004,0,0,0,1000,1000,1000,1000
2026-10-07T07:26:31.264Z,1791357991264,20561,811,42578,1,DISARMED,14547,20561,20541,false,,false,true,0.08,2.39,-0.06,0.001,0.001,-0.003,0,0,0,-0.001,-0.001,0.003,0,0,0,1000,1000,1000,1000
2026-10-07T07:26:31.282Z,1791357991282,20581,812,42578,1,DISARMED,14564,20581,20564,false,,false,true,0.08,2.39,-0.06,-0.001,0.001,-0.002,0,0,0,0.001,-0.001,0.002,0,0,0,1000,1000,1000,1000
2026-10-07T07:26:31.307Z,1791357991307,20601,813,42578,1,DISARMED,14582,20601,20589,false,,false,true,0.08,2.39,-0.06,0.001,-0.001,-0.001,0,0,0,-0.001,0.001,0.001,0,0,0,1000,1000,1000,1000
2026-10-07T07:26:31.322Z,1791357991322,20621,814,42578,1,DISARMED,14600,20621,20614,false,,false,true,0.08,2.4,-0.06,0.002,-0.002,0.001,0,0,0,-0.002,0.002,-0.001,0,0,0,1000,1000,1000,1000
2026-10-07T07:26:31.343Z,1791357991343,20641,815,42578,1,DISARMED,14618,20641,20614,false,,false,true,0.09,2.39,-0.06,-0.001,-0.001,-0.002,0,0,0,0.001,0.001,0.002,0,0,0,1000,1000,1000,1000
2026-10-07T07:26:31.367Z,1791357991367,20661,816,42578,1,DISARMED,14637,20661,20644,false,,false,true,0.09,2.39,-0.06,0.001,0.001,0.001,0,0,0,-0.001,-0.001,-0.001,0,0,0,1000,1000,1000,1000
2026-10-07T07:26:31.379Z,1791357991379,20681,817,42578,1,DISARMED,14654,20681,20665,false,,false,true,0.09,2.39,-0.06,-0.002,0,0.002,0,0,0,0.002,0,-0.002,0,0,0,1000,1000,1000,1000
2026-10-07T07:26:31.400Z,1791357991400,20701,818,42578,1,DISARMED,14672,20701,20689,false,,false,true,0.09,2.39,-0.06,0.002,0.002,0.002,0,0,0,-0.002,-0.002,-0.002,0,0,0,1000,1000,1000,1000
2026-10-07T07:26:31.423Z,1791357991423,20721,819,42578,1,DISARMED,14690,20721,20716,false,,false,true,0.08,2.39,-0.06,-0.001,-0.003,-0.001,0,0,0,0.001,0.003,0.001,0,0,0,1000,1000,1000,1000
2026-10-07T07:26:31.440Z,1791357991440,20741,820,42578,1,DISARMED,14707,20741,20739,false,,false,true,0.08,2.39,-0.06,0.002,-0.003,0.003,0,0,0,-0.002,0.003,-0.003,0,0,0,1000,1000,1000,1000
2026-10-07T07:26:31.467Z,1791357991467,20761,821,42578,1,DISARMED,14726,20761,20739,false,,false,true,0.08,2.39,-0.06,-0.002,-0.001,0.001,0,0,0,0.002,0.001,-0.001,0,0,0,1000,1000,1000,1000
2026-10-07T07:26:31.481Z,1791357991481,20781,822,42578,1,DISARMED,14743,20781,20767,false,,false,true,0.08,2.39,-0.06,0.001,0.001,-0.001,0,0,0,-0.001,-0.001,0.001,0,0,0,1000,1000,1000,1000
2026-10-07T07:26:31.503Z,1791357991503,20801,823,42578,1,DISARMED,14761,20801,20789,false,,false,true,0.08,2.39,-0.06,0.001,0.001,-0.002,0,0,0,-0.001,-0.001,0.002,0,0,0,1000,1000,1000,1000
2026-10-07T07:26:31.525Z,1791357991525,20821,824,42578,1,DISARMED,14779,20821,20814,false,,false,true,0.08,2.39,-0.06,0,-0.002,0.002,0,0,0,0,0.002,-0.002,0,0,0,1000,1000,1000,1000
2026-10-07T07:26:31.541Z,1791357991541,20841,825,42578,1,DISARMED,14796,20841,20840,false,,false,true,0.08,2.39,-0.06,0.001,-0.001,-0.003,0,0,0,-0.001,0.001,0.003,0,0,0,1000,1000,1000,1000
2026-10-07T07:26:31.567Z,1791357991567,20861,826,42578,1,DISARMED,14815,20861,20840,false,,false,true,0.09,2.39,-0.06,0.002,-0.001,0.003,0,0,0,-0.002,0.001,-0.003,0,0,0,1000,1000,1000,1000
2026-10-07T07:26:31.582Z,1791357991582,20881,827,42578,1,DISARMED,14832,20881,20866,false,,false,true,0.09,2.39,-0.06,0.002,0,-0.001,0,0,0,-0.002,0,0.001,0,0,0,1000,1000,1000,1000
2026-10-07T07:26:31.598Z,1791357991598,20901,828,42578,1,DISARMED,14850,20901,20889,false,,false,true,0.09,2.39,-0.06,-0.002,0.003,-0.002,0,0,0,0.002,-0.003,0.002,0,0,0,1000,1000,1000,1000
2026-10-07T07:26:31.622Z,1791357991622,20921,829,42578,1,DISARMED,14868,20921,20916,false,,false,true,0.09,2.39,-0.06,-0.003,-0.002,0.001,0,0,0,0.003,0.002,-0.001,0,0,0,1000,1000,1000,1000
2026-10-07T07:26:31.638Z,1791357991638,20941,830,42578,1,DISARMED,14886,20941,20916,false,,false,true,0.09,2.39,-0.06,-0.003,0,0.002,0,0,0,0.003,0,-0.002,0,0,0,1000,1000,1000,1000
2026-10-07T07:26:31.664Z,1791357991664,20961,831,42578,1,DISARMED,14904,20961,20946,false,,false,true,0.09,2.38,-0.06,0,0.002,0.003,0,0,0,0,-0.002,-0.003,0,0,0,1000,1000,1000,1000
2026-10-07T07:26:31.681Z,1791357991681,20981,832,42578,1,DISARMED,14921,20981,20964,false,,false,true,0.09,2.39,-0.06,-0.001,0.002,-0.002,0,0,0,0.001,-0.002,0.002,0,0,0,1000,1000,1000,1000
2026-10-07T07:26:31.700Z,1791357991700,21001,833,42578,1,DISARMED,14939,21001,20989,false,,false,true,0.08,2.39,-0.06,-0.001,0.002,-0.001,0,0,0,0.001,-0.002,0.001,0,0,0,1000,1000,1000,1000
2026-10-07T07:26:31.721Z,1791357991721,21021,834,42578,1,DISARMED,14957,21021,21015,false,,false,true,0.08,2.4,-0.06,-0.001,0,0.002,0,0,0,0.001,0,-0.002,0,0,0,1000,1000,1000,1000
2026-10-07T07:26:31.745Z,1791357991745,21042,835,42578,1,DISARMED,14975,21042,21041,false,,false,true,0.09,2.4,-0.06,-0.001,-0.001,0.001,0,0,0,0.001,0.001,-0.001,0,0,0,1000,1000,1000,1000
2026-10-07T07:26:31.766Z,1791357991766,21061,836,42578,1,DISARMED,14994,21061,21041,false,,false,true,0.09,2.4,-0.06,0.001,-0.001,0.001,0,0,0,-0.001,0.001,-0.001,0,0,0,1000,1000,1000,1000
2026-10-07T07:26:31.790Z,1791357991790,21081,837,42578,1,DISARMED,15011,21081,21064,false,,false,true,0.09,2.39,-0.06,0.001,0.001,-0.002,0,0,0,-0.001,-0.001,0.002,0,0,0,1000,1000,1000,1000
2026-10-07T07:26:31.798Z,1791357991798,21101,838,42578,1,DISARMED,15029,21101,21090,false,,false,true,0.09,2.39,-0.06,0.001,-0.001,-0.001,0,0,0,-0.001,0.001,0.001,0,0,0,1000,1000,1000,1000
2026-10-07T07:26:31.820Z,1791357991820,21121,839,42578,1,DISARMED,15047,21121,21114,false,,false,true,0.09,2.39,-0.06,-0.003,-0.001,0.001,0,0,0,0.003,0.001,-0.001,0,0,0,1000,1000,1000,1000
2026-10-07T07:26:31.841Z,1791357991841,21142,840,42578,1,DISARMED,15065,21142,21141,false,,false,true,0.09,2.39,-0.06,-0.001,-0.001,-0.001,0,0,0,0.001,0.001,0.001,0,0,0,1000,1000,1000,1000
2026-10-07T07:26:31.863Z,1791357991863,21161,841,42578,1,DISARMED,15084,21161,21141,false,,false,true,0.09,2.39,-0.06,-0.001,0.003,0.001,0,0,0,0.001,-0.003,-0.001,0,0,0,1000,1000,1000,1000
2026-10-07T07:26:31.878Z,1791357991878,21181,842,42578,1,DISARMED,15101,21181,21165,false,,false,true,0.09,2.39,-0.06,0.001,0.001,0.001,0,0,0,-0.001,-0.001,-0.001,0,0,0,1000,1000,1000,1000
2026-10-07T07:26:31.905Z,1791357991905,21201,843,42578,1,DISARMED,15119,21201,21190,false,,false,true,0.09,2.4,-0.06,0.001,0,-0.001,0,0,0,-0.001,0,0.001,0,0,0,1000,1000,1000,1000
2026-10-07T07:26:31.919Z,1791357991919,21221,844,42578,1,DISARMED,15137,21221,21220,false,,false,true,0.1,2.39,-0.06,0.002,-0.002,0.004,0,0,0,-0.002,0.002,-0.004,0,0,0,1000,1000,1000,1000
2026-10-07T07:26:31.943Z,1791357991943,21241,845,42578,1,DISARMED,15149,21241,21240,false,,false,true,0.09,2.4,-0.06,-0.001,0.001,0.001,0,0,0,0.001,-0.001,-0.001,0,0,0,1000,1000,1000,1000
2026-10-07T07:26:31.963Z,1791357991963,21261,846,42578,1,DISARMED,15159,21261,21260,false,,false,true,0.09,2.4,-0.06,-0.002,0.001,0,0,0,0,0.002,-0.001,0,0,0,0,1000,1000,1000,1000
2026-10-07T07:26:31.979Z,1791357991979,21281,847,42578,1,DISARMED,15169,21281,21280,false,,false,true,0.09,2.4,-0.06,-0.002,0.001,0.001,0,0,0,0.002,-0.001,-0.001,0,0,0,1000,1000,1000,1000
2026-10-07T07:26:32.001Z,1791357992001,21301,848,42578,1,DISARMED,15179,21301,21300,false,,false,true,0.09,2.4,-0.06,0.004,-0.002,0.001,0,0,0,-0.004,0.002,-0.001,0,0,0,1000,1000,1000,1000
2026-10-07T07:26:32.019Z,1791357992019,21321,849,42578,1,DISARMED,15189,21321,21320,false,,false,true,0.09,2.4,-0.06,-0.001,0,0.002,0,0,0,0.001,0,-0.002,0,0,0,1000,1000,1000,1000
2026-10-07T07:26:32.040Z,1791357992040,21341,850,42578,1,DISARMED,15199,21341,21340,false,,false,true,0.09,2.4,-0.06,-0.001,0.001,-0.001,0,0,0,0.001,-0.001,0.001,0,0,0,1000,1000,1000,1000
2026-10-07T07:26:32.069Z,1791357992069,21361,851,42578,1,DISARMED,15209,21361,21360,false,,false,true,0.09,2.4,-0.06,-0.001,-0.002,-0.001,0,0,0,0.001,0.002,0.001,0,0,0,1000,1000,1000,1000
2026-10-07T07:26:32.082Z,1791357992082,21381,852,42578,1,DISARMED,15219,21381,21380,false,,false,true,0.09,2.4,-0.06,0,0.002,0.002,0,0,0,0,-0.002,-0.002,0,0,0,1000,1000,1000,1000
2026-10-07T07:26:32.101Z,1791357992101,21401,853,42578,1,DISARMED,15229,21401,21400,false,,false,true,0.09,2.4,-0.06,-0.001,0,0.001,0,0,0,0.001,0,-0.001,0,0,0,1000,1000,1000,1000
2026-10-07T07:26:32.118Z,1791357992118,21421,854,42578,1,DISARMED,15239,21421,21420,false,,false,true,0.09,2.4,-0.06,-0.003,-0.003,0.001,0,0,0,0.003,0.003,-0.001,0,0,0,1000,1000,1000,1000
2026-10-07T07:26:32.141Z,1791357992141,21441,855,42578,1,DISARMED,15249,21441,21440,false,,false,true,0.09,2.4,-0.06,-0.003,0.003,0.001,0,0,0,0.003,-0.003,-0.001,0,0,0,1000,1000,1000,1000
2026-10-07T07:26:32.171Z,1791357992171,21461,856,42578,1,DISARMED,15259,21461,21460,false,,false,true,0.09,2.4,-0.06,0.001,0.001,0.002,0,0,0,-0.001,-0.001,-0.002,0,0,0,1000,1000,1000,1000
2026-10-07T07:26:32.182Z,1791357992182,21481,857,42578,1,DISARMED,15269,21481,21480,false,,false,true,0.08,2.4,-0.06,0,-0.002,0.002,0,0,0,0,0.002,-0.002,0,0,0,1000,1000,1000,1000
2026-10-07T07:26:32.204Z,1791357992204,21501,858,42578,1,DISARMED,15279,21501,21500,false,,false,true,0.08,2.39,-0.06,-0.001,0,-0.001,0,0,0,0.001,0,0.001,0,0,0,1000,1000,1000,1000
2026-10-07T07:26:32.220Z,1791357992220,21521,859,42578,1,DISARMED,15289,21521,21520,false,,false,true,0.08,2.39,-0.06,0.001,0,-0.002,0,0,0,-0.001,0,0.002,0,0,0,1000,1000,1000,1000
2026-10-07T07:26:32.243Z,1791357992243,21541,860,42578,1,DISARMED,15299,21541,21540,false,,false,true,0.08,2.39,-0.06,-0.003,-0.001,-0.001,0,0,0,0.003,0.001,0.001,0,0,0,1000,1000,1000,1000
2026-10-07T07:26:32.268Z,1791357992268,21561,861,42578,1,DISARMED,15309,21561,21560,false,,false,true,0.08,2.39,-0.07,0.001,-0.001,-0.003,0,0,0,-0.001,0.001,0.003,0,0,0,1000,1000,1000,1000
2026-10-07T07:26:32.279Z,1791357992279,21581,862,42578,1,DISARMED,15319,21581,21580,false,,false,true,0.08,2.4,-0.07,-0.001,-0.001,0.001,0,0,0,0.001,0.001,-0.001,0,0,0,1000,1000,1000,1000
2026-10-07T07:26:32.300Z,1791357992300,21601,863,42578,1,DISARMED,15329,21601,21600,false,,false,true,0.08,2.4,-0.06,-0.003,0.003,0.001,0,0,0,0.003,-0.003,-0.001,0,0,0,1000,1000,1000,1000
2026-10-07T07:26:32.322Z,1791357992322,21621,864,42578,1,DISARMED,15339,21621,21620,false,,false,true,0.09,2.4,-0.06,-0.001,0.001,0.002,0,0,0,0.001,-0.001,-0.002,0,0,0,1000,1000,1000,1000
2026-10-07T07:26:32.338Z,1791357992338,21641,865,42578,1,DISARMED,15349,21641,21640,false,,false,true,0.09,2.4,-0.06,0.001,0.001,0,0,0,0,-0.001,-0.001,0,0,0,0,1000,1000,1000,1000
2026-10-07T07:26:32.369Z,1791357992369,21661,866,42578,1,DISARMED,15359,21661,21660,false,,false,true,0.09,2.4,-0.06,0.002,0.001,0.001,0,0,0,-0.002,-0.001,-0.001,0,0,0,1000,1000,1000,1000
2026-10-07T07:26:32.381Z,1791357992381,21681,867,42578,1,DISARMED,15369,21681,21680,false,,false,true,0.09,2.4,-0.07,-0.002,0.003,-0.001,0,0,0,0.002,-0.003,0.001,0,0,0,1000,1000,1000,1000
2026-10-07T07:26:32.403Z,1791357992403,21701,868,42578,1,DISARMED,15379,21701,21700,false,,false,true,0.09,2.41,-0.07,-0.001,-0.001,0.001,0,0,0,0.001,0.001,-0.001,0,0,0,1000,1000,1000,1000
2026-10-07T07:26:32.419Z,1791357992419,21721,869,42578,1,DISARMED,15389,21721,21720,false,,false,true,0.08,2.41,-0.07,0,-0.001,0.002,0,0,0,0,0.001,-0.002,0,0,0,1000,1000,1000,1000
2026-10-07T07:26:32.442Z,1791357992442,21741,870,42578,1,DISARMED,15399,21741,21741,false,,false,true,0.08,2.41,-0.07,-0.003,0.001,-0.001,0,0,0,0.003,-0.001,0.001,0,0,0,1000,1000,1000,1000
2026-10-07T07:26:32.467Z,1791357992467,21762,871,42578,1,DISARMED,15410,21762,21761,false,,false,true,0.08,2.41,-0.07,-0.001,-0.002,-0.001,0,0,0,0.001,0.002,0.001,0,0,0,1000,1000,1000,1000
2026-10-07T07:26:32.482Z,1791357992482,21782,872,42578,1,DISARMED,15420,21782,21781,false,,false,true,0.08,2.4,-0.07,0,-0.002,0,0,0,0,0,0.002,0,0,0,0,1000,1000,1000,1000
2026-10-07T07:26:32.505Z,1791357992505,21802,873,42578,1,DISARMED,15430,21802,21801,false,,false,true,0.08,2.4,-0.07,0.003,0.004,0.001,0,0,0,-0.003,-0.004,-0.001,0,0,0,1000,1000,1000,1000
2026-10-07T07:26:32.520Z,1791357992520,21822,874,42578,1,DISARMED,15440,21822,21821,false,,false,true,0.08,2.4,-0.06,-0.001,0.002,0.001,0,0,0,0.001,-0.002,-0.001,0,0,0,1000,1000,1000,1000
2026-10-07T07:26:32.538Z,1791357992538,21842,875,42578,1,DISARMED,15450,21842,21841,false,,false,true,0.08,2.4,-0.06,0,-0.001,0.002,0,0,0,0,0.001,-0.002,0,0,0,1000,1000,1000,1000
2026-10-07T07:26:32.564Z,1791357992564,21861,876,42578,1,DISARMED,15460,21861,21860,false,,false,true,0.08,2.4,-0.06,-0.003,0.001,0.002,0,0,0,0.003,-0.001,-0.002,0,0,0,1000,1000,1000,1000
2026-10-07T07:26:32.578Z,1791357992578,21881,877,42578,1,DISARMED,15470,21881,21880,false,,false,true,0.08,2.41,-0.06,0.003,0.001,-0.001,0,0,0,-0.003,-0.001,0.001,0,0,0,1000,1000,1000,1000
2026-10-07T07:26:32.598Z,1791357992598,21901,878,42578,1,DISARMED,15480,21901,21900,false,,false,true,0.08,2.41,-0.06,0.002,0.001,0.003,0,0,0,-0.002,-0.001,-0.003,0,0,0,1000,1000,1000,1000
2026-10-07T07:26:32.622Z,1791357992622,21921,879,42578,1,DISARMED,15490,21921,21920,false,,false,true,0.08,2.41,-0.06,0.001,0,-0.002,0,0,0,-0.001,0,0.002,0,0,0,1000,1000,1000,1000
2026-10-07T07:26:32.638Z,1791357992638,21941,880,42578,1,DISARMED,15500,21941,21940,false,,false,true,0.08,2.41,-0.06,0,-0.001,0.002,0,0,0,0,0.001,-0.002,0,0,0,1000,1000,1000,1000
2026-10-07T07:26:32.665Z,1791357992665,21961,881,42578,1,DISARMED,15510,21961,21960,false,,false,true,0.08,2.41,-0.06,0,0.002,0.003,0,0,0,0,-0.002,-0.003,0,0,0,1000,1000,1000,1000
2026-10-07T07:26:32.681Z,1791357992681,21981,882,42578,1,DISARMED,15520,21981,21980,false,,false,true,0.08,2.41,-0.06,-0.001,-0.002,0.001,0,0,0,0.001,0.002,-0.001,0,0,0,1000,1000,1000,1000
2026-10-07T07:26:32.701Z,1791357992701,22001,883,42578,1,DISARMED,15530,22001,22000,false,,false,true,0.08,2.41,-0.06,0.001,0,-0.003,0,0,0,-0.001,0,0.003,0,0,0,1000,1000,1000,1000
2026-10-07T07:26:32.720Z,1791357992720,22021,884,42578,1,DISARMED,15540,22021,22020,false,,false,true,0.08,2.41,-0.06,-0.002,-0.001,-0.001,0,0,0,0.002,0.001,0.001,0,0,0,1000,1000,1000,1000
2026-10-07T07:26:32.740Z,1791357992740,22041,885,42578,1,DISARMED,15550,22041,22040,false,,false,true,0.07,2.4,-0.06,0.001,-0.002,0.001,0,0,0,-0.001,0.002,-0.001,0,0,0,1000,1000,1000,1000
2026-10-07T07:26:32.765Z,1791357992765,22061,886,42578,1,DISARMED,15560,22061,22060,false,,false,true,0.08,2.4,-0.06,-0.001,-0.001,0.001,0,0,0,0.001,0.001,-0.001,0,0,0,1000,1000,1000,1000
2026-10-07T07:26:32.778Z,1791357992778,22081,887,42578,1,DISARMED,15570,22081,22080,false,,false,true,0.08,2.4,-0.06,-0.002,0.001,-0.001,0,0,0,0.002,-0.001,0.001,0,0,0,1000,1000,1000,1000
2026-10-07T07:26:32.798Z,1791357992798,22101,888,42578,1,DISARMED,15580,22101,22100,false,,false,true,0.08,2.4,-0.06,-0.002,-0.001,-0.003,0,0,0,0.002,0.001,0.003,0,0,0,1000,1000,1000,1000
2026-10-07T07:26:32.820Z,1791357992820,22121,889,42578,1,DISARMED,15590,22121,22120,false,,false,true,0.08,2.4,-0.07,0.002,0.001,-0.001,0,0,0,-0.002,-0.001,0.001,0,0,0,1000,1000,1000,1000
2026-10-07T07:26:32.839Z,1791357992839,22141,890,42578,1,DISARMED,15600,22141,22140,false,,false,true,0.08,2.4,-0.07,0.001,0.002,0.001,0,0,0,-0.001,-0.002,-0.001,0,0,0,1000,1000,1000,1000
2026-10-07T07:26:32.864Z,1791357992864,22161,891,42578,1,DISARMED,15610,22161,22160,false,,false,true,0.08,2.4,-0.07,-0.003,-0.001,0.002,0,0,0,0.003,0.001,-0.002,0,0,0,1000,1000,1000,1000
2026-10-07T07:26:32.878Z,1791357992878,22181,892,42578,1,DISARMED,15620,22181,22180,false,,false,true,0.08,2.4,-0.07,0.001,0.005,-0.001,0,0,0,-0.001,-0.005,0.001,0,0,0,1000,1000,1000,1000
2026-10-07T07:26:32.898Z,1791357992898,22201,893,42578,1,DISARMED,15630,22201,22200,false,,false,true,0.08,2.4,-0.07,-0.002,0.001,-0.004,0,0,0,0.002,-0.001,0.004,0,0,0,1000,1000,1000,1000
2026-10-07T07:26:32.920Z,1791357992920,22221,894,42578,1,DISARMED,15640,22221,22220,false,,false,true,0.08,2.4,-0.07,0.001,0.001,0.001,0,0,0,-0.001,-0.001,-0.001,0,0,0,1000,1000,1000,1000
2026-10-07T07:26:32.938Z,1791357992938,22241,895,42578,2,ARMED,15654,22241,22240,false,,false,true,0.08,2.4,-0.07,-0.003,0.003,-0.003,0,0,0,0.003,-0.003,0.003,0,0,0,1000,1000,1000,1000
2026-10-07T07:26:32.969Z,1791357992969,22261,896,42578,2,ARMED,15673,22261,22260,false,,false,true,0.08,2.4,-0.07,-0.001,0.001,0.001,0,0,0,0.001,-0.001,-0.001,0,0,0,1000,1000,1000,1000
2026-10-07T07:26:32.981Z,1791357992981,22281,897,42578,2,ARMED,15690,22281,22280,false,,false,true,0.08,2.4,-0.07,-0.005,0.001,0.001,0,0,0,0.005,-0.001,-0.001,0,0,0,1000,1000,1000,1000
2026-10-07T07:26:32.999Z,1791357992999,22301,898,42578,2,ARMED,15708,22301,22300,false,,false,true,0.08,2.4,-0.07,0.001,0,0.001,0,0,0,-0.001,0,-0.001,0,0,0,1000,1000,1000,1000
2026-10-07T07:26:33.022Z,1791357993022,22321,899,42578,2,ARMED,15726,22321,22320,false,,false,true,0.07,2.39,-0.07,0.001,-0.002,-0.001,0,0,0,-0.001,0.002,0.001,0,0,0,1000,1000,1000,1000
2026-10-07T07:26:33.038Z,1791357993038,22341,900,42578,2,ARMED,15743,22341,22340,false,,false,true,0.08,2.39,-0.07,-0.001,0.001,-0.002,0,0,0,0.001,-0.001,0.002,0,0,0,1000,1000,1000,1000
2026-10-07T07:26:33.069Z,1791357993069,22361,901,42578,2,ARMED,15762,22361,22360,false,,false,true,0.07,2.39,-0.07,-0.002,0.002,0,0,0,0,0.002,-0.002,0,0,0,0,1000,1000,1000,1000
2026-10-07T07:26:33.080Z,1791357993080,22381,902,42578,2,ARMED,15779,22381,22380,false,,false,true,0.07,2.39,-0.07,0.001,-0.001,0,0,0,0,-0.001,0.001,0,0,0,0,1000,1000,1000,1000
2026-10-07T07:26:33.099Z,1791357993099,22401,903,42578,2,ARMED,15797,22401,22400,false,,false,true,0.07,2.38,-0.07,0,-0.001,-0.001,0,0,0,0,0.001,0.001,0,0,0,1000,1000,1000,1000
2026-10-07T07:26:33.117Z,1791357993117,22421,904,42578,2,ARMED,15815,22421,22420,false,,false,true,0.07,2.39,-0.07,0,0.002,-0.001,0,0,0,0,-0.002,0.001,0,0,0,1000,1000,1000,1000
2026-10-07T07:26:33.146Z,1791357993146,22443,905,42578,2,ARMED,15834,22443,22442,false,,false,true,0.06,2.38,-0.07,-0.002,-0.002,0.001,0,0,0,0.002,0.002,-0.001,0,0,0,1000,1000,1000,1000
2026-10-07T07:26:33.171Z,1791357993171,22462,906,42578,2,ARMED,15853,22462,22460,false,,false,true,0.07,2.39,-0.07,0.001,0.003,-0.003,0,0,0,-0.001,-0.003,0.003,0,0,0,1000,1000,1000,1000
2026-10-07T07:26:33.181Z,1791357993181,22482,907,42578,2,ARMED,15870,22482,22480,false,,false,true,0.07,2.38,-0.07,0,0,-0.002,0,0,0,0,0,0.002,0,0,0,1000,1000,1000,1000
2026-10-07T07:26:33.201Z,1791357993201,22502,908,42578,2,ARMED,15888,22502,22500,false,,false,true,0.07,2.39,-0.07,-0.002,0.001,-0.003,0,0,0,0.002,-0.001,0.003,0,0,0,1000,1000,1000,1000
2026-10-07T07:26:33.222Z,1791357993222,22522,909,42578,2,ARMED,15906,22522,22521,false,,false,true,0.07,2.39,-0.07,0.001,0.002,0.004,0,0,0,-0.001,-0.002,-0.004,0,0,0,1000,1000,1000,1000
2026-10-07T07:26:33.240Z,1791357993240,22542,910,42578,2,ARMED,15923,22542,22540,false,,false,true,0.07,2.39,-0.07,-0.001,0.001,-0.001,0,0,0,0.001,-0.001,0.001,0,0,0,1000,1000,1000,1000
2026-10-07T07:26:33.268Z,1791357993268,22562,911,42578,2,ARMED,15942,22562,22560,false,,false,true,0.07,2.39,-0.07,0.003,0.001,-0.003,0,0,0,-0.003,-0.001,0.003,0,0,0,1000,1000,1000,1000
2026-10-07T07:26:33.281Z,1791357993281,22582,912,42578,2,ARMED,15959,22582,22580,false,,false,true,0.07,2.39,-0.07,0.002,0.001,0,0,0,0,-0.002,-0.001,0,0,0,0,1000,1000,1000,1000
2026-10-07T07:26:33.300Z,1791357993300,22602,913,42578,2,ARMED,15977,22602,22600,false,,false,true,0.07,2.38,-0.08,-0.001,0.001,-0.002,0,0,0,0.001,-0.001,0.002,0,0,0,1000,1000,1000,1000
2026-10-07T07:26:33.320Z,1791357993320,22621,914,42578,2,ARMED,15994,22621,22622,true,1,true,true,0.07,2.39,-0.08,-0.001,0,0,-0.005,-0.167,0,-0.004,-0.167,0,-0.24,-7.47,0,1222,1237,1222,1237
2026-10-07T07:26:33.338Z,1791357993338,22642,915,42578,2,ARMED,16012,22642,22642,true,0,true,true,0.07,2.38,-0.08,-0.002,0.001,0.002,-0.005,-0.166,0,-0.003,-0.167,-0.002,-0.15,-7.69,-0.06,1222,1237,1222,1238
2026-10-07T07:26:33.366Z,1791357993366,22661,916,42578,2,ARMED,16030,22661,22662,true,1,true,true,0.07,2.38,-0.08,0,-0.002,-0.001,-0.005,-0.166,0,-0.005,-0.164,0.001,-0.29,-7.42,0.02,1222,1237,1222,1237
2026-10-07T07:26:33.380Z,1791357993380,22681,917,42578,2,ARMED,16047,22681,22682,true,1,true,true,0.07,2.38,-0.07,-0.004,0.003,-0.002,-0.005,-0.166,0,-0.001,-0.169,0.002,0.23,-8.07,0.06,1222,1238,1221,1237
2026-10-07T07:26:33.400Z,1791357993400,22702,918,42578,2,ARMED,16066,22702,22703,true,1,true,true,0.07,2.38,-0.07,-0.002,-0.001,0,-0.005,-0.166,0,-0.003,-0.165,0,-0.09,-7.75,0,1222,1237,1222,1237
2026-10-07T07:26:33.420Z,1791357993420,22722,919,42578,2,ARMED,16084,22722,22723,true,1,true,true,0.07,2.38,-0.08,0.001,-0.001,-0.013,-0.005,-0.166,0,-0.006,-0.165,0.013,-0.33,-7.66,0.47,1221,1237,1223,1237
2026-10-07T07:26:33.438Z,1791357993438,22742,920,42578,2,ARMED,16101,22742,22743,true,1,true,true,0.07,2.38,-0.08,-0.006,-0.007,0.019,-0.005,-0.166,0,0.001,-0.159,-0.019,0.43,-7.26,-0.65,1223,1237,1221,1237
2026-10-07T07:26:33.471Z,1791357993471,22761,921,42578,2,ARMED,16119,22761,22762,true,1,true,true,0.07,2.39,-0.06,0.004,-0.011,-0.021,-0.005,-0.167,0,-0.009000000000000001,-0.156,0.021,-0.95,-6.38,0.72,1222,1236,1225,1236
2026-10-07T07:26:33.485Z,1791357993485,22781,922,42578,2,ARMED,16136,22781,22782,true,1,true,true,0.07,2.38,-0.08,-0.007,-0.004,0.019,-0.005,-0.166,0,0.002,-0.162,-0.019,0.57,-7.76,-0.67,1223,1237,1221,1237
2026-10-07T07:26:33.501Z,1791357993501,22801,923,42578,2,ARMED,16154,22801,22802,true,1,true,true,0.08,2.39,-0.06,-0.007,0.008,-0.007,-0.005,-0.167,0,0.002,-0.17500000000000002,0.007,0.19,-7.87,0.26,1222,1238,1222,1237
2026-10-07T07:26:33.519Z,1791357993519,22821,924,42578,2,ARMED,16172,22821,22822,true,1,true,true,0.07,2.37,-0.08,-0.004,0.023,-0.005,-0.005,-0.165,0,-0.001,-0.188,0.005,0.35,-11.31,0.17,1218,1241,1218,1240
2026-10-07T07:26:33.546Z,1791357993546,22842,925,42578,2,ARMED,16190,22842,22843,true,1,true,true,0.08,2.39,-0.06,-0.005,0.005,0.006,-0.006,-0.167,0,-0.001,-0.17200000000000001,-0.006,0.28,-8.58,-0.21,1222,1238,1221,1238
2026-10-07T07:26:33.564Z,1791357993564,22861,926,42578,2,ARMED,16208,22861,22862,true,1,true,true,0.07,2.39,-0.08,-0.003,-0.012,-0.011,-0.005,-0.167,0,-0.002,-0.155,0.011,-0.02,-7.38,0.37,1222,1237,1223,1237
2026-10-07T07:26:33.580Z,1791357993580,22881,927,42578,2,ARMED,16225,22881,22882,true,1,true,true,0.07,2.38,-0.07,0.005,0.011,0.009,-0.005,-0.166,0,-0.01,-0.17700000000000002,-0.009,-0.9,-9.17,-0.32,1220,1238,1221,1240
2026-10-07T07:26:33.604Z,1791357993604,22902,928,42578,2,ARMED,16244,22902,22903,true,1,true,true,0.07,2.38,-0.07,0.005,-0.003,-0.008,-0.005,-0.166,0,-0.01,-0.163,0.008,-0.87,-8.68,0.28,1220,1238,1222,1239
2026-10-07T07:26:33.619Z,1791357993619,22921,929,42578,2,ARMED,16261,22921,22922,true,1,true,true,0.07,2.38,-0.07,0.003,0.003,0.008,-0.005,-0.166,0,-0.008,-0.169,-0.008,-0.67,-8.78,-0.28,1220,1237,1221,1239
2026-10-07T07:26:33.641Z,1791357993641,22942,930,42578,2,ARMED,16279,22942,22943,true,1,true,true,0.08,2.39,-0.08,0,-0.011,-0.015,-0.005,-0.167,0,-0.005,-0.156,0.015,-0.07,-7.72,0.54,1221,1238,1222,1237
2026-10-07T07:26:33.667Z,1791357993667,22961,931,42578,2,ARMED,16297,22961,22962,true,1,true,true,0.06,2.39,-0.08,0.002,0.001,0.009,-0.004,-0.167,0,-0.006,-0.168,-0.009,-0.6,-8.63,-0.3,1221,1237,1221,1239
2026-10-07T07:26:33.677Z,1791357993677,22981,932,42578,2,ARMED,16314,22981,22982,true,1,true,true,0.07,2.39,-0.07,-0.003,-0.003,-0.008,-0.005,-0.167,0,-0.002,-0.164,0.008,0.04,-8.47,0.28,1221,1238,1221,1238
2026-10-07T07:26:33.701Z,1791357993701,23002,933,42578,2,ARMED,16333,23002,23003,true,1,true,true,0.07,2.38,-0.07,-0.005,0.007,0.009,-0.005,-0.166,0,0,-0.17300000000000001,-0.009,0.22,-9.45,-0.3,1221,1239,1220,1239
2026-10-07T07:26:33.720Z,1791357993720,23021,934,42578,2,ARMED,16350,23021,23022,true,1,true,true,0.08,2.39,-0.07,0.004,0,-0.009,-0.006,-0.167,0,-0.01,-0.167,0.009,-0.59,-8.91,0.32,1220,1238,1222,1239
2026-10-07T07:26:33.739Z,1791357993739,23042,935,42578,2,ARMED,16368,23042,23043,true,1,true,true,0.08,2.38,-0.07,-0.009,-0.007,0.035,-0.006,-0.166,0,0.002999999999999999,-0.159,-0.035,0.81,-7.85,-1.21,1224,1237,1220,1238
2026-10-07T07:26:33.767Z,1791357993767,23061,936,42578,2,ARMED,16386,23061,23062,true,1,true,true,0.05,2.41,-0.05,-0.011,-0.026,0.004,-0.004,-0.168,0,0.006999999999999999,-0.14200000000000002,-0.004,0.7,-5.85,-0.15,1225,1236,1223,1235
2026-10-07T07:26:33.780Z,1791357993780,23081,937,42578,2,ARMED,16403,23081,23082,true,1,true,true,0.11,2.35,-0.05,0.028,0.005,0.007,-0.008,-0.164,0,-0.036000000000000004,-0.169,-0.007,-3.34,-9.98,-0.25,1217,1236,1223,1243
2026-10-07T07:26:33.799Z,1791357993799,23101,938,42578,2,ARMED,16421,23101,23102,true,1,true,true,0.03,2.45,-0.05,-0.035,-0.007,0.012,-0.002,-0.171,0,0.033,-0.164,-0.012,3.85,-7.39,-0.43,1226,1240,1218,1234
2026-10-07T07:26:33.820Z,1791357993820,23121,939,42578,2,ARMED,16439,23121,23122,true,1,true,true,0.12,2.3,-0.06,0.029,0.027,-0.003,-0.008,-0.161,0,-0.037000000000000005,-0.188,0.003,-3.26,-13.57,0.09,1218,1246,1225,1252
2026-10-07T07:26:33.837Z,1791357993837,23141,940,42578,2,ARMED,16457,23141,23142,true,1,true,true,-0.08,2.46,-0.04,-0.022,-0.062,-0.009,0.005,-0.172,0,0.027,-0.10999999999999999,0.009,1.81,-2.03,0.29,1235,1240,1232,1235
2026-10-07T07:26:33.869Z,1791357993869,23161,941,42578,2,ARMED,16476,23161,23162,true,1,true,true,0.17,2.4,-0.04,-0.015,0.156,0.01,-0.012,-0.167,0,0.002999999999999999,-0.323,-0.01,1.92,-23.25,-0.34,1214,1260,1210,1257
2026-10-07T07:26:33.880Z,1791357993880,23181,942,42578,2,ARMED,16493,23181,23182,true,1,true,true,0.04,2.29,-0.04,-0.012,-0.035,-0.037,-0.003,-0.16,0,0.009000000000000001,-0.125,0.037,1.74,-11.68,1.3,1224,1250,1223,1244
2026-10-07T07:26:33.900Z,1791357993900,23201,943,42578,2,ARMED,16511,23201,23202,true,1,true,true,-0.08,2.53,-0.03,-0.01,-0.22,0.003,0.006,-0.177,0,0.016,0.04300000000000001,-0.003,0.13,15.19,-0.1,1251,1220,1250,1220
2026-10-07T07:26:33.918Z,1791357993918,23222,944,42578,2,ARMED,16530,23222,23223,true,1,true,true,0.07,2.56,-0.03,-0.02,0.127,-0.011,-0.005,-0.179,0,0.015,-0.306,0.011,1.32,-14.23,0.36,1222,1251,1220,1248
2026-10-07T07:26:33.937Z,1791357993937,23242,945,42578,2,ARMED,16547,23242,23243,true,1,true,true,0.17,2.26,-0.03,-0.055,0.316,0.027,-0.012,-0.158,0,0.043,-0.474,-0.027,5.71,-44.69,-0.96,1197,1285,1184,1275
2026-10-07T07:26:33.967Z,1791357993967,23261,946,42578,2,ARMED,16565,23261,23262,true,1,true,true,0.01,2.4,-0.03,0.059,-0.268,-0.028,-0.001,-0.168,0,-0.06,0.1,0.028,-5.77,8.73,0.98,1237,1222,1251,1231
2026-10-07T07:26:33.990Z,1791357993990,23281,947,42578,2,ARMED,16582,23281,23282,true,1,true,true,-0.1,2.69,-0.03,0.064,-0.359,0.061,0.007,-0.187,0,-0.057,0.172,-0.061,-8.25,36.6,-2.13,1266,1188,1278,1209
2026-10-07T07:26:33.998Z,1791357993998,23302,948,42578,2,ARMED,16601,23302,23303,true,1,true,true,-0.01,2.51,-0.01,-0.03,0.306,-0.016,0.001,-0.175,0,0.031,-0.481,0.016,1.06,-32.17,0.57,1204,1269,1203,1266
2026-10-07T07:26:34.022Z,1791357994022,23321,949,42578,2,ARMED,16618,23321,23322,true,1,true,true,0.14,2.24,0.03,-0.079,0.304,0.021,-0.01,-0.156,0,0.069,-0.45999999999999996,-0.021,10.4,-47.97,-0.74,1199,1293,1176,1274
2026-10-07T07:26:34.038Z,1791357994038,23342,950,42578,2,ARMED,16636,23342,23342,true,0,true,true,0.08,2.36,0.05,0.033,-0.169,-0.016,-0.006,-0.165,0,-0.039,0.0040000000000000036,0.016,-3.72,-1.55,0.54,1230,1234,1238,1240
2026-10-07T07:26:34.065Z,1791357994065,23361,951,42578,2,ARMED,16654,23361,23362,true,1,true,true,-0.11,2.58,0.04,0.146,-0.453,0.12,0.008,-0.18,0,-0.13799999999999998,0.273,-0.12,-15,40.24,-4.23,1265,1176,1286,1214
2026-10-07T07:26:34.078Z,1791357994078,23381,952,42578,2,ARMED,16671,23381,23382,true,1,true,true,-0.15,2.59,0.04,0.003,0.07,0.048,0.01,-0.181,0,0.007,-0.251,-0.048,-2.3,-8.97,-1.72,1226,1240,1227,1248
2026-10-07T07:26:34.104Z,1791357994104,23402,953,42578,2,ARMED,16690,23402,23403,true,1,true,true,-0.03,2.47,0.06,-0.078,0.244,0.006,0.002,-0.172,0,0.08,-0.416,-0.006,6.38,-32.9,-0.23,1209,1274,1196,1262
2026-10-07T07:26:34.119Z,1791357994119,23422,954,42578,2,ARMED,16708,23422,23423,true,1,true,true,0.07,2.4,0.11,-0.027,0.172,-0.032,-0.005,-0.168,0,0.022,-0.33999999999999997,0.032,2.39,-33.14,1.1,1204,1272,1201,1265
2026-10-07T07:26:34.144Z,1791357994144,23442,955,42578,2,ARMED,16725,23442,23443,true,1,true,true,0.11,2.47,0.12,-0.13,0.04,0.002,-0.007,-0.173,0,0.123,-0.213,-0.002,14.94,-20.02,-0.09,1230,1270,1200,1241
2026-10-07T07:26:34.164Z,1791357994164,23461,956,42578,2,ARMED,16743,23461,23462,true,1,true,true,0.04,2.54,0.1,0.082,-0.132,0.097,-0.003,-0.177,0,-0.085,-0.044999999999999984,-0.097,-8.29,3.86,-3.44,1234,1220,1244,1243
2026-10-07T07:26:34.181Z,1791357994181,23481,957,42578,2,ARMED,16760,23481,23482,true,1,true,true,0.11,2.49,0.11,-0.106,-0.003,-0.014,-0.007,-0.174,0,0.09899999999999999,-0.17099999999999999,0.014,10.5,-10.44,0.47,1235,1257,1215,1235
2026-10-07T07:26:34.198Z,1791357994198,23502,958,42578,2,ARMED,16779,23502,23503,true,1,true,true,0.13,2.48,0.13,-0.051,-0.07,-0.032,-0.009,-0.173,0,0.041999999999999996,-0.10299999999999998,0.032,6.46,-2.97,1.1,1238,1246,1227,1231
2026-10-07T07:26:34.218Z,1791357994218,23521,959,42578,2,ARMED,16796,23521,23522,true,1,true,true,0.04,2.52,0.18,-0.026,-0.002,-0.012,-0.003,-0.176,0,0.023,-0.174,0.012,2.47,-8.5,0.37,1229,1247,1225,1241
2026-10-07T07:26:34.237Z,1791357994237,23541,960,42578,2,ARMED,16814,23541,23542,true,1,true,true,-0.02,2.55,0.18,0.009,0.085,0.026,0.001,-0.178,0,-0.008,-0.263,-0.026,-2.09,-16.04,-0.96,1218,1248,1220,1254
2026-10-07T07:26:34.269Z,1791357994269,23561,961,42578,2,ARMED,16833,23561,23562,true,1,true,true,0.09,2.39,0.17,-0.038,0.202,0.097,-0.006,-0.167,0,0.032,-0.369,-0.097,3.76,-32.84,-3.43,1210,1269,1195,1268
2026-10-07T07:26:34.281Z,1791357994281,23581,962,42578,2,ARMED,16850,23581,23582,true,1,true,true,0.06,2.43,0.14,0.033,0.032,-0.043,-0.004,-0.17,0,-0.037000000000000005,-0.202,0.043,-2.42,-20.63,1.45,1211,1255,1219,1257
2026-10-07T07:26:34.298Z,1791357994298,23601,963,42578,2,ARMED,16868,23601,23602,true,1,true,true,-0.03,2.57,0.16,0.004,-0.322,-0.021,0.002,-0.179,0,-0.002,0.14300000000000002,0.021,1.72,17.71,0.69,1254,1220,1252,1215
2026-10-07T07:26:34.319Z,1791357994319,23621,964,42578,2,ARMED,16885,23621,23622,true,1,true,true,-0.17,2.68,0.16,0.099,-0.321,0.052,0.012,-0.187,0,-0.08700000000000001,0.134,-0.052,-11.72,30.3,-1.87,1262,1197,1281,1224
2026-10-07T07:26:34.338Z,1791357994338,23642,965,42578,2,ARMED,16902,23642,23643,true,1,true,true,-0.1,2.69,0.17,0.002,0.155,-0.005,0.007,-0.188,0,0.005,-0.34299999999999997,0.005,-3.54,-17.23,0.14,1226,1261,1233,1268
2026-10-07T07:26:34.365Z,1791357994365,23661,966,42578,2,ARMED,16920,23661,23662,true,1,true,true,0.08,2.43,0.16,-0.127,0.418,-0.013,-0.006,-0.17,0,0.121,-0.588,0.013,15.35,-57.57,0.41,1204,1320,1174,1289
2026-10-07T07:26:34.378Z,1791357994378,23681,967,42578,2,ARMED,16936,23681,23682,true,1,true,true,0.04,2.48,0.17,0.088,-0.03,-0.029,-0.003,-0.173,0,-0.091,-0.143,0.029,-7.12,-17.12,0.98,1227,1264,1244,1276
2026-10-07T07:26:34.399Z,1791357994399,23702,968,42578,2,ARMED,16954,23702,23703,true,1,true,true,-0.05,2.67,0.18,0.097,-0.275,-0.02,0.003,-0.187,0,-0.094,0.08800000000000002,0.02,-7.43,10.56,0.64,1261,1241,1277,1255
2026-10-07T07:26:34.419Z,1791357994419,23721,969,42578,2,ARMED,16971,23721,23722,true,1,true,true,-0.2,2.76,0.18,0.118,-0.128,0.095,0.014,-0.193,0,-0.104,-0.065,-0.095,-14.59,6.08,-3.36,1253,1234,1276,1270
2026-10-07T07:26:34.442Z,1791357994442,23742,970,42578,2,ARMED,16989,23742,23743,true,1,true,true,-0.2,2.71,0.19,0.024,0.049,0.036,0.014,-0.189,0,-0.01,-0.238,-0.036,-6.12,-13.3,-1.3,1246,1270,1256,1285
2026-10-07T07:26:34.467Z,1791357994467,23761,971,42578,2,ARMED,17006,23761,23762,true,1,true,true,-0.02,2.66,0.19,-0.157,0.152,0.003,0.002,-0.185,0,0.159,-0.33699999999999997,-0.003,15.87,-27.93,-0.14,1258,1314,1226,1282
2026-10-07T07:26:34.478Z,1791357994478,23781,972,42578,2,ARMED,17023,23781,23782,true,1,true,true,0.07,2.73,0.27,-0.092,0.039,-0.064,-0.005,-0.19,0,0.087,-0.229,0.064,9.65,-17.38,2.19,1260,1299,1245,1275
2026-10-07T07:26:34.502Z,1791357994502,23802,973,42578,2,ARMED,17041,23802,23803,true,1,true,true,0.15,2.74,0.31,-0.171,0.093,-0.06,-0.011,-0.191,0,0.16,-0.28400000000000003,0.06,20.36,-24.78,2.04,1269,1323,1233,1278
2026-10-07T07:26:34.526Z,1791357994526,23822,974,42578,2,ARMED,17059,23822,23823,true,1,true,true,0.14,2.71,0.35,0.037,-0.064,0.006,-0.01,-0.189,0,-0.047,-0.125,-0.006,-3.65,-6.89,-0.28,1271,1284,1278,1292
2026-10-07T07:26:34.537Z,1791357994537,23842,975,42578,2,ARMED,17076,23842,23843,true,1,true,true,0.13,2.71,0.37,-0.054,0.013,0.042,-0.009,-0.189,0,0.045,-0.202,-0.042,5.34,-12.6,-1.55,1276,1298,1262,1290
2026-10-07T07:26:34.563Z,1791357994563,23861,976,42578,2,ARMED,17094,23861,23862,true,1,true,true,0.14,2.7,0.38,0.007,0.075,0.096,-0.01,-0.189,0,-0.017,-0.264,-0.096,-0.89,-19.69,-3.45,1270,1303,1265,1311
2026-10-07T07:26:34.582Z,1791357994582,23881,977,42578,2,ARMED,17111,23881,23882,true,1,true,true,0.16,2.63,0.37,-0.024,0.084,0.065,-0.011,-0.184,0,0.013000000000000001,-0.268,-0.065,3.43,-25.22,-2.35,1274,1319,1262,1317
2026-10-07T07:26:34.597Z,1791357994597,23901,978,42578,2,ARMED,17129,23901,23902,true,1,true,true,0.15,2.64,0.36,0.032,-0.053,-0.019,-0.01,-0.184,0,-0.042,-0.131,0.019,-2.13,-10.7,0.6,1280,1302,1285,1305
2026-10-07T07:26:34.618Z,1791357994618,23921,979,42578,2,ARMED,17146,23921,23922,true,1,true,true,0.07,2.75,0.37,0.046,-0.028,-0.039,-0.005,-0.192,0,-0.051,-0.164,0.039,-1.98,-16.24,1.28,1279,1314,1286,1316
2026-10-07T07:26:34.637Z,1791357994637,23942,980,42578,2,ARMED,17163,23942,23942,true,0,true,true,0.11,2.85,0.4,0.204,-0.212,-0.059,-0.008,-0.199,0,-0.212,0.012999999999999984,0.059,-18.71,4.9,1.97,1289,1283,1330,1316
2026-10-07T07:26:34.665Z,1791357994665,23961,981,42578,2,ARMED,17181,23961,23962,true,1,true,true,0.09,2.79,0.39,0.214,-0.303,-0.048,-0.006,-0.195,0,-0.22,0.10799999999999998,0.048,-21.52,15.07,1.6,1296,1270,1343,1309
2026-10-07T07:26:34.680Z,1791357994680,23981,982,42578,2,ARMED,17197,23981,23982,true,1,true,true,-0.04,2.84,0.41,0.177,-0.292,0.046,0.003,-0.198,0,-0.174,0.09399999999999997,-0.046,-18.82,18.52,-1.71,1312,1271,1346,1312
2026-10-07T07:26:34.701Z,1791357994701,24002,983,42578,2,ARMED,17215,24002,24003,true,1,true,true,-0.1,2.82,0.45,0.22,-0.165,-0.018,0.007,-0.197,0,-0.213,-0.032,0.018,-21.68,3.02,0.52,1297,1292,1341,1334
2026-10-07T07:26:34.718Z,1791357994718,24022,984,42578,2,ARMED,17233,24022,24023,true,1,true,true,-0.11,2.88,0.48,0.198,-0.128,0.025,0.008,-0.201,0,-0.19,-0.07300000000000001,-0.025,-20.34,-2.06,-0.97,1295,1297,1333,1339
2026-10-07T07:26:34.740Z,1791357994740,24042,985,42578,2,ARMED,17249,24042,24042,true,0,true,true,-0.15,2.87,0.52,0.128,-0.173,0.093,0.011,-0.2,0,-0.117,-0.027000000000000024,-0.093,-14.7,4.61,-3.36,1315,1299,1338,1335
2026-10-07T07:26:34.769Z,1791357994769,24061,986,42578,2,ARMED,17266,24061,24062,true,1,true,true,-0.18,2.78,0.6,0.193,-0.093,0.093,0.012,-0.194,0,-0.181,-0.101,-0.093,-21.84,-4.39,-3.36,1305,1307,1342,1357
2026-10-07T07:26:34.780Z,1791357994780,24081,987,42578,2,ARMED,17283,24081,24082,true,1,true,true,-0.13,2.73,0.67,0.129,-0.011,0.142,0.009,-0.191,0,-0.12000000000000001,-0.18,-0.142,-16.02,-11.37,-5.08,1305,1318,1327,1360
2026-10-07T07:26:34.806Z,1791357994806,24102,988,42578,2,ARMED,17301,24102,24103,true,1,true,true,-0.06,2.66,0.76,0.104,0.076,0.147,0.004,-0.186,0,-0.09999999999999999,-0.262,-0.147,-11.66,-21.51,-5.28,1305,1338,1318,1372
2026-10-07T07:26:34.818Z,1791357994818,24121,989,42578,2,ARMED,17317,24121,24122,true,1,true,true,-0.04,2.65,0.83,0.114,0.067,0.21,0.002,-0.185,0,-0.112,-0.252,-0.21,-13.19,-21.17,-7.5,1312,1340,1324,1381
2026-10-07T07:26:34.838Z,1791357994838,24142,990,42578,2,ARMED,17335,24142,24143,true,1,true,true,0.01,2.65,0.91,0.058,0.083,0.218,-0.001,-0.185,0,-0.059000000000000004,-0.268,-0.218,-7.13,-19.31,-7.79,1320,1343,1319,1373
2026-10-07T07:26:34.865Z,1791357994865,24161,991,42578,2,ARMED,17352,24161,24162,true,1,true,true,0.12,2.6,0.96,0.022,0.121,0.165,-0.009,-0.182,0,-0.031,-0.303,-0.165,-4.38,-23.99,-5.95,1322,1359,1319,1379
2026-10-07T07:26:34.878Z,1791357994878,24181,992,42578,2,ARMED,17368,24181,24182,true,1,true,true,0.12,2.63,1.01,-0.142,0.072,0.013,-0.009,-0.184,0,0.13299999999999998,-0.256,-0.013,13.63,-18.71,-0.65,1346,1382,1318,1356
2026-10-07T07:26:34.904Z,1791357994904,24201,993,42578,2,ARMED,17386,24201,24202,true,1,true,true,0.13,2.61,1.04,-0.262,-0.001,0.027,-0.009,-0.182,0,0.253,-0.181,-0.027,26.22,-11.86,-1.14,1366,1388,1311,1337
2026-10-07T07:26:34.920Z,1791357994920,24221,994,42578,2,ARMED,17404,24221,24222,true,1,true,true,0.01,2.6,1.08,-0.137,-0.204,-0.004,-0.001,-0.181,0,0.136,0.022999999999999993,0.004,10.52,10.64,-0.07,1372,1350,1351,1330
2026-10-07T07:26:34.940Z,1791357994940,24242,995,42578,2,ARMED,17422,24242,24243,true,1,true,true,0.02,2.54,1.14,0.105,-0.267,0.018,-0.001,-0.178,0,-0.106,0.08900000000000002,-0.018,-16.8,13.86,-0.82,1348,1319,1380,1354
2026-10-07T07:26:34.968Z,1791357994968,24261,996,42578,2,ARMED,17440,24261,24262,true,1,true,true,0.01,2.45,1.28,0.146,-0.212,0.114,-0.001,-0.171,0,-0.147,0.04099999999999998,-0.114,-21.94,8.13,-4.24,1341,1316,1376,1369
2026-10-07T07:26:34.984Z,1791357994984,24281,997,42578,2,ARMED,17457,24281,24282,true,1,true,true,0,2.42,1.35,0.22,-0.036,0.069,0,-0.169,0,-0.22,-0.133,-0.069,-27.25,-13.76,-2.65,1312,1334,1361,1394
2026-10-07T07:26:34.998Z,1791357994998,24302,998,42578,2,ARMED,17476,24302,24303,true,1,true,true,0.11,2.36,1.48,0.217,0.293,-0.07,-0.007,-0.165,0,-0.224,-0.45799999999999996,0.07,-18.5,-48.18,2.19,1282,1382,1323,1415
2026-10-07T07:26:35.020Z,1791357995020,24321,999,42578,2,ARMED,17493,24321,24322,true,1,true,true,0.11,2.33,1.63,-0.047,0.223,0.058,-0.008,-0.163,0,0.039,-0.386,-0.058,11.31,-39.21,-2.32,1325,1399,1298,1381
2026-10-07T07:26:35.037Z,1791357995037,24342,1000,42578,2,ARMED,17511,24342,24343,true,1,true,true,0.01,2.47,1.73,-0.27,0.369,-0.165,-0.001,-0.172,0,0.269,-0.5409999999999999,0.165,33.14,-50.26,5.46,1328,1439,1273,1362
2026-10-07T07:26:35.066Z,1791357995066,24361,1001,42578,2,ARMED,17529,24361,24362,true,1,true,true,-0.04,2.49,1.7,-0.246,0.03,0.046,0.003,-0.174,0,0.249,-0.204,-0.046,30.35,-13.98,-1.93,1369,1393,1304,1336
2026-10-07T07:26:35.078Z,1791357995078,24381,1002,42578,2,ARMED,17546,24381,24382,true,1,true,true,-0.1,2.44,1.72,-0.286,0.269,0.014,0.007,-0.17,0,0.293,-0.43900000000000006,-0.014,31.53,-31.22,-0.8,1352,1413,1287,1351
2026-10-07T07:26:35.102Z,1791357995102,24401,1003,42578,2,ARMED,17564,24401,24402,true,1,true,true,-0.12,2.33,1.78,-0.046,-0.283,0.077,0.009,-0.162,0,0.055,0.12099999999999997,-0.077,-0.51,10.63,-3,1364,1336,1359,1343
2026-10-07T07:26:35.117Z,1791357995117,24421,1004,42578,2,ARMED,17582,24421,24422,true,1,true,true,-0.09,2.28,1.87,0.066,-0.042,0.099,0.007,-0.159,0,-0.059000000000000004,-0.11699999999999999,-0.099,-4.91,-1.95,-3.8,1348,1344,1350,1361
2026-10-07T07:26:35.140Z,1791357995140,24441,1005,42578,2,ARMED,17600,24441,24442,true,1,true,true,-0.11,2.25,1.9,-0.247,-0.137,0.133,0.007,-0.157,0,0.254,-0.01999999999999999,-0.133,21.4,0.04,-5,1377,1367,1324,1334
2026-10-07T07:26:35.168Z,1791357995168,24461,1006,42578,2,ARMED,17619,24461,24462,true,1,true,true,-0.06,2.3,2.02,-0.213,-0.037,0.122,0.004,-0.16,0,0.217,-0.123,-0.122,19.11,-10.34,-4.65,1364,1375,1317,1346
2026-10-07T07:26:35.177Z,1791357995177,24481,1007,42578,2,ARMED,17636,24481,24482,true,1,true,true,-0.05,2.35,2.15,-0.089,0.012,0.043,0.004,-0.164,0,0.093,-0.17600000000000002,-0.043,3.64,-10.97,-1.88,1345,1363,1334,1360
2026-10-07T07:26:35.202Z,1791357995202,24501,1008,42578,2,ARMED,17654,24501,24502,true,1,true,true,-0.07,2.39,2.34,0.227,-0.135,-0.001,0.005,-0.167,0,-0.222,-0.032,0.001,-33.56,5.2,-0.4,1323,1311,1389,1379
2026-10-07T07:26:35.218Z,1791357995218,24521,1009,42578,2,ARMED,17672,24521,24522,true,1,true,true,-0.01,2.4,2.54,0.145,-0.031,0.13,0.001,-0.168,0,-0.144,-0.137,-0.13,-14.5,-7.88,-5,1333,1339,1352,1378
2026-10-07T07:26:35.240Z,1791357995240,24541,1010,42578,2,ARMED,17690,24541,24542,true,1,true,true,-0.01,2.46,2.68,-0.019,-0.319,0.007,0,-0.172,0,0.019,0.14700000000000002,-0.007,3.81,15.35,-0.72,1370,1338,1361,1332
2026-10-07T07:26:35.265Z,1791357995265,24561,1011,42578,2,ARMED,17708,24561,24562,true,1,true,true,0.05,2.35,2.85,0.077,-0.044,-0.046,-0.003,-0.164,0,-0.08,-0.12000000000000001,0.046,-7.95,-14.9,1.09,1327,1359,1345,1372
2026-10-07T07:26:35.290Z,1791357995290,24581,1012,42578,2,ARMED,17725,24581,24582,true,1,true,true,0.15,2.35,2.99,0.224,0.153,0.001,-0.011,-0.164,0,-0.23500000000000001,-0.317,-0.001,-22.85,-37.29,-0.57,1291,1364,1336,1411
2026-10-07T07:26:35.299Z,1791357995299,24601,1013,42578,2,ARMED,17743,24601,24602,true,1,true,true,0.25,2.32,3.22,0.339,0.063,0.126,-0.018,-0.162,0,-0.35700000000000004,-0.225,-0.126,-31.67,-23.21,-4.97,1301,1337,1354,1410
2026-10-07T07:26:35.320Z,1791357995320,24622,1014,42578,2,ARMED,17762,24622,24623,true,1,true,true,0.17,2.36,3.26,-0.053,0.246,0.145,-0.012,-0.165,0,0.040999999999999995,-0.41100000000000003,-0.145,15.37,-38.56,-5.64,1333,1399,1291,1379
2026-10-07T07:26:35.340Z,1791357995340,24642,1015,42578,2,ARMED,17779,24642,24642,true,0,true,true,0.19,2.29,3.33,-0.393,-0.039,0.208,-0.013,-0.16,0,0.38,-0.121,-0.208,53.49,-6.41,-7.85,1406,1403,1283,1311
2026-10-07T07:26:35.367Z,1791357995367,24661,1016,42578,2,ARMED,17797,24661,24662,true,1,true,true,0.15,2.19,3.35,-0.45,-0.19,0.031,-0.01,-0.153,0,0.44,0.037000000000000005,-0.031,48.32,7.08,-1.68,1408,1390,1308,1297
2026-10-07T07:26:35.377Z,1791357995377,24681,1017,42578,2,ARMED,17814,24681,24682,true,1,true,true,0.11,2.14,3.41,-0.212,-0.068,-0.025,-0.008,-0.15,0,0.204,-0.08199999999999999,0.025,18.41,-3.94,0.27,1365,1373,1329,1336
2026-10-07T07:26:35.397Z,1791357995397,24702,1018,42578,2,ARMED,17833,24702,24703,true,1,true,true,0.15,2.1,3.45,-0.043,-0.105,0.11,-0.011,-0.147,0,0.032,-0.041999999999999996,-0.11,-2.11,-5.11,-4.47,1348,1349,1343,1362
2026-10-07T07:26:35.422Z,1791357995422,24722,1019,42578,2,ARMED,17851,24722,24723,true,1,true,true,0.3,2.11,3.5,0.301,0.044,0.051,-0.021,-0.147,0,-0.322,-0.191,-0.051,-36.78,-19.09,-2.41,1297,1331,1366,1409
2026-10-07T07:26:35.439Z,1791357995439,24742,1020,42578,2,ARMED,17868,24742,24743,true,1,true,true,0.3,2.12,3.62,0.332,0.086,0.172,-0.021,-0.148,0,-0.35300000000000004,-0.23399999999999999,-0.172,-39.69,-23.19,-6.66,1294,1327,1360,1420
2026-10-07T07:26:35.470Z,1791357995470,24761,1021,42578,2,ARMED,17886,24761,24762,true,1,true,true,0.33,2.02,3.62,0.186,0.051,0.069,-0.023,-0.141,0,-0.209,-0.19199999999999998,-0.069,-17.88,-24.64,-3.06,1311,1354,1341,1396
2026-10-07T07:26:35.480Z,1791357995480,24781,1022,42578,2,ARMED,17903,24781,24782,true,1,true,true,0.33,2,3.74,0.026,0.023,0.078,-0.023,-0.14,0,-0.049,-0.163,-0.078,-0.28,-14.38,-3.38,1339,1361,1333,1369
2026-10-07T07:26:35.498Z,1791357995498,24802,1023,42578,2,ARMED,17922,24802,24803,true,1,true,true,0.31,2.04,3.87,-0.142,-0.117,0.063,-0.021,-0.142,0,0.12099999999999998,-0.02499999999999998,-0.063,12.36,-1.52,-2.9,1364,1362,1334,1343
2026-10-07T07:26:35.519Z,1791357995519,24821,1024,42578,2,ARMED,17939,24821,24822,true,1,true,true,0.3,2.05,4.06,0.08,0.022,0.12,-0.021,-0.143,0,-0.101,-0.16499999999999998,-0.12,-5.65,-12.48,-4.91,1337,1353,1339,1374
2026-10-07T07:26:35.537Z,1791357995537,24841,1025,42578,2,ARMED,17957,24841,24842,true,1,true,true,0.32,2.09,4.22,0.026,0.073,0.013,-0.023,-0.146,0,-0.049,-0.21899999999999997,-0.013,-1.12,-22.83,-1.21,1328,1371,1328,1376
2026-10-07T07:26:35.572Z,1791357995572,24862,1026,42578,2,ARMED,17977,24862,24863,true,1,true,true,0.31,2.04,4.34,-0.119,-0.04,0.185,-0.022,-0.142,0,0.097,-0.10199999999999998,-0.185,13.06,-13.73,-7.25,1357,1370,1317,1359
2026-10-07T07:26:35.581Z,1791357995581,24881,1027,42578,2,ARMED,17993,24881,24882,true,1,true,true,0.37,2.04,4.46,-0.134,0.338,0.2,-0.026,-0.143,0,0.10800000000000001,-0.481,-0.2,20.04,-48.88,-7.77,1330,1412,1274,1387
2026-10-07T07:26:35.598Z,1791357995598,24902,1028,42578,2,ARMED,18012,24902,24903,true,1,true,true,0.36,2.24,4.6,-0.443,0.352,0.251,-0.025,-0.156,0,0.418,-0.508,-0.251,50.2,-49.35,-9.58,1361,1441,1241,1359
2026-10-07T07:26:35.624Z,1791357995624,24922,1029,42578,2,ARMED,18030,24922,24923,true,1,true,true,0.28,2.46,4.71,-0.196,0.04,-0.047,-0.019,-0.172,0,0.17700000000000002,-0.212,0.047,16.49,-19.11,0.83,1347,1387,1316,1352
2026-10-07T07:26:35.637Z,1791357995637,24941,1030,42578,2,ARMED,18047,24941,24942,true,1,true,true,0.16,2.62,4.77,-0.156,0.072,0.081,-0.011,-0.183,0,0.145,-0.255,-0.081,5.34,-15.99,-3.69,1344,1368,1326,1365
2026-10-07T07:26:35.667Z,1791357995667,24961,1031,42578,2,ARMED,18065,24961,24962,true,1,true,true,0.17,2.62,4.86,-0.087,-0.203,0.191,-0.012,-0.183,0,0.075,0.020000000000000018,-0.191,1.92,3.9,-7.54,1364,1341,1345,1352
2026-10-07T07:26:35.679Z,1791357995679,24981,1032,42578,2,ARMED,18082,24981,24982,true,1,true,true,0.17,2.64,4.97,-0.072,-0.2,0.069,-0.012,-0.184,0,0.06,0.016000000000000014,-0.069,4.9,5.4,-3.3,1364,1347,1348,1344
2026-10-07T07:26:35.701Z,1791357995701,25002,1033,42578,2,ARMED,18101,25002,25003,true,1,true,true,0.17,2.57,5.05,-0.1,-0.131,0.061,-0.012,-0.18,0,0.08800000000000001,-0.04899999999999999,-0.061,3.21,-6.75,-3.01,1350,1358,1338,1357
2026-10-07T07:26:35.730Z,1791357995730,25022,1034,42578,2,ARMED,18119,25022,25023,true,1,true,true,0.26,2.51,5.14,-0.006,-0.109,0.024,-0.018,-0.175,0,-0.011999999999999999,-0.06599999999999999,-0.024,-2.3,-12.62,-1.76,1343,1365,1344,1373
2026-10-07T07:26:35.738Z,1791357995738,25042,1035,42578,2,ARMED,18136,25042,25043,true,1,true,true,0.37,2.68,5.28,0.55,0.095,0.077,-0.026,-0.187,0,-0.5760000000000001,-0.28200000000000003,-0.077,-59.3,-25.81,-3.61,1275,1319,1386,1445
2026-10-07T07:26:35.764Z,1791357995764,25061,1036,42578,2,ARMED,18154,25061,25062,true,1,true,true,0.31,2.62,5.41,0.468,0.069,0.16,-0.022,-0.183,0,-0.49000000000000005,-0.252,-0.16,-49.26,-22.37,-6.54,1291,1323,1377,1435
2026-10-07T07:26:35.786Z,1791357995786,25081,1037,42578,2,ARMED,18171,25081,25082,true,1,true,true,0.32,2.66,5.55,0.319,-0.1,0.07,-0.022,-0.186,0,-0.341,-0.086,-0.07,-27.45,-3.44,-3.42,1329,1329,1377,1391
2026-10-07T07:26:35.797Z,1791357995797,25101,1038,42578,2,ARMED,18189,25101,25102,true,1,true,true,0.33,2.64,5.67,-0.087,-0.077,0.062,-0.023,-0.185,0,0.064,-0.108,-0.062,11.66,-5.45,-3.16,1366,1370,1336,1353
2026-10-07T07:26:35.826Z,1791357995826,25121,1039,42578,2,ARMED,18207,25121,25122,true,1,true,true,0.33,2.63,5.82,0.023,0.103,0.123,-0.023,-0.183,0,-0.046,-0.286,-0.123,-3.98,-31.25,-5.34,1326,1378,1324,1397
2026-10-07T07:26:35.839Z,1791357995839,25141,1040,42578,2,ARMED,18225,25141,25142,true,1,true,true,0.35,2.66,6.02,0.213,0.096,0.244,-0.025,-0.185,0,-0.238,-0.281,-0.244,-24.61,-27.62,-9.61,1314,1350,1344,1418
2026-10-07T07:26:35.869Z,1791357995869,25162,1041,42578,2,ARMED,18244,25162,25163,true,1,true,true,0.41,2.64,6.25,-0.126,0.076,0.319,-0.029,-0.184,0,0.097,-0.26,-0.319,18.79,-22.7,-12.27,1365,1386,1303,1373
2026-10-07T07:26:35.879Z,1791357995879,25181,1042,42578,2,ARMED,18260,25181,25182,true,1,true,true,0.44,2.63,6.42,-0.412,0.087,0.235,-0.031,-0.184,0,0.381,-0.271,-0.235,47.2,-20.36,-9.34,1393,1415,1279,1339
2026-10-07T07:26:35.897Z,1791357995897,25202,1043,42578,2,ARMED,18279,25202,25203,true,1,true,true,0.45,2.51,6.57,-0.248,-0.342,0.048,-0.031,-0.175,0,0.217,0.16700000000000004,-0.048,22.39,20.19,-2.83,1402,1356,1351,1317
2026-10-07T07:26:35.917Z,1791357995917,25221,1044,42578,2,ARMED,18296,25221,25222,true,1,true,true,0.49,2.38,6.69,-0.167,-0.108,0.162,-0.034,-0.166,0,0.133,-0.05800000000000001,-0.162,12.05,-2.76,-6.85,1373,1364,1335,1354
2026-10-07T07:26:35.939Z,1791357995939,25242,1045,42578,2,ARMED,18314,25242,25243,true,1,true,true,0.46,2.41,6.84,0.271,-0.112,0.164,-0.032,-0.168,0,-0.30300000000000005,-0.05600000000000001,-0.164,-40.06,-2.23,-6.95,1321,1312,1387,1406
2026-10-07T07:26:35.968Z,1791357995968,25261,1046,42578,2,ARMED,18332,25261,25262,true,1,true,true,0.42,2.3,6.97,0.428,-0.01,0.15,-0.029,-0.16,0,-0.457,-0.15,-0.15,-56.03,-24.41,-6.46,1282,1318,1382,1443
2026-10-07T07:26:35.978Z,1791357995978,25281,1047,42578,2,ARMED,18349,25281,25282,true,1,true,true,0.35,2.33,7.13,0.171,0.078,0.173,-0.024,-0.163,0,-0.195,-0.241,-0.173,-26.79,-29.39,-7.32,1307,1352,1346,1420
2026-10-07T07:26:36.000Z,1791357996000,25302,1048,42578,2,ARMED,18368,25302,25303,true,1,true,true,0.38,2.22,7.41,0.075,0.335,0.222,-0.027,-0.155,0,-0.102,-0.49,-0.222,-10.29,-57.36,-9.08,1298,1394,1300,1433
2026-10-07T07:26:36.019Z,1791357996019,25322,1049,42578,2,ARMED,18386,25322,25323,true,1,true,true,0.45,2.35,7.62,-0.11,0.101,0.184,-0.032,-0.164,0,0.078,-0.265,-0.184,12.45,-22.81,-7.76,1354,1384,1313,1374
2026-10-07T07:26:36.038Z,1791357996038,25342,1050,42578,2,ARMED,18403,25342,25343,true,1,true,true,0.47,2.34,7.85,0.16,0.097,0.256,-0.033,-0.164,0,-0.193,-0.261,-0.256,-16.88,-28.01,-10.33,1322,1357,1335,1412
2026-10-07T07:26:36.067Z,1791357996067,25361,1051,42578,2,ARMED,18421,25361,25362,true,1,true,true,0.49,2.39,8.06,0.069,0.106,0.232,-0.034,-0.167,0,-0.10300000000000001,-0.273,-0.232,-9.16,-26.27,-9.53,1330,1364,1330,1401
2026-10-07T07:26:36.077Z,1791357996077,25381,1052,42578,2,ARMED,18438,25381,25382,true,1,true,true,0.48,2.43,8.23,-0.026,0.013,0.16,-0.034,-0.169,0,-0.008000000000000004,-0.18200000000000002,-0.16,-0.58,-19.32,-7.05,1344,1368,1331,1383
2026-10-07T07:26:36.098Z,1791357996098,25401,1053,42578,2,ARMED,18456,25401,25402,true,1,true,true,0.41,2.29,8.32,-0.41,-0.014,0.139,-0.028,-0.16,0,0.38199999999999995,-0.146,-0.139,36.74,-18.9,-6.32,1381,1406,1294,1345
2026-10-07T07:26:36.118Z,1791357996118,25421,1054,42578,2,ARMED,18474,25421,25422,true,1,true,true,0.43,2.43,8.44,-0.223,0.034,0.363,-0.03,-0.17,0,0.193,-0.20400000000000001,-0.363,22.69,-19.02,-14.2,1374,1384,1300,1367
2026-10-07T07:26:36.139Z,1791357996139,25442,1055,42578,2,ARMED,18492,25442,25443,true,1,true,true,0.45,2.46,8.62,-0.068,-0.111,0.183,-0.032,-0.172,0,0.036000000000000004,-0.060999999999999985,-0.183,1.3,-2.93,-7.92,1363,1353,1344,1366
2026-10-07T07:26:36.163Z,1791357996163,25461,1056,42578,2,ARMED,18510,25461,25462,true,1,true,true,0.41,2.35,8.72,0.112,-0.219,0.099,-0.029,-0.164,0,-0.14100000000000001,0.05499999999999999,-0.099,-20.87,6.72,-4.99,1347,1324,1379,1376
2026-10-07T07:26:36.181Z,1791357996181,25481,1057,42578,2,ARMED,18527,25481,25482,true,1,true,true,0.42,2.22,8.86,-0.003,-0.266,0.162,-0.029,-0.155,0,-0.026000000000000002,0.11100000000000002,-0.162,-8.41,5.61,-7.23,1361,1335,1363,1366
2026-10-07T07:26:36.200Z,1791357996200,25502,1058,42578,2,ARMED,18546,25502,25503,true,1,true,true,0.51,2.19,9.05,0.113,0.262,0.198,-0.035,-0.153,0,-0.14800000000000002,-0.41500000000000004,-0.198,-15.33,-50.38,-8.53,1299,1383,1313,1431
2026-10-07T07:26:36.218Z,1791357996218,25521,1059,42578,2,ARMED,18563,25521,25522,true,1,true,true,0.46,2.14,9.17,0.145,0.177,-0.057,-0.032,-0.149,0,-0.177,-0.32599999999999996,0.057,-18.44,-41.72,0.39,1302,1386,1339,1422
2026-10-07T07:26:36.241Z,1791357996241,25542,1060,42578,2,ARMED,18581,25542,25543,true,1,true,true,0.56,2.16,9.43,0.303,0.092,0.227,-0.039,-0.151,0,-0.34199999999999997,-0.243,-0.227,-33.77,-22.47,-9.6,1315,1341,1364,1428
2026-10-07T07:26:36.267Z,1791357996267,25561,1061,42578,2,ARMED,18599,25561,25562,true,1,true,true,0.51,2.14,9.64,0.033,-0.132,0.285,-0.036,-0.149,0,-0.069,-0.016999999999999987,-0.285,-0.73,6.06,-11.67,1385,1349,1363,1374
2026-10-07T07:26:36.286Z,1791357996286,25581,1062,42578,2,ARMED,18615,25581,25582,true,1,true,true,0.5,2.13,9.87,-0.057,-0.21,0.304,-0.035,-0.149,0,0.022,0.061,-0.304,4.08,5.45,-12.36,1396,1360,1363,1376
2026-10-07T07:26:36.299Z,1791357996299,25602,1063,42578,2,ARMED,18634,25602,25603,true,1,true,true,0.54,2.1,10.15,0.07,-0.184,0.218,-0.038,-0.147,0,-0.10800000000000001,0.037000000000000005,-0.218,-11.23,0.4,-9.41,1372,1353,1376,1394
2026-10-07T07:26:36.318Z,1791357996318,25621,1064,42578,2,ARMED,18651,25621,25622,true,1,true,true,0.47,2.14,10.32,-0.165,0.18,0.05,-0.033,-0.149,0,0.132,-0.32899999999999996,-0.05,8.73,-30.04,-3.56,1362,1415,1337,1404
2026-10-07T07:26:36.338Z,1791357996338,25642,1065,42578,2,ARMED,18669,25642,25643,true,1,true,true,0.54,2.28,10.41,0.103,0.007,0.004,-0.038,-0.159,0,-0.141,-0.166,-0.004,-11.45,-19.1,-1.95,1351,1385,1370,1412
2026-10-07T07:26:36.365Z,1791357996365,25661,1066,42578,2,ARMED,18687,25661,25662,true,1,true,true,0.48,2.35,10.53,0.377,0.034,0.22,-0.033,-0.164,0,-0.41000000000000003,-0.198,-0.22,-45.7,-25.24,-9.53,1318,1349,1390,1460
2026-10-07T07:26:36.377Z,1791357996377,25681,1067,42578,2,ARMED,18703,25681,25682,true,1,true,true,0.52,2.67,10.56,0.021,-0.492,-0.151,-0.037,-0.186,0,-0.057999999999999996,0.306,0.151,2.64,32.45,3.44,1417,1359,1418,1347
2026-10-07T07:26:36.402Z,1791357996402,25701,1068,42578,2,ARMED,18721,25701,25702,true,1,true,true,0.64,2.44,10.93,0.093,0.251,0.304,-0.045,-0.17,0,-0.138,-0.42100000000000004,-0.304,-6.52,-45.32,-12.55,1346,1411,1334,1450
2026-10-07T07:26:36.422Z,1791357996422,25721,1069,42578,2,ARMED,18739,25721,25722,true,1,true,true,0.49,2.62,10.8,0.231,0.424,0.097,-0.034,-0.183,0,-0.265,-0.607,-0.097,-24.04,-66.34,-5.28,1300,1422,1338,1481
2026-10-07T07:26:36.446Z,1791357996446,25741,1070,42578,2,ARMED,18757,25741,25742,true,1,true,true,0.36,2.8,11.27,-0.002,0.395,-0.1,-0.025,-0.195,0,-0.023,-0.5900000000000001,0.1,6.07,-57.52,1.51,1332,1450,1323,1435
2026-10-07T07:26:36.463Z,1791357996463,25761,1071,42578,2,ARMED,18775,25761,25762,true,1,true,true,0.25,2.63,11.29,-0.609,0.154,0.1,-0.018,-0.183,0,0.591,-0.33699999999999997,-0.1,65.68,-31.18,-5.46,1425,1477,1283,1356
2026-10-07T07:26:36.480Z,1791357996480,25781,1072,42578,2,ARMED,18792,25781,25782,true,1,true,true,0.11,2.61,11.4,-0.236,-0.334,0.188,-0.007,-0.182,0,0.22899999999999998,0.15200000000000002,-0.188,26.46,15.82,-8.57,1436,1387,1366,1351
2026-10-07T07:26:36.498Z,1791357996498,25802,1073,42578,2,ARMED,18811,25802,25803,true,1,true,true,0.14,2.5,11.55,-0.187,-0.089,-0.019,-0.009,-0.174,0,0.178,-0.08499999999999999,0.019,16.31,-11.44,-1.35,1391,1412,1356,1382
2026-10-07T07:26:36.520Z,1791357996520,25821,1074,42578,2,ARMED,18828,25821,25822,true,1,true,true,0.14,2.58,11.71,0.276,0.014,0.009,-0.01,-0.18,0,-0.28600000000000003,-0.194,-0.009,-43.16,-14.44,-2.37,1330,1354,1412,1445
2026-10-07T07:26:36.542Z,1791357996542,25842,1075,42578,2,ARMED,18846,25842,25843,true,1,true,true,0.24,2.42,11.97,-0.023,-0.234,0.244,-0.017,-0.169,0,0.005999999999999998,0.065,-0.244,5.46,4.67,-10.63,1406,1375,1374,1386
2026-10-07T07:26:36.565Z,1791357996565,25861,1076,42578,2,ARMED,18864,25861,25862,true,1,true,true,0.23,2.56,12.09,0.003,-0.205,0.071,-0.016,-0.179,0,-0.019,0.025999999999999995,-0.071,-6.08,-5.23,-4.61,1378,1380,1381,1401
2026-10-07T07:26:36.577Z,1791357996577,25881,1077,42578,2,ARMED,18881,25881,25882,true,1,true,true,0.34,2.52,12.21,0.085,0.183,0.165,-0.024,-0.176,0,-0.10900000000000001,-0.359,-0.165,-9.98,-38.2,-7.91,1345,1405,1349,1441
2026-10-07T07:26:36.598Z,1791357996598,25901,1078,42578,2,ARMED,18899,25901,25902,true,1,true,true,0.32,2.5,12.29,-0.141,0.095,0.125,-0.023,-0.174,0,0.118,-0.269,-0.125,13.08,-31.97,-6.51,1373,1424,1334,1411
2026-10-07T07:26:36.617Z,1791357996617,25922,1079,42578,2,ARMED,18918,25922,25923,true,1,true,true,0.22,2.6,12.48,-0.394,-0.126,-0.01,-0.015,-0.181,0,0.379,-0.05499999999999999,0.01,37.02,1.18,-1.85,1425,1419,1347,1349
2026-10-07T07:26:36.648Z,1791357996648,25942,1080,42578,2,ARMED,18935,25942,25943,true,1,true,true,0.27,2.68,12.75,0.449,-0.292,0.285,-0.019,-0.187,0,-0.468,0.10499999999999998,-0.285,-52.27,3.78,-12.2,1349,1317,1429,1446
2026-10-07T07:26:36.665Z,1791357996665,25961,1081,42578,2,ARMED,18953,25961,25962,true,1,true,true,0.46,2.35,12.9,-0.181,0.499,0.079,-0.032,-0.164,0,0.149,-0.663,-0.079,4.72,-78.64,-5.03,1316,1463,1297,1464
2026-10-07T07:26:36.679Z,1791357996679,25981,1082,42578,2,ARMED,18970,25981,25982,true,1,true,true,0.5,2.7,13.04,0.29,-0.015,0.135,-0.035,-0.188,0,-0.32499999999999996,-0.173,-0.135,-30.55,-18.71,-6.99,1343,1366,1390,1441
2026-10-07T07:26:36.698Z,1791357996698,26001,1083,42578,2,ARMED,18988,26001,26002,true,1,true,true,0.53,2.64,13.17,-0.313,0.194,0.197,-0.037,-0.184,0,0.276,-0.378,-0.197,41.62,-36.04,-9.19,1400,1454,1298,1389
2026-10-07T07:26:36.717Z,1791357996717,26021,1084,42578,2,ARMED,19006,26021,26022,true,1,true,true,0.45,2.52,13.6,-0.007,-0.121,0.366,-0.031,-0.176,0,-0.024,-0.05499999999999999,-0.366,3.94,-5.31,-15.17,1399,1379,1361,1402
2026-10-07T07:26:36.739Z,1791357996739,26041,1085,42578,2,ARMED,19024,26041,26042,true,1,true,true,0.46,2.61,13.86,0.252,-0.181,0.285,-0.032,-0.182,0,-0.28400000000000003,-0.0010000000000000009,-0.285,-26.88,11.74,-12.39,1382,1334,1411,1413
2026-10-07T07:26:36.768Z,1791357996768,26061,1086,42578,2,ARMED,19043,26061,26062,true,1,true,true,0.48,2.71,14.05,0.022,0.473,0.037,-0.033,-0.189,0,-0.055,-0.6619999999999999,-0.037,-3.26,-60.67,-3.76,1325,1439,1324,1453
2026-10-07T07:26:36.779Z,1791357996779,26081,1087,42578,2,ARMED,19060,26081,26082,true,1,true,true,0.42,2.69,14.06,-0.381,-0.379,0.024,-0.029,-0.188,0,0.352,0.191,-0.024,45.96,13.52,-3.32,1448,1414,1349,1329
2026-10-07T07:26:36.801Z,1791357996801,26101,1088,42578,2,ARMED,19078,26101,26102,true,1,true,true,0.38,3,14.38,-0.142,-0.167,0.388,-0.027,-0.209,0,0.11499999999999999,-0.04199999999999998,-0.388,9.47,-0.26,-16.11,1410,1379,1359,1392
2026-10-07T07:26:36.820Z,1791357996820,26121,1089,42578,2,ARMED,19096,26121,26122,true,1,true,true,0.41,2.79,14.48,-0.01,0.257,-0.193,-0.029,-0.195,0,-0.019000000000000003,-0.452,0.193,-4.26,-48.26,4.21,1328,1433,1345,1433
2026-10-07T07:26:36.837Z,1791357996837,26142,1090,42578,2,ARMED,19114,26142,26143,true,1,true,true,0.61,2.93,14.64,-0.363,0.196,0.359,-0.043,-0.205,0,0.32,-0.401,-0.359,37.22,-34.84,-15.11,1403,1442,1298,1398
2026-10-07T07:26:36.867Z,1791357996867,26161,1091,42578,2,ARMED,19132,26161,26162,true,1,true,true,0.37,2.9,14.96,-0.339,0.188,-0.385,-0.026,-0.202,0,0.313,-0.39,0.385,36.83,-40.45,10.87,1371,1473,1319,1378
2026-10-07T07:26:36.879Z,1791357996879,26182,1092,42578,2,ARMED,19149,26182,26183,true,1,true,true,0.32,2.8,15.07,-0.332,-0.661,0.693,-0.022,-0.195,0,0.31,0.466,-0.693,31.67,51.35,-26.9,1501,1344,1384,1335
2026-10-07T07:26:36.909Z,1791357996909,26202,1093,42578,2,ARMED,19167,26202,26203,true,1,true,true,0.49,2.56,15.38,0.672,0.151,0.314,-0.034,-0.179,0,-0.7060000000000001,-0.32999999999999996,-0.314,-64.84,-44.11,-13.68,1296,1357,1398,1514
2026-10-07T07:26:36.919Z,1791357996919,26222,1094,42578,2,ARMED,19185,26222,26223,true,1,true,true,0.45,2.88,15.27,-0.096,0.517,-0.204,-0.031,-0.201,0,0.065,-0.718,0.204,5.29,-62.68,4.48,1335,1469,1333,1450
2026-10-07T07:26:36.936Z,1791357996936,26242,1095,42578,2,ARMED,19202,26242,26242,true,0,true,true,0.57,2.82,15.81,-0.074,0.477,0.615,-0.04,-0.197,0,0.033999999999999996,-0.6739999999999999,-0.615,11.5,-71.43,-24.28,1367,1461,1295,1487
2026-10-07T07:26:36.964Z,1791357996964,26261,1096,42578,2,ARMED,19220,26261,26262,true,1,true,true,0.43,2.69,16.07,-0.038,-0.177,0.202,-0.03,-0.188,0,0.008,-0.01100000000000001,-0.202,3.86,-2.61,-9.89,1414,1399,1386,1411
2026-10-07T07:26:36.982Z,1791357996982,26281,1097,42578,2,ARMED,19236,26281,26282,true,1,true,true,0.53,2.79,16.17,0.283,0.186,0.246,-0.037,-0.195,0,-0.31999999999999995,-0.381,-0.246,-31.36,-39.29,-11.43,1349,1405,1389,1490
2026-10-07T07:26:36.996Z,1791357996996,26302,1098,42578,2,ARMED,19254,26302,26303,true,1,true,true,0.79,2.84,16.42,0.32,0.208,-0.021,-0.055,-0.198,0,-0.375,-0.406,0.021,-24.63,-48.31,-2.13,1343,1436,1388,1489
2026-10-07T07:26:37.019Z,1791357997019,26322,1099,42578,2,ARMED,19272,26322,26323,true,1,true,true,0.49,3.09,16.42,-0.013,-0.152,0.624,-0.034,-0.216,0,-0.021000000000000005,-0.064,-0.624,-6.86,1.82,-24.72,1434,1381,1398,1444
2026-10-07T07:26:37.036Z,1791357997036,26340,1100,42578,2,ARMED,19287,26340,26341,true,1,true,true,0.38,3.17,16.33,0.238,-0.406,-0.482,-0.026,-0.221,0,-0.264,0.18500000000000003,0.482,-25.24,17.44,14.02,1398,1391,1476,1414
2026-10-07T07:26:37.064Z,1791357997064,26361,1101,42578,2,ARMED,19305,26361,26362,true,1,true,true,0.52,2.9,16.68,0.374,-0.4,-0.415,-0.037,-0.203,0,-0.411,0.197,0.415,-59.09,22.3,11.59,1377,1356,1518,1451
2026-10-07T07:26:37.077Z,1791357997077,26381,1102,42578,2,ARMED,19322,26381,26382,true,1,true,true,0.52,3.06,16.94,-0.331,0.13,-0.4,-0.036,-0.213,0,0.29500000000000004,-0.34299999999999997,0.4,36.31,-18.34,11.03,1432,1491,1382,1397
2026-10-07T07:26:37.097Z,1791357997097,26402,1103,42578,2,ARMED,19341,26402,26403,true,1,true,true,0.43,2.76,17.01,0.191,-0.763,0.39,-0.03,-0.193,0,-0.221,0.5700000000000001,-0.39,-10.29,31.07,-16.63,1469,1373,1456,1427
2026-10-07T07:26:37.121Z,1791357997121,26420,1104,42578,2,ARMED,19357,26420,26421,true,1,true,true,0.69,2.79,17.13,-0.227,0.528,0.25,-0.048,-0.195,0,0.179,-0.7230000000000001,-0.25,31.27,-75.61,-11.75,1399,1526,1313,1487
2026-10-07T07:26:37.139Z,1791357997139,26442,1105,42578,2,ARMED,19375,26442,26442,true,0,true,true,0.4,2.89,17.45,0.064,-0.002,0.05,-0.028,-0.201,0,-0.092,-0.199,-0.05,-23.92,-32.67,-4.8,1385,1441,1423,1498
2026-10-07T07:26:37.164Z,1791357997164,26462,1106,42578,2,ARMED,19393,26462,26463,true,1,true,true,0.35,2.8,17.54,-0.151,0.078,0.31,-0.025,-0.195,0,0.126,-0.273,-0.31,18.87,-26.36,-13.92,1449,1474,1384,1464
2026-10-07T07:26:37.181Z,1791357997181,26482,1107,42578,2,ARMED,19409,26482,26483,true,1,true,true,0.15,2.92,17.55,-0.102,0.064,-0.061,-0.01,-0.204,0,0.092,-0.268,0.061,21.09,-16.85,-0.93,1454,1486,1410,1445
2026-10-07T07:26:37.199Z,1791357997199,26501,1108,42578,2,ARMED,19426,26501,26502,true,1,true,true,0.22,3.17,17.93,-0.163,-0.88,0.208,-0.016,-0.221,0,0.14700000000000002,0.659,-0.208,-3.23,61.46,-10.39,1517,1373,1503,1401
2026-10-07T07:26:37.217Z,1791357997217,26522,1109,42578,2,ARMED,19445,26522,26523,true,1,true,true,-0.01,3.6,17.74,-0.563,-0.152,-0.955,0.001,-0.251,0,0.564,-0.099,0.955,32.17,20.43,30.31,1477,1496,1473,1371
2026-10-07T07:26:37.240Z,1791357997240,26542,1110,42578,2,ARMED,19462,26542,26542,true,0,true,true,-0.1,3.15,18.04,-0.165,0.193,-0.242,0.007,-0.22,0,0.17200000000000001,-0.41300000000000003,0.242,-0.4,-47.36,5.3,1407,1512,1418,1503
2026-10-07T07:26:37.266Z,1791357997266,26561,1111,42578,2,ARMED,19480,26561,26562,true,1,true,true,-0.17,2.75,18.36,0.197,-0.013,0.321,0.012,-0.192,0,-0.185,-0.179,-0.321,-28.81,-36.99,-14.44,1409,1454,1437,1540
2026-10-07T07:26:37.276Z,1791357997276,26581,1112,42578,2,ARMED,19496,26581,26582,true,1,true,true,-0.35,3.36,18.5,-0.127,-0.339,0.319,0.024,-0.235,0,0.151,0.10400000000000004,-0.319,-1.02,42.55,-14.4,1522,1408,1495,1439
2026-10-07T07:26:37.301Z,1791357997301,26602,1113,42578,2,ARMED,19515,26602,26603,true,1,true,true,0.05,2.94,18.71,0.045,0.633,-0.52,-0.003,-0.205,0,-0.048,-0.838,0.52,-1.66,-93.42,14.93,1356,1573,1389,1546
2026-10-07T07:26:37.317Z,1791357997317,26622,1114,42578,2,ARMED,19533,26622,26623,true,1,true,true,-0.5,3.21,18.84,0.391,-0.523,-0.073,0.035,-0.224,0,-0.356,0.29900000000000004,0.073,-61.51,53.39,-0.72,1458,1350,1580,1475
2026-10-07T07:26:37.338Z,1791357997338,26642,1115,42578,2,ARMED,19550,26642,26642,true,0,true,true,-0.67,3.21,18.88,-1.681,0.481,0.905,0.047,-0.224,0,1.728,-0.705,-0.905,152.52,-72.69,-34.97,1581,1656,1206,1421
2026-10-07T07:26:37.371Z,1791357997371,26661,1116,42578,2,ARMED,19568,26661,26662,true,1,true,true,-0.7,2.84,19.12,-0.014,-0.248,0.554,0.049,-0.198,0,0.063,0.04999999999999999,-0.554,-2.84,7.28,-22.72,1493,1433,1453,1484
2026-10-07T07:26:37.380Z,1791357997380,26681,1117,42578,2,ARMED,19585,26681,26682,true,1,true,true,-1.1,3.78,19.74,-0.193,0.787,-0.93,0.077,-0.264,0,0.27,-1.0510000000000002,0.93,-4.3,-72.58,29.11,1360,1563,1427,1514
2026-10-07T07:26:37.398Z,1791357997398,26702,1118,42578,2,ARMED,19604,26702,26703,true,1,true,true,-1.24,3.25,20.06,0.137,-0.734,0.181,0.087,-0.227,0,-0.05000000000000002,0.507,-0.181,-29.26,15.61,-9.85,1462,1411,1501,1489
2026-10-07T07:26:37.417Z,1791357997417,26721,1119,42578,2,ARMED,19621,26721,26722,true,1,true,true,-1.17,3.5,19.74,-0.015,0.79,-0.072,0.082,-0.244,0,0.097,-1.034,0.072,3.33,-86.32,-0.93,1384,1555,1375,1550
2026-10-07T07:26:37.440Z,1791357997440,26741,1120,42578,2,ARMED,19639,26741,26742,true,1,true,true,-1.59,3.79,19.73,-0.397,-0.625,-0.103,0.111,-0.264,0,0.508,0.361,0.103,19.91,44.85,0.18,1530,1441,1491,1401
2026-10-07T07:26:37.469Z,1791357997469,26761,1121,42578,2,ARMED,19657,26761,26762,true,1,true,true,-2.03,3.58,19.79,-0.294,0.512,0.019,0.142,-0.25,0,0.43599999999999994,-0.762,-0.019,23.07,-75.98,-4.1,1417,1561,1363,1523
2026-10-07T07:26:37.479Z,1791357997479,26781,1122,42578,2,ARMED,19674,26781,26782,true,1,true,true,-2.53,4.09,19.55,-0.334,0.45,-0.89,0.176,-0.286,0,0.51,-0.736,0.89,17.88,-60.18,27.75,1396,1572,1416,1480
2026-10-07T07:26:37.500Z,1791357997500,26801,1123,42578,2,ARMED,19692,26801,26802,true,1,true,true,-2.49,3.7,19.5,0.308,-0.051,-0.008,0.174,-0.258,0,-0.134,-0.20700000000000002,0.008,-33.08,-48.16,-3.12,1388,1478,1448,1550
2026-10-07T07:26:37.517Z,1791357997517,26821,1124,42578,2,ARMED,19710,26821,26822,true,1,true,true,-2.98,3.9,19.33,-0.024,0.019,-0.068,0.208,-0.272,0,0.23199999999999998,-0.29100000000000004,0.068,-30.08,-18.96,-0.99,1418,1454,1476,1516
2026-10-07T07:26:37.537Z,1791357997537,26842,1125,42578,2,ARMED,19728,26842,26842,true,0,true,true,-3.1,3.89,19.24,-0.556,0.074,-0.416,0.216,-0.271,0,0.772,-0.34500000000000003,0.416,59.48,-32.42,11.21,1482,1569,1385,1428
2026-10-07T07:26:37.565Z,1791357997565,26861,1126,42578,2,ARMED,19746,26861,26862,true,1,true,true,-3.47,3.47,19.12,-0.057,0.144,-0.077,0.242,-0.242,0,0.299,-0.386,0.077,11.97,-51.78,-0.63,1427,1529,1401,1506
2026-10-07T07:26:37.581Z,1791357997581,26881,1127,42578,2,ARMED,19763,26881,26882,true,1,true,true,-3.96,3.93,18.76,-0.055,-1.043,-0.297,0.276,-0.274,0,0.331,0.7689999999999999,0.297,3.55,97.93,7.12,1560,1379,1567,1357
2026-10-07T07:26:37.597Z,1791357997597,26902,1128,42578,2,ARMED,19782,26902,26903,true,1,true,true,-4.1,3.83,18.74,-1.034,0.407,0.144,0.286,-0.268,0,1.32,-0.675,-0.144,92.12,-60.56,-8.31,1506,1610,1305,1443
2026-10-07T07:26:37.617Z,1791357997617,26922,1129,42578,2,ARMED,19800,26922,26923,true,1,true,true,-4.49,3.76,18.51,-0.635,-1.204,-0.959,0.313,-0.262,0,0.948,0.942,0.959,55.61,114.01,30.33,1605,1438,1555,1266
2026-10-07T07:26:37.640Z,1791357997640,26942,1130,42578,2,ARMED,19817,26942,26942,true,0,true,true,-3.98,3.53,18.44,0.386,0.22,-0.164,0.277,-0.247,0,-0.10899999999999999,-0.46699999999999997,0.164,-3.06,-58.02,2.55,1402,1523,1413,1524
2026-10-07T07:26:37.668Z,1791357997668,26961,1131,42578,2,ARMED,19835,26961,26962,true,1,true,true,-4.25,3.85,18.16,-0.236,-0.751,-0.515,0.297,-0.269,0,0.5329999999999999,0.482,0.515,34.81,60.38,14.85,1546,1455,1506,1356
2026-10-07T07:26:37.680Z,1791357997680,26981,1132,42578,2,ARMED,19852,26981,26982,true,1,true,true,-3.79,3.31,18.02,-0.071,0.63,-0.034,0.264,-0.231,0,0.335,-0.861,0.034,24.68,-92.54,-1.94,1400,1581,1347,1536
2026-10-07T07:26:37.706Z,1791357997706,27002,1133,42578,2,ARMED,19871,27002,27003,true,1,true,true,-3.69,3.05,17.84,-0.155,-0.726,-0.103,0.257,-0.213,0,0.41200000000000003,0.513,0.103,36.18,45.28,0.52,1547,1457,1475,1384
2026-10-07T07:26:37.717Z,1791357997717,27022,1134,42578,2,ARMED,19889,27022,27023,true,1,true,true,-3.57,2.87,17.66,-0.509,-0.103,-0.272,0.249,-0.2,0,0.758,-0.09700000000000002,0.272,58.11,-9.73,6.47,1508,1540,1404,1411
2026-10-07T07:26:37.740Z,1791357997740,27042,1135,42578,2,ARMED,19906,27042,27042,true,0,true,true,-3.47,2.66,17.22,-0.038,-0.192,-0.972,0.242,-0.185,0,0.27999999999999997,0.007000000000000006,0.972,10.22,-17.96,31.04,1427,1525,1469,1443
2026-10-07T07:26:37.763Z,1791357997763,27061,1136,42578,2,ARMED,19924,27061,27062,true,1,true,true,-3.35,2.91,17.02,-0.207,0.428,-0.296,0.234,-0.203,0,0.441,-0.631,0.296,36.66,-47.06,7.42,1448,1557,1390,1469
2026-10-07T07:26:37.777Z,1791357997777,27081,1137,42578,2,ARMED,19941,27081,27082,true,1,true,true,-3.57,3.04,16.87,-0.363,-0.353,0.084,0.249,-0.212,0,0.612,0.141,-0.084,53.08,9.4,-5.87,1534,1504,1416,1409
2026-10-07T07:26:37.798Z,1791357997798,27101,1138,42578,2,ARMED,19959,27101,27102,true,1,true,true,-3.26,2.69,16.36,-0.336,0.666,-0.297,0.227,-0.187,0,0.5630000000000001,-0.853,0.297,48.26,-91.37,7.55,1415,1613,1334,1501
2026-10-07T07:26:37.821Z,1791357997821,27122,1139,42578,2,ARMED,19978,27122,27123,true,1,true,true,-3.44,2.9,16.07,-0.291,-0.516,0.256,0.24,-0.202,0,0.5309999999999999,0.314,-0.256,41.39,35.65,-11.76,1555,1460,1448,1401
2026-10-07T07:26:37.837Z,1791357997837,27142,1140,42578,2,ARMED,19995,27142,27142,true,0,true,true,-2.99,2.11,15.96,-0.202,0.305,-0.127,0.209,-0.147,0,0.41100000000000003,-0.45199999999999996,0.127,42.85,-72.1,1.69,1435,1582,1353,1493
2026-10-07T07:26:37.865Z,1791357997865,27161,1141,42578,2,ARMED,20013,27161,27162,true,1,true,true,-3.53,2.33,15.73,-0.246,0.092,-0.48,0.246,-0.163,0,0.492,-0.255,0.48,21.63,-39.17,14.09,1434,1541,1419,1469
2026-10-07T07:26:37.879Z,1791357997879,27181,1142,42578,2,ARMED,20030,27181,27182,true,1,true,true,-3.62,2.19,15.43,-0.343,0.383,-0.457,0.253,-0.153,0,0.5960000000000001,-0.536,0.457,49.07,-54.9,13.33,1447,1583,1375,1458
2026-10-07T07:26:37.897Z,1791357997897,27201,1143,42578,2,ARMED,20048,27201,27202,true,1,true,true,-3.94,2.01,15.02,-0.449,-0.509,0.007,0.275,-0.14,0,0.724,0.369,-0.007,43.87,42.19,-2.84,1555,1465,1461,1383
2026-10-07T07:26:37.917Z,1791357997917,27222,1144,42578,2,ARMED,20067,27222,27223,true,1,true,true,-3.77,1.79,14.72,0.567,0.474,-0.601,0.263,-0.125,0,-0.30399999999999994,-0.599,0.601,-43.64,-68.56,18.5,1335,1509,1459,1560
2026-10-07T07:26:37.940Z,1791357997940,27242,1145,42578,2,ARMED,20084,27242,27242,true,0,true,true,-3.87,1.97,15.25,0.245,-0.174,-0.278,0.27,-0.138,0,0.025000000000000022,0.035999999999999976,0.278,10.5,-9.62,7.08,1460,1493,1453,1458
2026-10-07T07:26:37.963Z,1791357997963,27261,1146,42578,2,ARMED,20102,27261,27262,true,1,true,true,-4.22,2.18,14.71,-0.125,-0.525,-0.243,0.294,-0.152,0,0.419,0.373,0.243,16.01,46.5,5.95,1522,1441,1502,1397
2026-10-07T07:26:37.981Z,1791357997981,27281,1147,42578,2,ARMED,20119,27281,27282,true,1,true,true,-4.23,2.11,14.52,0.275,0.198,-0.035,0.295,-0.147,0,0.019999999999999962,-0.345,0.035,-7.73,-49.86,-1.28,1410,1507,1422,1525
2026-10-07T07:26:37.998Z,1791357997998,27301,1148,42578,2,ARMED,20137,27301,27302,true,1,true,true,-3.99,2.19,14.12,0.151,0.473,-0.45,0.279,-0.153,0,0.12800000000000003,-0.626,0.45,20.92,-68.84,13.31,1405,1569,1389,1500
2026-10-07T07:26:38.017Z,1791357998017,27322,1149,42578,2,ARMED,20156,27322,27323,true,1,true,true,-4.33,2.19,13.86,-0.009,-0.446,0.351,0.302,-0.152,0,0.311,0.29400000000000004,-0.351,14.21,17.68,-14.68,1512,1448,1455,1449
2026-10-07T07:26:38.039Z,1791357998039,27342,1150,42578,2,ARMED,20173,27342,27342,true,0,true,true,-4.25,2.08,13.87,0.346,0.26,0.653,0.297,-0.145,0,-0.04899999999999999,-0.405,-0.653,-14.62,-68.93,-25.25,1408,1495,1386,1575
2026-10-07T07:26:38.067Z,1791357998067,27361,1151,42578,2,ARMED,20191,27361,27362,true,1,true,true,-4.26,2.2,13.55,0.118,-0.342,-0.435,0.297,-0.153,0,0.179,0.18900000000000003,0.435,35.56,11.67,12.87,1500,1503,1455,1406
2026-10-07T07:26:38.090Z,1791357998090,27381,1152,42578,2,ARMED,20208,27381,27382,true,1,true,true,-4.52,2.36,14.06,-0.747,-0.151,1.936,0.315,-0.165,0,1.062,-0.014000000000000012,-1.936,95.45,10.22,-70.21,1642,1481,1310,1430
2026-10-07T07:26:38.098Z,1791357998098,27402,1153,42578,2,ARMED,20227,27402,27403,true,1,true,true,-4.03,2.31,14.88,1.021,-0.026,-0.547,0.281,-0.161,0,-0.7399999999999999,-0.135,0.547,-72.17,-30.71,16.56,1346,1441,1524,1552
2026-10-07T07:26:38.119Z,1791357998119,27421,1154,42578,2,ARMED,20244,27421,27422,true,1,true,true,-3.9,2.53,14.25,0.408,0.039,-0.779,0.272,-0.177,0,-0.13599999999999995,-0.216,0.779,-26.66,-3.44,24.79,1411,1467,1514,1471
2026-10-07T07:26:38.136Z,1791357998136,27441,1155,42578,2,ARMED,20262,27441,27442,true,1,true,true,-3.69,2.37,15.98,-0.147,-0.82,3.285,0.258,-0.165,0,0.405,0.6549999999999999,-3.285,53.15,52.28,-117.54,1689,1349,1347,1478
2026-10-07T07:26:38.167Z,1791357998167,27462,1156,42578,2,ARMED,20282,27462,27463,true,1,true,true,-3.68,2.15,15.62,0.101,-0.151,-0.735,0.257,-0.15,0,0.156,0.0010000000000000009,0.735,-6.2,-26.26,23.25,1410,1509,1469,1475
2026-10-07T07:26:38.187Z,1791357998187,27481,1157,42578,2,ARMED,20298,27481,27482,true,1,true,true,-3.15,1.97,15.29,-0.248,-0.349,-0.861,0.22,-0.138,0,0.46799999999999997,0.21099999999999997,0.861,42.07,18.05,27.71,1498,1518,1470,1378
2026-10-07T07:26:38.201Z,1791357998201,27501,1158,42578,2,ARMED,20316,27501,27502,true,1,true,true,-3.18,2.12,14.64,0.518,0.194,-0.254,0.222,-0.148,0,-0.29600000000000004,-0.34199999999999997,0.254,-36.06,-29.87,6.59,1393,1466,1479,1525
2026-10-07T07:26:38.217Z,1791357998217,27522,1159,42578,3,FAILSAFE,20335,27522,27517,false,,false,true,-2.43,2.34,14.12,1.32,0.791,-0.668,0,0,0,-1.32,-0.791,0.668,0,0,0,1000,1000,1000,1000
2026-10-07T07:26:38.236Z,1791357998236,27542,1160,42578,3,FAILSAFE,20352,27542,27541,false,,false,true,-2.51,2.97,13.84,1.014,0.281,-0.942,0,0,0,-1.014,-0.281,0.942,0,0,0,1000,1000,1000,1000
2026-10-07T07:26:38.267Z,1791357998267,27562,1161,42578,3,FAILSAFE,20371,27562,27541,false,,false,true,-1.7,3.15,13.28,1.011,-0.446,-0.369,0,0,0,-1.011,0.446,0.369,0,0,0,1000,1000,1000,1000
2026-10-07T07:26:38.281Z,1791357998281,27582,1162,42578,3,FAILSAFE,20388,27582,27569,false,,false,true,-1.15,2.82,12.64,1.541,-0.362,-0.16,0,0,0,-1.541,0.362,0.16,0,0,0,1000,1000,1000,1000
2026-10-07T07:26:38.298Z,1791357998298,27602,1163,42578,3,FAILSAFE,20406,27602,27591,false,,false,true,1.03,2.8,12.22,2.174,0.254,-0.062,0,0,0,-2.174,-0.254,0.062,0,0,0,1000,1000,1000,1000
2026-10-07T07:26:38.317Z,1791357998317,27622,1164,42578,3,FAILSAFE,20424,27622,27616,false,,false,true,2.78,1.97,12.77,-0.325,-0.221,3.005,0,0,0,0.325,0.221,-3.005,0,0,0,1000,1000,1000,1000
2026-10-07T07:26:38.336Z,1791357998336,27642,1165,42578,3,FAILSAFE,20441,27642,27641,false,,false,true,2.44,3.01,13.16,-1.207,0.751,-0.003,0,0,0,1.207,-0.751,0.003,0,0,0,1000,1000,1000,1000
2026-10-07T07:26:38.365Z,1791357998365,27662,1166,42578,3,FAILSAFE,20460,27662,27641,false,,false,true,0.91,3.73,12.82,0.237,-0.338,0.498,0,0,0,-0.237,0.338,-0.498,0,0,0,1000,1000,1000,1000
2026-10-07T07:26:38.376Z,1791357998376,27682,1167,42578,3,FAILSAFE,20477,27682,27666,false,,false,true,1.77,2.74,13.12,2.337,-0.61,0.087,0,0,0,-2.337,0.61,-0.087,0,0,0,1000,1000,1000,1000
2026-10-07T07:26:38.397Z,1791357998397,27702,1168,42578,3,FAILSAFE,20495,27702,27692,false,,false,true,2.26,2.5,13.21,0.113,0.11,0.201,0,0,0,-0.113,-0.11,-0.201,0,0,0,1000,1000,1000,1000
2026-10-07T07:26:38.417Z,1791357998417,27722,1169,42578,3,FAILSAFE,20513,27722,27716,false,,false,true,1.76,2.95,13.46,0.156,0.206,0.299,0,0,0,-0.156,-0.206,-0.299,0,0,0,1000,1000,1000,1000
2026-10-07T07:26:38.439Z,1791357998439,27742,1170,42578,3,FAILSAFE,20530,27742,27741,false,,false,true,1.46,3.31,13.73,0.071,0.069,0.228,0,0,0,-0.071,-0.069,-0.228,0,0,0,1000,1000,1000,1000
2026-10-07T07:26:38.464Z,1791357998464,27762,1171,42578,3,FAILSAFE,20549,27762,27741,false,,false,true,1.25,2.92,13.89,0.101,-0.031,0.134,0,0,0,-0.101,0.031,-0.134,0,0,0,1000,1000,1000,1000
2026-10-07T07:26:38.476Z,1791357998476,27782,1172,42578,3,FAILSAFE,20566,27782,27766,false,,false,true,1.03,2.92,14.1,-0.183,-0.094,0.196,0,0,0,0.183,0.094,-0.196,0,0,0,1000,1000,1000,1000
2026-10-07T07:26:38.498Z,1791357998498,27802,1173,42578,3,FAILSAFE,20584,27802,27792,false,,false,true,0.66,3.16,14.31,-0.097,0.251,0.202,0,0,0,0.097,-0.251,-0.202,0,0,0,1000,1000,1000,1000
2026-10-07T07:26:38.520Z,1791357998520,27822,1174,42578,3,FAILSAFE,20602,27822,27816,false,,false,true,-0.04,3.48,14.52,-0.019,0.104,0.17,0,0,0,0.019,-0.104,-0.17,0,0,0,1000,1000,1000,1000
2026-10-07T07:26:38.543Z,1791357998543,27842,1175,42578,3,FAILSAFE,20620,27842,27816,false,,false,true,-0.65,3.79,14.7,0.021,-0.001,0.193,0,0,0,-0.021,0.001,-0.193,0,0,0,1000,1000,1000,1000
2026-10-07T07:26:38.571Z,1791357998571,27862,1176,42578,3,FAILSAFE,20639,27862,27845,false,,false,true,-0.98,4.02,14.84,0.007,-0.053,0.076,0,0,0,-0.007,0.053,-0.076,0,0,0,1000,1000,1000,1000
2026-10-07T07:26:38.579Z,1791357998579,27882,1177,42578,3,FAILSAFE,20656,27882,27866,false,,false,true,-1.03,4.21,14.84,0.021,-0.06,-0.062,0,0,0,-0.021,0.06,0.062,0,0,0,1000,1000,1000,1000
2026-10-07T07:26:38.596Z,1791357998596,27902,1178,42578,3,FAILSAFE,20674,27902,27893,false,,false,true,-0.9,3.86,14.84,0.035,-0.039,0.044,0,0,0,-0.035,0.039,-0.044,0,0,0,1000,1000,1000,1000
2026-10-07T07:26:38.621Z,1791357998621,27922,1179,42578,3,FAILSAFE,20692,27922,27916,false,,false,true,-0.59,3.65,14.9,0.057,-0.024,-0.01,0,0,0,-0.057,0.024,0.01,0,0,0,1000,1000,1000,1000
2026-10-07T07:26:38.636Z,1791357998636,27942,1180,42578,3,FAILSAFE,20709,27942,27941,false,,false,true,-0.63,3.61,14.84,-0.061,0.023,-0.056,0,0,0,0.061,-0.023,0.056,0,0,0,1000,1000,1000,1000
2026-10-07T07:26:38.663Z,1791357998663,27962,1181,42578,3,FAILSAFE,20728,27962,27941,false,,false,true,-0.73,3.77,14.85,0.012,-0.001,0.059,0,0,0,-0.012,0.001,-0.059,0,0,0,1000,1000,1000,1000
2026-10-07T07:26:38.677Z,1791357998677,27982,1182,42578,3,FAILSAFE,20745,27982,27967,false,,false,true,-0.83,3.8,14.87,-0.004,-0.01,-0.006,0,0,0,0.004,0.01,0.006,0,0,0,1000,1000,1000,1000
2026-10-07T07:26:38.698Z,1791357998698,28002,1183,42578,3,FAILSAFE,20763,28002,27995,false,,false,true,-0.77,3.71,14.85,0.051,-0.041,-0.014,0,0,0,-0.051,0.041,0.014,0,0,0,1000,1000,1000,1000
2026-10-07T07:26:38.717Z,1791357998717,28022,1184,42578,3,FAILSAFE,20781,28022,28017,false,,false,true,-0.72,3.63,14.86,0.019,-0.012,0.047,0,0,0,-0.019,0.012,-0.047,0,0,0,1000,1000,1000,1000
2026-10-07T07:26:38.736Z,1791357998736,28042,1185,42578,3,FAILSAFE,20798,28042,28041,false,,false,true,-0.67,3.63,14.88,-0.022,-0.012,0.003,0,0,0,0.022,0.012,-0.003,0,0,0,1000,1000,1000,1000
2026-10-07T07:26:38.763Z,1791357998763,28062,1186,42578,3,FAILSAFE,20817,28062,28041,false,,false,true,-0.71,3.6,14.85,-0.006,-0.005,-0.015,0,0,0,0.006,0.005,0.015,0,0,0,1000,1000,1000,1000
2026-10-07T07:26:38.780Z,1791357998780,28082,1187,42578,3,FAILSAFE,20834,28082,28066,false,,false,true,-0.72,3.58,14.86,0.013,0.005,0.013,0,0,0,-0.013,-0.005,-0.013,0,0,0,1000,1000,1000,1000
2026-10-07T07:26:38.797Z,1791357998797,28102,1188,42578,3,FAILSAFE,20852,28102,28097,false,,false,true,-0.68,3.55,14.86,-0.022,-0.004,-0.004,0,0,0,0.022,0.004,0.004,0,0,0,1000,1000,1000,1000
2026-10-07T07:26:38.817Z,1791357998817,28122,1189,42578,3,FAILSAFE,20870,28122,28119,false,,false,true,-0.67,3.52,14.86,0.011,-0.02,-0.001,0,0,0,-0.011,0.02,0.001,0,0,0,1000,1000,1000,1000
2026-10-07T07:26:38.840Z,1791357998840,28142,1190,42578,3,FAILSAFE,20887,28142,28141,false,,false,true,-0.66,3.5,14.86,-0.002,-0.01,-0.003,0,0,0,0.002,0.01,0.003,0,0,0,1000,1000,1000,1000
2026-10-07T07:26:38.866Z,1791357998866,28162,1191,42578,3,FAILSAFE,20906,28162,28141,false,,false,true,-0.65,3.46,14.86,-0.001,0.018,0.001,0,0,0,0.001,-0.018,-0.001,0,0,0,1000,1000,1000,1000
2026-10-07T07:26:38.878Z,1791357998878,28182,1192,42578,3,FAILSAFE,20923,28182,28167,false,,false,true,-0.64,3.46,14.86,-0.001,-0.004,0.002,0,0,0,0.001,0.004,-0.002,0,0,0,1000,1000,1000,1000
2026-10-07T07:26:38.900Z,1791357998900,28202,1193,42578,3,FAILSAFE,20941,28202,28193,false,,false,true,-0.63,3.44,14.86,0.002,-0.007,0.005,0,0,0,-0.002,0.007,-0.005,0,0,0,1000,1000,1000,1000
2026-10-07T07:26:38.919Z,1791357998919,28222,1194,42578,3,FAILSAFE,20959,28222,28216,false,,false,true,-0.61,3.41,14.86,-0.003,0.006,-0.001,0,0,0,0.003,-0.006,0.001,0,0,0,1000,1000,1000,1000
2026-10-07T07:26:38.940Z,1791357998940,28242,1195,42578,3,FAILSAFE,20977,28242,28216,false,,false,true,-0.6,3.39,14.86,0.003,0.005,0.003,0,0,0,-0.003,-0.005,-0.003,0,0,0,1000,1000,1000,1000
2026-10-07T07:26:38.970Z,1791357998970,28262,1196,42578,3,FAILSAFE,20995,28262,28246,false,,false,true,-0.59,3.37,14.87,-0.003,-0.008,0.001,0,0,0,0.003,0.008,-0.001,0,0,0,1000,1000,1000,1000
2026-10-07T07:26:38.976Z,1791357998976,28282,1197,42578,3,FAILSAFE,21012,28282,28267,false,,false,true,-0.57,3.35,14.86,0.001,-0.003,-0.005,0,0,0,-0.001,0.003,0.005,0,0,0,1000,1000,1000,1000
2026-10-07T07:26:39.000Z,1791357999000,28302,1198,42578,3,FAILSAFE,21030,28302,28294,false,,false,true,-0.57,3.34,14.86,-0.003,0.004,0.005,0,0,0,0.003,-0.004,-0.005,0,0,0,1000,1000,1000,1000
2026-10-07T07:26:39.017Z,1791357999017,28322,1199,42578,3,FAILSAFE,21048,28322,28317,false,,false,true,-0.56,3.33,14.87,0.001,0.004,-0.004,0,0,0,-0.001,-0.004,0.004,0,0,0,1000,1000,1000,1000
2026-10-07T07:26:39.036Z,1791357999036,28343,1200,42578,3,FAILSAFE,21066,28343,28342,false,,false,true,-0.54,3.31,14.86,-0.001,0,-0.002,0,0,0,0.001,0,0.002,0,0,0,1000,1000,1000,1000
2026-10-07T07:26:39.063Z,1791357999063,28362,1201,42578,3,FAILSAFE,21085,28362,28342,false,,false,true,-0.53,3.3,14.87,0.001,-0.003,0.002,0,0,0,-0.001,0.003,-0.002,0,0,0,1000,1000,1000,1000
2026-10-07T07:26:39.078Z,1791357999078,28382,1202,42578,3,FAILSAFE,21102,28382,28366,false,,false,true,-0.52,3.28,14.87,0.004,-0.003,-0.002,0,0,0,-0.004,0.003,0.002,0,0,0,1000,1000,1000,1000
2026-10-07T07:26:39.101Z,1791357999101,28402,1203,42578,3,FAILSAFE,21120,28402,28392,false,,false,true,-0.51,3.27,14.87,-0.002,0,-0.001,0,0,0,0.002,0,0.001,0,0,0,1000,1000,1000,1000
2026-10-07T07:26:39.117Z,1791357999117,28422,1204,42578,3,FAILSAFE,21138,28422,28416,false,,false,true,-0.51,3.25,14.87,-0.003,0.002,0,0,0,0,0.003,-0.002,0,0,0,0,1000,1000,1000,1000
2026-10-07T07:26:39.138Z,1791357999138,28442,1205,42578,3,FAILSAFE,21155,28442,28441,false,,false,true,-0.5,3.24,14.87,-0.002,-0.001,0,0,0,0,0.002,0.001,0,0,0,0,1000,1000,1000,1000
2026-10-07T07:26:39.165Z,1791357999165,28462,1206,42578,3,FAILSAFE,21174,28462,28441,false,,false,true,-0.49,3.23,14.87,-0.001,-0.001,0,0,0,0,0.001,0.001,0,0,0,0,1000,1000,1000,1000
2026-10-07T07:26:39.180Z,1791357999180,28482,1207,42578,3,FAILSAFE,21191,28482,28467,false,,false,true,-0.48,3.22,14.87,-0.001,-0.001,0,0,0,0,0.001,0.001,0,0,0,0,1000,1000,1000,1000
2026-10-07T07:26:39.199Z,1791357999199,28502,1208,42578,3,FAILSAFE,21209,28502,28492,false,,false,true,-0.47,3.21,14.87,-0.001,0.002,-0.001,0,0,0,0.001,-0.002,0.001,0,0,0,1000,1000,1000,1000
2026-10-07T07:26:39.218Z,1791357999218,28522,1209,42578,3,FAILSAFE,21227,28522,28516,false,,false,true,-0.47,3.2,14.87,-0.002,0.002,-0.001,0,0,0,0.002,-0.002,0.001,0,0,0,1000,1000,1000,1000
2026-10-07T07:26:39.237Z,1791357999237,28543,1210,42578,3,FAILSAFE,21245,28543,28542,false,,false,true,-0.46,3.19,14.87,0.002,0.002,0.001,0,0,0,-0.002,-0.002,-0.001,0,0,0,1000,1000,1000,1000
2026-10-07T07:26:39.267Z,1791357999267,28562,1211,42578,3,FAILSAFE,21264,28562,28542,false,,false,true,-0.45,3.19,14.87,0.001,-0.001,0.001,0,0,0,-0.001,0.001,-0.001,0,0,0,1000,1000,1000,1000
2026-10-07T07:26:39.276Z,1791357999276,28582,1212,42578,3,FAILSAFE,21281,28582,28566,false,,false,true,-0.45,3.18,14.87,-0.001,0.005,-0.003,0,0,0,0.001,-0.005,0.003,0,0,0,1000,1000,1000,1000
2026-10-07T07:26:39.306Z,1791357999306,28602,1213,42578,3,FAILSAFE,21299,28602,28598,false,,false,true,-0.44,3.17,14.87,0.001,-0.003,0.001,0,0,0,-0.001,0.003,-0.001,0,0,0,1000,1000,1000,1000
2026-10-07T07:26:39.317Z,1791357999317,28622,1214,42578,3,FAILSAFE,21317,28622,28619,false,,false,true,-0.44,3.16,14.87,0,-0.002,0.002,0,0,0,0,0.002,-0.002,0,0,0,1000,1000,1000,1000
2026-10-07T07:26:39.337Z,1791357999337,28642,1215,42578,3,FAILSAFE,21334,28642,28641,false,,false,true,-0.43,3.15,14.87,0.001,0.004,-0.002,0,0,0,-0.001,-0.004,0.002,0,0,0,1000,1000,1000,1000
2026-10-07T07:26:39.363Z,1791357999363,28662,1216,42578,3,FAILSAFE,21353,28662,28641,false,,false,true,-0.43,3.14,14.87,0.001,0,-0.001,0,0,0,-0.001,0,0.001,0,0,0,1000,1000,1000,1000
2026-10-07T07:26:39.378Z,1791357999378,28682,1217,42578,3,FAILSAFE,21370,28682,28666,false,,false,true,-0.42,3.13,14.87,0.002,0.002,0.001,0,0,0,-0.002,-0.002,-0.001,0,0,0,1000,1000,1000,1000
2026-10-07T07:26:39.412Z,1791357999412,28702,1218,42578,3,FAILSAFE,21388,28702,28692,false,,false,true,-0.42,3.13,14.87,0,-0.001,-0.002,0,0,0,0,0.001,0.002,0,0,0,1000,1000,1000,1000
2026-10-07T07:26:39.419Z,1791357999419,28722,1219,42578,3,FAILSAFE,21406,28722,28717,false,,false,true,-0.42,3.12,14.87,-0.002,0.003,0.003,0,0,0,0.002,-0.003,-0.003,0,0,0,1000,1000,1000,1000
2026-10-07T07:26:39.440Z,1791357999440,28742,1220,42578,3,FAILSAFE,21423,28742,28741,false,,false,true,-0.41,3.11,14.87,0.003,0.002,-0.003,0,0,0,-0.003,-0.002,0.003,0,0,0,1000,1000,1000,1000
2026-10-07T07:26:39.462Z,1791357999462,28762,1221,42578,3,FAILSAFE,21442,28762,28741,false,,false,true,-0.41,3.11,14.87,-0.003,0.001,0.001,0,0,0,0.003,-0.001,-0.001,0,0,0,1000,1000,1000,1000
2026-10-07T07:26:39.476Z,1791357999476,28782,1222,42578,3,FAILSAFE,21459,28782,28767,false,,false,true,-0.4,3.1,14.88,-0.005,-0.001,0.002,0,0,0,0.005,0.001,-0.002,0,0,0,1000,1000,1000,1000
2026-10-07T07:26:39.496Z,1791357999496,28802,1223,42578,3,FAILSAFE,21477,28802,28792,false,,false,true,-0.39,3.1,14.88,0.001,-0.002,0.003,0,0,0,-0.001,0.002,-0.003,0,0,0,1000,1000,1000,1000
2026-10-07T07:26:39.518Z,1791357999518,28822,1224,42578,3,FAILSAFE,21495,28822,28816,false,,false,true,-0.39,3.08,14.88,-0.001,-0.003,0.002,0,0,0,0.001,0.003,-0.002,0,0,0,1000,1000,1000,1000
2026-10-07T07:26:39.536Z,1791357999536,28844,1225,42578,3,FAILSAFE,21514,28844,28843,false,,false,true,-0.37,3.07,14.88,0.001,0.002,0.001,0,0,0,-0.001,-0.002,-0.001,0,0,0,1000,1000,1000,1000
2026-10-07T07:26:39.568Z,1791357999568,28863,1226,42578,3,FAILSAFE,21533,28863,28843,false,,false,true,-0.37,3.07,14.88,0.001,0.001,-0.001,0,0,0,-0.001,-0.001,0.001,0,0,0,1000,1000,1000,1000
2026-10-07T07:26:39.578Z,1791357999578,28883,1227,42578,3,FAILSAFE,21550,28883,28867,false,,false,true,-0.37,3.07,14.88,-0.001,0.001,-0.001,0,0,0,0.001,-0.001,0.001,0,0,0,1000,1000,1000,1000
2026-10-07T07:26:39.599Z,1791357999599,28903,1228,42578,3,FAILSAFE,21568,28903,28892,false,,false,true,-0.37,3.06,14.88,0.001,0.001,-0.003,0,0,0,-0.001,-0.001,0.003,0,0,0,1000,1000,1000,1000
2026-10-07T07:26:39.617Z,1791357999617,28923,1229,42578,3,FAILSAFE,21586,28923,28916,false,,false,true,-0.37,3.05,14.88,-0.003,-0.001,0,0,0,0,0.003,0.001,0,0,0,0,1000,1000,1000,1000
2026-10-07T07:26:39.636Z,1791357999636,28943,1230,42578,3,FAILSAFE,21603,28943,28941,false,,false,true,-0.37,3.04,14.88,-0.002,-0.001,-0.002,0,0,0,0.002,0.001,0.002,0,0,0,1000,1000,1000,1000
2026-10-07T07:26:39.667Z,1791357999667,28963,1231,42578,3,FAILSAFE,21622,28963,28941,false,,false,true,-0.37,3.04,14.88,-0.001,0.001,0,0,0,0,0.001,-0.001,0,0,0,0,1000,1000,1000,1000
2026-10-07T07:26:39.677Z,1791357999677,28983,1232,42578,3,FAILSAFE,21639,28983,28970,false,,false,true,-0.37,3.03,14.88,-0.003,0.002,-0.002,0,0,0,0.003,-0.002,0.002,0,0,0,1000,1000,1000,1000
2026-10-07T07:26:39.697Z,1791357999697,29003,1233,42578,3,FAILSAFE,21657,29003,28994,false,,false,true,-0.36,3.02,14.87,0.002,0.001,-0.002,0,0,0,-0.002,-0.001,0.002,0,0,0,1000,1000,1000,1000
2026-10-07T07:26:39.723Z,1791357999723,29023,1234,42578,3,FAILSAFE,21675,29023,29020,false,,false,true,-0.36,3.02,14.88,-0.001,-0.001,0,0,0,0,0.001,0.001,0,0,0,0,1000,1000,1000,1000
2026-10-07T07:26:39.738Z,1791357999738,29044,1235,42578,3,FAILSAFE,21693,29044,29043,false,,false,true,-0.36,3.01,14.88,-0.001,0.004,-0.002,0,0,0,0.001,-0.004,0.002,0,0,0,1000,1000,1000,1000
2026-10-07T07:26:39.764Z,1791357999764,29063,1236,42578,3,FAILSAFE,21712,29063,29043,false,,false,true,-0.36,3.01,14.87,0.002,0,-0.003,0,0,0,-0.002,0,0.003,0,0,0,1000,1000,1000,1000
2026-10-07T07:26:39.779Z,1791357999779,29083,1237,42578,3,FAILSAFE,21729,29083,29066,false,,false,true,-0.36,3.01,14.87,0,-0.002,0.004,0,0,0,0,0.002,-0.004,0,0,0,1000,1000,1000,1000
2026-10-07T07:26:39.796Z,1791357999796,29103,1238,42578,3,FAILSAFE,21747,29103,29092,false,,false,true,-0.36,3.01,14.87,0.001,0.002,0.002,0,0,0,-0.001,-0.002,-0.002,0,0,0,1000,1000,1000,1000
2026-10-07T07:26:39.820Z,1791357999820,29123,1239,42578,3,FAILSAFE,21765,29123,29116,false,,false,true,-0.35,3.01,14.87,-0.002,-0.001,-0.001,0,0,0,0.002,0.001,0.001,0,0,0,1000,1000,1000,1000
2026-10-07T07:26:39.839Z,1791357999839,29144,1240,42578,3,FAILSAFE,21783,29144,29143,false,,false,true,-0.35,3,14.87,-0.001,0.005,0.001,0,0,0,0.001,-0.005,-0.001,0,0,0,1000,1000,1000,1000
2026-10-07T07:26:39.863Z,1791357999863,29163,1241,42578,3,FAILSAFE,21802,29163,29143,false,,false,true,-0.35,3,14.87,-0.001,-0.001,-0.003,0,0,0,0.001,0.001,0.003,0,0,0,1000,1000,1000,1000
2026-10-07T07:26:39.882Z,1791357999882,29183,1242,42578,3,FAILSAFE,21819,29183,29166,false,,false,true,-0.35,2.99,14.87,0.001,0.001,-0.001,0,0,0,-0.001,-0.001,0.001,0,0,0,1000,1000,1000,1000
2026-10-07T07:26:39.897Z,1791357999897,29203,1243,42578,3,FAILSAFE,21837,29203,29193,false,,false,true,-0.35,2.99,14.87,0.002,0,0,0,0,0,-0.002,0,0,0,0,0,1000,1000,1000,1000
2026-10-07T07:26:39.921Z,1791357999921,29223,1244,42578,3,FAILSAFE,21855,29223,29217,false,,false,true,-0.35,2.99,14.87,0.002,0.002,-0.001,0,0,0,-0.002,-0.002,0.001,0,0,0,1000,1000,1000,1000
2026-10-07T07:26:39.936Z,1791357999936,29243,1245,42578,3,FAILSAFE,21873,29243,29217,false,,false,true,-0.35,2.99,14.87,-0.002,0,-0.003,0,0,0,0.002,0,0.003,0,0,0,1000,1000,1000,1000
2026-10-07T07:26:39.963Z,1791357999963,29263,1246,42578,3,FAILSAFE,21892,29263,29246,false,,false,true,-0.34,2.99,14.87,-0.002,0.004,0,0,0,0,0.002,-0.004,0,0,0,0,1000,1000,1000,1000
2026-10-07T07:26:39.976Z,1791357999976,29283,1247,42578,3,FAILSAFE,21909,29283,29266,false,,false,true,-0.34,2.98,14.87,0,-0.002,-0.003,0,0,0,0,0.002,0.003,0,0,0,1000,1000,1000,1000
2026-10-07T07:26:39.999Z,1791357999999,29303,1248,42578,3,FAILSAFE,21927,29303,29292,false,,false,true,-0.34,2.98,14.87,0.003,0.002,0,0,0,0,-0.003,-0.002,0,0,0,0,1000,1000,1000,1000
2026-10-07T07:26:40.017Z,1791358000017,29323,1249,42578,3,FAILSAFE,21945,29323,29321,false,,false,true,-0.33,2.97,14.87,-0.003,0.002,0.001,0,0,0,0.003,-0.002,-0.001,0,0,0,1000,1000,1000,1000
2026-10-07T07:26:40.037Z,1791358000037,29343,1250,42578,3,FAILSAFE,21962,29343,29341,false,,false,true,-0.33,2.97,14.87,0.001,0.001,-0.002,0,0,0,-0.001,-0.001,0.002,0,0,0,1000,1000,1000,1000
2026-10-07T07:26:40.065Z,1791358000065,29363,1251,42578,3,FAILSAFE,21981,29363,29341,false,,false,true,-0.33,2.97,14.87,-0.002,0.002,-0.002,0,0,0,0.002,-0.002,0.002,0,0,0,1000,1000,1000,1000
2026-10-07T07:26:40.081Z,1791358000081,29383,1252,42578,3,FAILSAFE,21998,29383,29366,false,,false,true,-0.33,2.97,14.86,0.001,0,0.001,0,0,0,-0.001,0,-0.001,0,0,0,1000,1000,1000,1000
2026-10-07T07:26:40.096Z,1791358000096,29403,1253,42578,3,FAILSAFE,22016,29403,29392,false,,false,true,-0.33,2.97,14.86,-0.003,0.002,0,0,0,0,0.003,-0.002,0,0,0,0,1000,1000,1000,1000
2026-10-07T07:26:40.117Z,1791358000117,29423,1254,42578,3,FAILSAFE,22034,29423,29420,false,,false,true,-0.33,2.96,14.86,0.002,0.001,0.001,0,0,0,-0.002,-0.001,-0.001,0,0,0,1000,1000,1000,1000
2026-10-07T07:26:40.136Z,1791358000136,29443,1255,42578,3,FAILSAFE,22051,29443,29442,false,,false,true,-0.33,2.96,14.86,-0.001,0.001,-0.001,0,0,0,0.001,-0.001,0.001,0,0,0,1000,1000,1000,1000
2026-10-07T07:26:40.165Z,1791358000165,29463,1256,42578,3,FAILSAFE,22070,29463,29442,false,,false,true,-0.33,2.96,14.86,-0.002,0,-0.002,0,0,0,0.002,0,0.002,0,0,0,1000,1000,1000,1000
2026-10-07T07:26:40.188Z,1791358000188,29483,1257,42578,3,FAILSAFE,22087,29483,29466,false,,false,true,-0.33,2.95,14.86,0.001,-0.003,0.001,0,0,0,-0.001,0.003,-0.001,0,0,0,1000,1000,1000,1000
2026-10-07T07:26:40.197Z,1791358000197,29503,1258,42578,3,FAILSAFE,22105,29503,29493,false,,false,true,-0.33,2.95,14.86,0.001,0.001,0.001,0,0,0,-0.001,-0.001,-0.001,0,0,0,1000,1000,1000,1000
2026-10-07T07:26:40.217Z,1791358000217,29523,1259,42578,3,FAILSAFE,22123,29523,29518,false,,false,true,-0.33,2.95,14.86,-0.005,0.004,-0.001,0,0,0,0.005,-0.004,0.001,0,0,0,1000,1000,1000,1000
2026-10-07T07:26:40.236Z,1791358000236,29543,1260,42578,3,FAILSAFE,22140,29543,29541,false,,false,true,-0.32,2.96,14.86,-0.001,-0.002,0.001,0,0,0,0.001,0.002,-0.001,0,0,0,1000,1000,1000,1000
2026-10-07T07:26:40.265Z,1791358000265,29563,1261,42578,3,FAILSAFE,22159,29563,29541,false,,false,true,-0.33,2.96,14.86,-0.001,0.001,0.002,0,0,0,0.001,-0.001,-0.002,0,0,0,1000,1000,1000,1000
2026-10-07T07:26:40.277Z,1791358000277,29583,1262,42578,3,FAILSAFE,22176,29583,29566,false,,false,true,-0.32,2.96,14.86,-0.001,0.001,0,0,0,0,0.001,-0.001,0,0,0,0,1000,1000,1000,1000
2026-10-07T07:26:40.296Z,1791358000296,29603,1263,42578,3,FAILSAFE,22194,29603,29592,false,,false,true,-0.32,2.96,14.86,0.002,0.001,-0.001,0,0,0,-0.002,-0.001,0.001,0,0,0,1000,1000,1000,1000
2026-10-07T07:26:40.319Z,1791358000319,29623,1264,42578,3,FAILSAFE,22212,29623,29618,false,,false,true,-0.32,2.95,14.86,-0.002,-0.002,0,0,0,0,0.002,0.002,0,0,0,0,1000,1000,1000,1000
2026-10-07T07:26:40.336Z,1791358000336,29643,1265,42578,3,FAILSAFE,22229,29643,29641,false,,false,true,-0.32,2.95,14.86,-0.001,0.001,-0.002,0,0,0,0.001,-0.001,0.002,0,0,0,1000,1000,1000,1000
2026-10-07T07:26:40.367Z,1791358000367,29663,1266,42578,3,FAILSAFE,22248,29663,29641,false,,false,true,-0.31,2.95,14.86,-0.001,0,-0.001,0,0,0,0.001,0,0.001,0,0,0,1000,1000,1000,1000
2026-10-07T07:26:40.388Z,1791358000388,29683,1267,42578,3,FAILSAFE,22265,29683,29666,false,,false,true,-0.31,2.95,14.86,0,0,-0.001,0,0,0,0,0,0.001,0,0,0,1000,1000,1000,1000
2026-10-07T07:26:40.397Z,1791358000397,29703,1268,42578,3,FAILSAFE,22283,29703,29692,false,,false,true,-0.31,2.95,14.86,0,0.001,0.001,0,0,0,0,-0.001,-0.001,0,0,0,1000,1000,1000,1000
2026-10-07T07:26:40.418Z,1791358000418,29723,1269,42578,3,FAILSAFE,22301,29723,29720,false,,false,true,-0.31,2.95,14.86,-0.001,0,0.001,0,0,0,0.001,0,-0.001,0,0,0,1000,1000,1000,1000
2026-10-07T07:26:40.438Z,1791358000438,29744,1270,42578,3,FAILSAFE,22319,29744,29743,false,,false,true,-0.31,2.94,14.86,0,0,0.001,0,0,0,0,0,-0.001,0,0,0,1000,1000,1000,1000
2026-10-07T07:26:40.469Z,1791358000469,29763,1271,42578,3,FAILSAFE,22338,29763,29743,false,,false,true,-0.31,2.94,14.86,-0.002,-0.001,-0.002,0,0,0,0.002,0.001,0.002,0,0,0,1000,1000,1000,1000
2026-10-07T07:26:40.475Z,1791358000475,29783,1272,42578,3,FAILSAFE,22355,29783,29767,false,,false,true,-0.31,2.94,14.86,0,-0.003,0.001,0,0,0,0,0.003,-0.001,0,0,0,1000,1000,1000,1000
2026-10-07T07:26:40.496Z,1791358000496,29803,1273,42578,3,FAILSAFE,22373,29803,29792,false,,false,true,-0.32,2.93,14.86,-0.002,0.003,0.001,0,0,0,0.002,-0.003,-0.001,0,0,0,1000,1000,1000,1000
2026-10-07T07:26:40.526Z,1791358000526,29823,1274,42578,3,FAILSAFE,22391,29823,29817,false,,false,true,-0.32,2.93,14.86,0.001,0.002,-0.002,0,0,0,-0.001,-0.002,0.002,0,0,0,1000,1000,1000,1000
2026-10-07T07:26:40.538Z,1791358000538,29843,1275,42578,3,FAILSAFE,22408,29843,29841,false,,false,true,-0.32,2.93,14.86,-0.002,0.002,-0.001,0,0,0,0.002,-0.002,0.001,0,0,0,1000,1000,1000,1000
2026-10-07T07:26:40.566Z,1791358000566,29863,1276,42578,3,FAILSAFE,22427,29863,29841,false,,false,true,-0.32,2.93,14.86,-0.001,0,0.002,0,0,0,0.001,0,-0.002,0,0,0,1000,1000,1000,1000
2026-10-07T07:26:40.577Z,1791358000577,29883,1277,42578,3,FAILSAFE,22444,29883,29867,false,,false,true,-0.32,2.93,14.86,-0.003,-0.001,0.003,0,0,0,0.003,0.001,-0.003,0,0,0,1000,1000,1000,1000
2026-10-07T07:26:40.598Z,1791358000598,29903,1278,42578,3,FAILSAFE,22462,29903,29893,false,,false,true,-0.31,2.93,14.86,-0.001,0.003,0.003,0,0,0,0.001,-0.003,-0.003,0,0,0,1000,1000,1000,1000
2026-10-07T07:26:40.623Z,1791358000623,29923,1279,42578,3,FAILSAFE,22480,29923,29917,false,,false,true,-0.32,2.92,14.86,0.001,0.001,0.002,0,0,0,-0.001,-0.001,-0.002,0,0,0,1000,1000,1000,1000
2026-10-07T07:26:40.636Z,1791358000636,29943,1280,42578,3,FAILSAFE,22497,29943,29942,false,,false,true,-0.32,2.92,14.86,-0.003,-0.001,0,0,0,0,0.003,0.001,0,0,0,0,1000,1000,1000,1000
2026-10-07T07:26:40.664Z,1791358000664,29963,1281,42578,3,FAILSAFE,22516,29963,29942,false,,false,true,-0.32,2.92,14.86,-0.001,-0.003,-0.001,0,0,0,0.001,0.003,0.001,0,0,0,1000,1000,1000,1000
2026-10-07T07:26:40.676Z,1791358000676,29983,1282,42578,3,FAILSAFE,22533,29983,29966,false,,false,true,-0.32,2.92,14.86,-0.002,0,0.001,0,0,0,0.002,0,-0.001,0,0,0,1000,1000,1000,1000
2026-10-07T07:26:40.704Z,1791358000704,30003,1283,42578,3,FAILSAFE,22551,30003,29994,false,,false,true,-0.32,2.92,14.86,0.001,-0.002,-0.002,0,0,0,-0.001,0.002,0.002,0,0,0,1000,1000,1000,1000
2026-10-07T07:26:40.721Z,1791358000721,30023,1284,42578,3,FAILSAFE,22570,30023,29994,false,,false,true,-0.32,2.93,14.86,-0.003,0,0.002,0,0,0,0.003,0,-0.002,0,0,0,1000,1000,1000,1000
2026-10-07T07:26:40.742Z,1791358000742,30044,1285,42578,3,FAILSAFE,22588,30044,30043,false,,false,true,-0.32,2.92,14.86,-0.002,0.002,-0.002,0,0,0,0.002,-0.002,0.002,0,0,0,1000,1000,1000,1000
2026-10-07T07:26:40.764Z,1791358000764,30063,1286,42578,3,FAILSAFE,22607,30063,30043,false,,false,true,-0.32,2.92,14.86,0.002,0.001,-0.001,0,0,0,-0.002,-0.001,0.001,0,0,0,1000,1000,1000,1000
2026-10-07T07:26:40.777Z,1791358000777,30083,1287,42578,3,FAILSAFE,22624,30083,30067,false,,false,true,-0.32,2.92,14.86,0,0.002,-0.001,0,0,0,0,-0.002,0.001,0,0,0,1000,1000,1000,1000
2026-10-07T07:26:40.795Z,1791358000795,30103,1288,42578,3,FAILSAFE,22642,30103,30092,false,,false,true,-0.32,2.93,14.86,-0.001,0.002,-0.001,0,0,0,0.001,-0.002,0.001,0,0,0,1000,1000,1000,1000
2026-10-07T07:26:40.818Z,1791358000818,30123,1289,42578,3,FAILSAFE,22660,30123,30117,false,,false,true,-0.32,2.93,14.86,-0.003,0.004,0,0,0,0,0.003,-0.004,0,0,0,0,1000,1000,1000,1000
2026-10-07T07:26:40.836Z,1791358000836,30143,1290,42578,3,FAILSAFE,22678,30143,30117,false,,false,true,-0.32,2.93,14.86,0.002,-0.002,-0.002,0,0,0,-0.002,0.002,0.002,0,0,0,1000,1000,1000,1000
2026-10-07T07:26:40.864Z,1791358000864,30163,1291,42578,3,FAILSAFE,22696,30163,30146,false,,false,true,-0.32,2.93,14.86,-0.002,0.001,-0.001,0,0,0,0.002,-0.001,0.001,0,0,0,1000,1000,1000,1000
2026-10-07T07:26:40.879Z,1791358000879,30183,1292,42578,3,FAILSAFE,22713,30183,30167,false,,false,true,-0.32,2.93,14.86,-0.001,0.001,0.001,0,0,0,0.001,-0.001,-0.001,0,0,0,1000,1000,1000,1000
2026-10-07T07:26:40.899Z,1791358000899,30203,1293,42578,3,FAILSAFE,22731,30203,30192,false,,false,true,-0.32,2.92,14.86,-0.001,-0.001,0.002,0,0,0,0.001,0.001,-0.002,0,0,0,1000,1000,1000,1000
2026-10-07T07:26:40.915Z,1791358000915,30223,1294,42578,3,FAILSAFE,22749,30223,30222,false,,false,true,-0.32,2.92,14.86,0.001,0.003,-0.001,0,0,0,-0.001,-0.003,0.001,0,0,0,1000,1000,1000,1000
2026-10-07T07:26:40.938Z,1791358000938,30244,1295,42578,3,FAILSAFE,22767,30244,30243,false,,false,true,-0.31,2.92,14.86,0.001,0.002,-0.002,0,0,0,-0.001,-0.002,0.002,0,0,0,1000,1000,1000,1000
2026-10-07T07:26:40.964Z,1791358000964,30263,1296,42578,3,FAILSAFE,22786,30263,30243,false,,false,true,-0.31,2.92,14.85,0.001,-0.002,-0.001,0,0,0,-0.001,0.002,0.001,0,0,0,1000,1000,1000,1000
2026-10-07T07:26:40.977Z,1791358000977,30283,1297,42578,3,FAILSAFE,22803,30283,30269,false,,false,true,-0.31,2.92,14.85,-0.001,0,0,0,0,0,0.001,0,0,0,0,0,1000,1000,1000,1000
2026-10-07T07:26:40.995Z,1791358000995,30303,1298,42578,3,FAILSAFE,22821,30303,30292,false,,false,true,-0.31,2.92,14.85,-0.001,0.002,0.001,0,0,0,0.001,-0.002,-0.001,0,0,0,1000,1000,1000,1000
2026-10-07T07:26:41.024Z,1791358001024,30323,1299,42578,3,FAILSAFE,22839,30323,30317,false,,false,true,-0.31,2.92,14.85,-0.001,0.001,-0.001,0,0,0,0.001,-0.001,0.001,0,0,0,1000,1000,1000,1000
2026-10-07T07:26:41.038Z,1791358001038,30343,1300,42578,3,FAILSAFE,22857,30343,30317,false,,false,true,-0.31,2.92,14.85,-0.005,-0.002,0.002,0,0,0,0.005,0.002,-0.002,0,0,0,1000,1000,1000,1000
2026-10-07T07:26:41.064Z,1791358001064,30363,1301,42578,3,FAILSAFE,22876,30363,30346,false,,false,true,-0.31,2.92,14.85,-0.001,0.001,-0.002,0,0,0,0.001,-0.001,0.002,0,0,0,1000,1000,1000,1000
2026-10-07T07:26:41.077Z,1791358001077,30383,1302,42578,3,FAILSAFE,22893,30383,30367,false,,false,true,-0.31,2.92,14.85,0.001,0,0,0,0,0,-0.001,0,0,0,0,0,1000,1000,1000,1000
2026-10-07T07:26:41.100Z,1791358001100,30403,1303,42578,3,FAILSAFE,22911,30403,30393,false,,false,true,-0.31,2.92,14.85,-0.004,-0.001,-0.002,0,0,0,0.004,0.001,0.002,0,0,0,1000,1000,1000,1000
2026-10-07T07:26:41.118Z,1791358001118,30423,1304,42578,3,FAILSAFE,22929,30423,30417,false,,false,true,-0.31,2.92,14.85,0.002,0,0,0,0,0,-0.002,0,0,0,0,0,1000,1000,1000,1000
2026-10-07T07:26:41.136Z,1791358001136,30443,1305,42578,3,FAILSAFE,22947,30443,30417,false,,false,true,-0.31,2.92,14.85,-0.002,-0.002,-0.001,0,0,0,0.002,0.002,0.001,0,0,0,1000,1000,1000,1000
2026-10-07T07:26:41.167Z,1791358001167,30463,1306,42578,3,FAILSAFE,22965,30463,30446,false,,false,true,-0.32,2.92,14.85,0,0.001,-0.001,0,0,0,0,-0.001,0.001,0,0,0,1000,1000,1000,1000
2026-10-07T07:26:41.184Z,1791358001184,30483,1307,42578,3,FAILSAFE,22982,30483,30467,false,,false,true,-0.32,2.92,14.85,-0.002,-0.001,-0.003,0,0,0,0.002,0.001,0.003,0,0,0,1000,1000,1000,1000
2026-10-07T07:26:41.200Z,1791358001200,30503,1308,42578,3,FAILSAFE,23000,30503,30492,false,,false,true,-0.32,2.92,14.85,0.001,0.003,0.001,0,0,0,-0.001,-0.003,-0.001,0,0,0,1000,1000,1000,1000
2026-10-07T07:26:41.222Z,1791358001222,30523,1309,42578,3,FAILSAFE,23018,30523,30517,false,,false,true,-0.32,2.92,14.85,-0.002,0.002,0,0,0,0,0.002,-0.002,0,0,0,0,1000,1000,1000,1000
2026-10-07T07:26:41.238Z,1791358001238,30545,1310,42578,3,FAILSAFE,23037,30545,30544,false,,false,true,-0.32,2.92,14.85,0,0.001,-0.001,0,0,0,0,-0.001,0.001,0,0,0,1000,1000,1000,1000
2026-10-07T07:26:41.264Z,1791358001264,30564,1311,42578,3,FAILSAFE,23056,30564,30544,false,,false,true,-0.32,2.92,14.85,-0.002,0.001,0.001,0,0,0,0.002,-0.001,-0.001,0,0,0,1000,1000,1000,1000
2026-10-07T07:26:41.275Z,1791358001275,30584,1312,42578,3,FAILSAFE,23073,30584,30567,false,,false,true,-0.32,2.92,14.85,-0.002,-0.002,0.002,0,0,0,0.002,0.002,-0.002,0,0,0,1000,1000,1000,1000
2026-10-07T07:26:41.295Z,1791358001295,30604,1313,42578,3,FAILSAFE,23091,30604,30593,false,,false,true,-0.32,2.91,14.85,-0.002,0.002,0,0,0,0,0.002,-0.002,0,0,0,0,1000,1000,1000,1000
2026-10-07T07:26:41.319Z,1791358001319,30624,1314,42578,3,FAILSAFE,23109,30624,30617,false,,false,true,-0.31,2.91,14.85,0.001,-0.001,0.002,0,0,0,-0.001,0.001,-0.002,0,0,0,1000,1000,1000,1000
2026-10-07T07:26:41.338Z,1791358001338,30644,1315,42578,3,FAILSAFE,23126,30644,30642,false,,false,true,-0.32,2.91,14.85,0.001,0,0.001,0,0,0,-0.001,0,-0.001,0,0,0,1000,1000,1000,1000
2026-10-07T07:26:41.366Z,1791358001366,30664,1316,42578,3,FAILSAFE,23145,30664,30642,false,,false,true,-0.32,2.91,14.85,-0.001,0.001,-0.002,0,0,0,0.001,-0.001,0.002,0,0,0,1000,1000,1000,1000
2026-10-07T07:26:41.375Z,1791358001375,30684,1317,42578,3,FAILSAFE,23162,30684,30667,false,,false,true,-0.32,2.91,14.84,-0.002,0.001,0.001,0,0,0,0.002,-0.001,-0.001,0,0,0,1000,1000,1000,1000
2026-10-07T07:26:41.396Z,1791358001396,30704,1318,42578,3,FAILSAFE,23180,30704,30693,false,,false,true,-0.31,2.91,14.84,-0.001,0,-0.002,0,0,0,0.001,0,0.002,0,0,0,1000,1000,1000,1000
2026-10-07T07:26:41.417Z,1791358001417,30724,1319,42578,3,FAILSAFE,23198,30724,30717,false,,false,true,-0.31,2.91,14.84,-0.001,0,0.002,0,0,0,0.001,0,-0.002,0,0,0,1000,1000,1000,1000
2026-10-07T07:26:41.438Z,1791358001438,30744,1320,42578,3,FAILSAFE,23216,30744,30717,false,,false,true,-0.31,2.91,14.84,-0.001,0.001,0.001,0,0,0,0.001,-0.001,-0.001,0,0,0,1000,1000,1000,1000
2026-10-07T07:26:41.467Z,1791358001467,30764,1321,42578,3,FAILSAFE,23234,30764,30747,false,,false,true,-0.31,2.91,14.84,0.002,0.002,-0.001,0,0,0,-0.002,-0.002,0.001,0,0,0,1000,1000,1000,1000
2026-10-07T07:26:41.477Z,1791358001477,30784,1322,42578,3,FAILSAFE,23251,30784,30767,false,,false,true,-0.31,2.91,14.84,0.002,0.001,0.001,0,0,0,-0.002,-0.001,-0.001,0,0,0,1000,1000,1000,1000
2026-10-07T07:26:41.499Z,1791358001499,30804,1323,42578,3,FAILSAFE,23269,30804,30792,false,,false,true,-0.31,2.91,14.84,-0.001,-0.001,-0.001,0,0,0,0.001,0.001,0.001,0,0,0,1000,1000,1000,1000
2026-10-07T07:26:41.531Z,1791358001531,30824,1324,42578,3,FAILSAFE,23287,30824,30819,false,,false,true,-0.31,2.91,14.84,-0.002,0,0.002,0,0,0,0.002,0,-0.002,0,0,0,1000,1000,1000,1000
2026-10-07T07:26:41.542Z,1791358001542,30844,1325,42578,3,FAILSAFE,23305,30844,30819,false,,false,true,-0.31,2.91,14.84,0,-0.002,-0.001,0,0,0,0,0.002,0.001,0,0,0,1000,1000,1000,1000
2026-10-07T07:26:41.565Z,1791358001565,30864,1326,42578,3,FAILSAFE,23323,30864,30847,false,,false,true,-0.31,2.91,14.85,-0.003,0.001,0.002,0,0,0,0.003,-0.001,-0.002,0,0,0,1000,1000,1000,1000
2026-10-07T07:26:41.580Z,1791358001580,30884,1327,42578,3,FAILSAFE,23340,30884,30867,false,,false,true,-0.31,2.91,14.85,0,-0.001,0.001,0,0,0,0,0.001,-0.001,0,0,0,1000,1000,1000,1000
2026-10-07T07:26:41.595Z,1791358001595,30904,1328,42578,3,FAILSAFE,23358,30904,30893,false,,false,true,-0.31,2.91,14.85,0.001,0,-0.001,0,0,0,-0.001,0,0.001,0,0,0,1000,1000,1000,1000
2026-10-07T07:26:41.622Z,1791358001622,30924,1329,42578,3,FAILSAFE,23376,30924,30917,false,,false,true,-0.31,2.91,14.85,-0.002,-0.002,0.002,0,0,0,0.002,0.002,-0.002,0,0,0,1000,1000,1000,1000
2026-10-07T07:26:41.637Z,1791358001637,30944,1330,42578,3,FAILSAFE,23393,30944,30942,false,,false,true,-0.31,2.91,14.85,-0.001,-0.001,0,0,0,0,0.001,0.001,0,0,0,0,1000,1000,1000,1000
2026-10-07T07:26:41.667Z,1791358001667,30964,1331,42578,3,FAILSAFE,23412,30964,30942,false,,false,true,-0.31,2.91,14.85,-0.001,-0.002,0.001,0,0,0,0.001,0.002,-0.001,0,0,0,1000,1000,1000,1000
2026-10-07T07:26:41.680Z,1791358001680,30984,1332,42578,3,FAILSAFE,23429,30984,30967,false,,false,true,-0.31,2.91,14.85,0.002,0.002,-0.002,0,0,0,-0.002,-0.002,0.002,0,0,0,1000,1000,1000,1000
2026-10-07T07:26:41.698Z,1791358001698,31004,1333,42578,3,FAILSAFE,23447,31004,30992,false,,false,true,-0.31,2.91,14.85,-0.003,0,0.001,0,0,0,0.003,0,-0.001,0,0,0,1000,1000,1000,1000
2026-10-07T07:26:41.718Z,1791358001718,31024,1334,42578,3,FAILSAFE,23465,31024,31018,false,,false,true,-0.31,2.91,14.85,-0.002,-0.001,0.001,0,0,0,0.002,0.001,-0.001,0,0,0,1000,1000,1000,1000
2026-10-07T07:26:41.774Z,1791358001774,31046,1335,42578,3,FAILSAFE,23484,31046,31045,false,,false,true,-0.31,2.91,14.85,0.002,0,-0.002,0,0,0,-0.002,0,0.002,0,0,0,1000,1000,1000,1000
2026-10-07T07:26:41.777Z,1791358001777,31065,1336,42578,3,FAILSAFE,23503,31065,31045,false,,false,true,-0.3,2.91,14.85,-0.001,0.001,-0.001,0,0,0,0.001,-0.001,0.001,0,0,0,1000,1000,1000,1000
2026-10-07T07:26:41.796Z,1791358001796,31085,1337,42578,3,FAILSAFE,23521,31085,31078,false,,false,true,-0.3,2.91,14.85,0.003,-0.001,0.001,0,0,0,-0.003,0.001,-0.001,0,0,0,1000,1000,1000,1000
2026-10-07T07:26:41.800Z,1791358001800,31105,1338,42578,3,FAILSAFE,23539,31105,31096,false,,false,true,-0.3,2.91,14.85,0.001,0.001,-0.004,0,0,0,-0.001,-0.001,0.004,0,0,0,1000,1000,1000,1000
2026-10-07T07:26:41.827Z,1791358001827,31125,1339,42578,3,FAILSAFE,23557,31125,31124,false,,false,true,-0.3,2.91,14.85,-0.002,-0.001,-0.002,0,0,0,0.002,0.001,0.002,0,0,0,1000,1000,1000,1000
2026-10-07T07:26:41.858Z,1791358001858,31146,1340,42578,3,FAILSAFE,23575,31146,31145,false,,false,true,-0.3,2.91,14.85,0.002,0.001,-0.001,0,0,0,-0.002,-0.001,0.001,0,0,0,1000,1000,1000,1000
2026-10-07T07:26:41.864Z,1791358001864,31165,1341,42578,3,FAILSAFE,23594,31165,31145,false,,false,true,-0.3,2.91,14.85,0.002,0.001,-0.001,0,0,0,-0.002,-0.001,0.001,0,0,0,1000,1000,1000,1000
2026-10-07T07:26:41.882Z,1791358001882,31185,1342,42578,3,FAILSAFE,23611,31185,31168,false,,false,true,-0.3,2.91,14.85,0.001,0,0,0,0,0,-0.001,0,0,0,0,0,1000,1000,1000,1000
2026-10-07T07:26:41.896Z,1791358001896,31205,1343,42578,3,FAILSAFE,23629,31205,31192,false,,false,true,-0.3,2.91,14.84,0,-0.001,-0.003,0,0,0,0,0.001,0.003,0,0,0,1000,1000,1000,1000
2026-10-07T07:26:41.925Z,1791358001925,31225,1344,42578,3,FAILSAFE,23647,31225,31217,false,,false,true,-0.3,2.91,14.84,-0.001,0,-0.002,0,0,0,0.001,0,0.002,0,0,0,1000,1000,1000,1000
2026-10-07T07:26:41.956Z,1791358001956,31245,1345,42578,3,FAILSAFE,23665,31245,31217,false,,false,true,-0.31,2.91,14.84,-0.003,0.001,-0.001,0,0,0,0.003,-0.001,0.001,0,0,0,1000,1000,1000,1000
2026-10-07T07:26:41.957Z,1791358001957,31265,1346,42578,3,FAILSAFE,23683,31265,31250,false,,false,true,-0.31,2.91,14.84,0.001,-0.001,0.001,0,0,0,-0.001,0.001,-0.001,0,0,0,1000,1000,1000,1000
2026-10-07T07:26:41.978Z,1791358001978,31285,1347,42578,3,FAILSAFE,23701,31285,31268,false,,false,true,-0.31,2.91,14.84,-0.001,0.001,0.001,0,0,0,0.001,-0.001,-0.001,0,0,0,1000,1000,1000,1000
2026-10-07T07:26:41.999Z,1791358001999,31305,1348,42578,3,FAILSAFE,23719,31305,31293,false,,false,true,-0.31,2.91,14.84,-0.001,0.002,-0.001,0,0,0,0.001,-0.002,0.001,0,0,0,1000,1000,1000,1000
2026-10-07T07:26:42.027Z,1791358002027,31325,1349,42578,3,FAILSAFE,23737,31325,31317,false,,false,true,-0.3,2.91,14.84,0.001,-0.002,-0.002,0,0,0,-0.001,0.002,0.002,0,0,0,1000,1000,1000,1000
2026-10-07T07:26:42.056Z,1791358002056,31345,1350,42578,3,FAILSAFE,23754,31345,31342,false,,false,true,-0.3,2.91,14.84,-0.001,0.002,-0.001,0,0,0,0.001,-0.002,0.001,0,0,0,1000,1000,1000,1000
2026-10-07T07:26:42.060Z,1791358002060,31365,1351,42578,3,FAILSAFE,23773,31365,31342,false,,false,true,-0.3,2.91,14.84,-0.003,0.005,0,0,0,0,0.003,-0.005,0,0,0,0,1000,1000,1000,1000
2026-10-07T07:26:42.086Z,1791358002086,31385,1352,42578,3,FAILSAFE,23790,31385,31369,false,,false,true,-0.3,2.91,14.84,0.001,0.001,0.002,0,0,0,-0.001,-0.001,-0.002,0,0,0,1000,1000,1000,1000
2026-10-07T07:26:42.096Z,1791358002096,31405,1353,42578,3,FAILSAFE,23808,31405,31396,false,,false,true,-0.3,2.91,14.84,0.002,-0.001,0,0,0,0,-0.002,0.001,0,0,0,0,1000,1000,1000,1000
2026-10-07T07:26:42.127Z,1791358002127,31425,1354,42578,3,FAILSAFE,23826,31425,31417,false,,false,true,-0.3,2.92,14.84,0,-0.001,-0.003,0,0,0,0,0.001,0.003,0,0,0,1000,1000,1000,1000
2026-10-07T07:26:42.158Z,1791358002158,31445,1355,42578,3,FAILSAFE,23843,31445,31442,false,,false,true,-0.29,2.91,14.84,-0.001,0.001,0.003,0,0,0,0.001,-0.001,-0.003,0,0,0,1000,1000,1000,1000
2026-10-07T07:26:42.167Z,1791358002167,31465,1356,42578,3,FAILSAFE,23862,31465,31442,false,,false,true,-0.29,2.91,14.84,0.001,-0.001,-0.002,0,0,0,-0.001,0.001,0.002,0,0,0,1000,1000,1000,1000
2026-10-07T07:26:42.180Z,1791358002180,31485,1357,42578,3,FAILSAFE,23879,31485,31468,false,,false,true,-0.29,2.92,14.84,0.002,0.003,0,0,0,0,-0.002,-0.003,0,0,0,0,1000,1000,1000,1000
2026-10-07T07:26:42.195Z,1791358002195,31505,1358,42578,3,FAILSAFE,23897,31505,31492,false,,false,true,-0.29,2.92,14.84,0.001,0.001,0.001,0,0,0,-0.001,-0.001,-0.001,0,0,0,1000,1000,1000,1000
2026-10-07T07:26:42.227Z,1791358002227,31525,1359,42578,3,FAILSAFE,23915,31525,31517,false,,false,true,-0.3,2.92,14.84,0,0.002,-0.001,0,0,0,0,-0.002,0.001,0,0,0,1000,1000,1000,1000
2026-10-07T07:26:42.255Z,1791358002255,31545,1360,42578,3,FAILSAFE,23932,31545,31542,false,,false,true,-0.29,2.91,14.84,-0.001,0.001,0,0,0,0,0.001,-0.001,0,0,0,0,1000,1000,1000,1000
2026-10-07T07:26:42.260Z,1791358002260,31565,1361,42578,3,FAILSAFE,23951,31565,31542,false,,false,true,-0.29,2.91,14.84,0,0.002,-0.003,0,0,0,0,-0.002,0.003,0,0,0,1000,1000,1000,1000
2026-10-07T07:26:42.279Z,1791358002279,31585,1362,42578,3,FAILSAFE,23969,31585,31568,false,,false,true,-0.29,2.91,14.84,0.002,0,0.001,0,0,0,-0.002,0,-0.001,0,0,0,1000,1000,1000,1000
2026-10-07T07:26:42.298Z,1791358002298,31605,1363,42578,3,FAILSAFE,23987,31605,31594,false,,false,true,-0.29,2.91,14.84,-0.001,-0.001,0.001,0,0,0,0.001,0.001,-0.001,0,0,0,1000,1000,1000,1000
2026-10-07T07:26:42.325Z,1791358002325,31625,1364,42578,3,FAILSAFE,24005,31625,31617,false,,false,true,-0.29,2.91,14.84,-0.001,0.002,0.001,0,0,0,0.001,-0.002,-0.001,0,0,0,1000,1000,1000,1000
2026-10-07T07:26:42.359Z,1791358002359,31645,1365,42578,3,FAILSAFE,24022,31645,31642,false,,false,true,-0.29,2.91,14.83,-0.002,0.001,0.001,0,0,0,0.002,-0.001,-0.001,0,0,0,1000,1000,1000,1000
2026-10-07T07:26:42.363Z,1791358002363,31665,1366,42578,3,FAILSAFE,24041,31665,31642,false,,false,true,-0.29,2.91,14.83,0.001,-0.001,-0.003,0,0,0,-0.001,0.001,0.003,0,0,0,1000,1000,1000,1000
2026-10-07T07:26:42.387Z,1791358002387,31685,1367,42578,3,FAILSAFE,24058,31685,31669,false,,false,true,-0.29,2.91,14.83,0.001,0.004,-0.002,0,0,0,-0.001,-0.004,0.002,0,0,0,1000,1000,1000,1000
2026-10-07T07:26:42.398Z,1791358002398,31705,1368,42578,3,FAILSAFE,24076,31705,31692,false,,false,true,-0.3,2.91,14.83,-0.001,0.001,-0.001,0,0,0,0.001,-0.001,0.001,0,0,0,1000,1000,1000,1000
2026-10-07T07:26:42.427Z,1791358002427,31725,1369,42578,3,FAILSAFE,24094,31725,31717,false,,false,true,-0.3,2.91,14.83,0.003,0.002,-0.002,0,0,0,-0.003,-0.002,0.002,0,0,0,1000,1000,1000,1000
2026-10-07T07:26:42.458Z,1791358002458,31745,1370,42578,3,FAILSAFE,24111,31745,31742,false,,false,true,-0.3,2.91,14.83,0.002,-0.001,0.003,0,0,0,-0.002,0.001,-0.003,0,0,0,1000,1000,1000,1000
2026-10-07T07:26:42.465Z,1791358002465,31765,1371,42578,3,FAILSAFE,24130,31765,31742,false,,false,true,-0.3,2.91,14.83,-0.001,-0.001,-0.001,0,0,0,0.001,0.001,0.001,0,0,0,1000,1000,1000,1000
2026-10-07T07:26:42.479Z,1791358002479,31785,1372,42578,3,FAILSAFE,24147,31785,31768,false,,false,true,-0.3,2.91,14.83,-0.003,-0.002,0.001,0,0,0,0.003,0.002,-0.001,0,0,0,1000,1000,1000,1000
2026-10-07T07:26:42.502Z,1791358002502,31805,1373,42578,3,FAILSAFE,24165,31805,31793,false,,false,true,-0.31,2.91,14.83,-0.003,0,-0.001,0,0,0,0.003,0,0.001,0,0,0,1000,1000,1000,1000
2026-10-07T07:26:42.524Z,1791358002524,31825,1374,42578,3,FAILSAFE,24183,31825,31817,false,,false,true,-0.3,2.91,14.83,0,-0.001,-0.003,0,0,0,0,0.001,0.003,0,0,0,1000,1000,1000,1000
2026-10-07T07:26:42.555Z,1791358002555,31845,1375,42578,3,FAILSAFE,24200,31845,31842,false,,false,true,-0.3,2.91,14.83,-0.001,-0.002,0.001,0,0,0,0.001,0.002,-0.001,0,0,0,1000,1000,1000,1000
2026-10-07T07:26:42.564Z,1791358002564,31865,1376,42578,3,FAILSAFE,24219,31865,31842,false,,false,true,-0.31,2.91,14.83,0,0.001,0.001,0,0,0,0,-0.001,-0.001,0,0,0,1000,1000,1000,1000
2026-10-07T07:26:42.584Z,1791358002584,31885,1377,42578,3,FAILSAFE,24236,31885,31870,false,,false,true,-0.3,2.91,14.83,-0.003,0.001,-0.002,0,0,0,0.003,-0.001,0.002,0,0,0,1000,1000,1000,1000
2026-10-07T07:26:42.598Z,1791358002598,31905,1378,42578,3,FAILSAFE,24254,31905,31892,false,,false,true,-0.3,2.91,14.83,-0.001,-0.001,-0.001,0,0,0,0.001,0.001,0.001,0,0,0,1000,1000,1000,1000
2026-10-07T07:26:42.624Z,1791358002624,31925,1379,42578,3,FAILSAFE,24272,31925,31917,false,,false,true,-0.3,2.91,14.83,0,0,-0.001,0,0,0,0,0,0.001,0,0,0,1000,1000,1000,1000
2026-10-07T07:26:42.658Z,1791358002658,31945,1380,42578,3,FAILSAFE,24289,31945,31942,false,,false,true,-0.3,2.91,14.83,-0.003,0,0.001,0,0,0,0.003,0,-0.001,0,0,0,1000,1000,1000,1000
2026-10-07T07:26:42.662Z,1791358002662,31965,1381,42578,3,FAILSAFE,24308,31965,31942,false,,false,true,-0.3,2.91,14.83,-0.001,-0.001,-0.001,0,0,0,0.001,0.001,0.001,0,0,0,1000,1000,1000,1000
2026-10-07T07:26:42.686Z,1791358002686,31985,1382,42578,3,FAILSAFE,24325,31985,31968,false,,false,true,-0.3,2.91,14.83,-0.001,0.002,0,0,0,0,0.001,-0.002,0,0,0,0,1000,1000,1000,1000
2026-10-07T07:26:42.697Z,1791358002697,32005,1383,42578,3,FAILSAFE,24343,32005,31992,false,,false,true,-0.3,2.91,14.83,-0.002,0,0,0,0,0,0.002,0,0,0,0,0,1000,1000,1000,1000
2026-10-07T07:26:42.724Z,1791358002724,32025,1384,42578,3,FAILSAFE,24361,32025,32017,false,,false,true,-0.3,2.91,14.83,-0.001,0.004,0.003,0,0,0,0.001,-0.004,-0.003,0,0,0,1000,1000,1000,1000
2026-10-07T07:26:42.757Z,1791358002757,32045,1385,42578,3,FAILSAFE,24378,32045,32042,false,,false,true,-0.3,2.91,14.83,0,-0.001,0.002,0,0,0,0,0.001,-0.002,0,0,0,1000,1000,1000,1000
2026-10-07T07:26:42.763Z,1791358002763,32065,1386,42578,3,FAILSAFE,24397,32065,32042,false,,false,true,-0.3,2.91,14.83,0.001,0.002,0.001,0,0,0,-0.001,-0.002,-0.001,0,0,0,1000,1000,1000,1000
2026-10-07T07:26:42.780Z,1791358002780,32085,1387,42578,3,FAILSAFE,24414,32085,32068,false,,false,true,-0.3,2.91,14.83,-0.001,0.002,0.001,0,0,0,0.001,-0.002,-0.001,0,0,0,1000,1000,1000,1000
2026-10-07T07:26:42.799Z,1791358002799,32105,1388,42578,3,FAILSAFE,24432,32105,32092,false,,false,true,-0.3,2.92,14.83,-0.001,0.003,0,0,0,0,0.001,-0.003,0,0,0,0,1000,1000,1000,1000
2026-10-07T07:26:42.827Z,1791358002827,32125,1389,42578,3,FAILSAFE,24450,32125,32120,false,,false,true,-0.3,2.92,14.83,-0.002,0.003,-0.002,0,0,0,0.002,-0.003,0.002,0,0,0,1000,1000,1000,1000
2026-10-07T07:26:42.862Z,1791358002862,32145,1390,42578,3,FAILSAFE,24467,32145,32144,false,,false,true,-0.3,2.92,14.83,-0.002,-0.001,0.001,0,0,0,0.002,0.001,-0.001,0,0,0,1000,1000,1000,1000
2026-10-07T07:26:42.871Z,1791358002871,32165,1391,42578,3,FAILSAFE,24486,32165,32144,false,,false,true,-0.3,2.92,14.83,0.001,0.001,0.002,0,0,0,-0.001,-0.001,-0.002,0,0,0,1000,1000,1000,1000
2026-10-07T07:26:42.884Z,1791358002884,32185,1392,42578,3,FAILSAFE,24504,32185,32168,false,,false,true,-0.3,2.92,14.83,-0.004,0.001,-0.001,0,0,0,0.004,-0.001,0.001,0,0,0,1000,1000,1000,1000
2026-10-07T07:26:42.895Z,1791358002895,32205,1393,42578,3,FAILSAFE,24522,32205,32193,false,,false,true,-0.3,2.92,14.83,-0.001,0.001,0.002,0,0,0,0.001,-0.001,-0.002,0,0,0,1000,1000,1000,1000
2026-10-07T07:26:42.927Z,1791358002927,32225,1394,42578,3,FAILSAFE,24540,32225,32217,false,,false,true,-0.3,2.92,14.83,0.003,0.002,0.001,0,0,0,-0.003,-0.002,-0.001,0,0,0,1000,1000,1000,1000
2026-10-07T07:26:42.957Z,1791358002957,32245,1395,42578,3,FAILSAFE,24557,32245,32242,false,,false,true,-0.29,2.92,14.83,0.002,-0.002,-0.003,0,0,0,-0.002,0.002,0.003,0,0,0,1000,1000,1000,1000
2026-10-07T07:26:42.961Z,1791358002961,32265,1396,42578,3,FAILSAFE,24576,32265,32242,false,,false,true,-0.29,2.92,14.83,0.001,-0.001,0,0,0,0,-0.001,0.001,0,0,0,0,1000,1000,1000,1000
2026-10-07T07:26:42.981Z,1791358002981,32285,1397,42578,3,FAILSAFE,24593,32285,32269,false,,false,true,-0.29,2.92,14.83,0,0.003,0,0,0,0,0,-0.003,0,0,0,0,1000,1000,1000,1000
2026-10-07T07:26:42.998Z,1791358002998,32305,1398,42578,3,FAILSAFE,24611,32305,32297,false,,false,true,-0.29,2.92,14.83,0.001,0.001,-0.002,0,0,0,-0.001,-0.001,0.002,0,0,0,1000,1000,1000,1000
2026-10-07T07:26:43.025Z,1791358003025,32325,1399,42578,3,FAILSAFE,24629,32325,32317,false,,false,true,-0.29,2.92,14.83,0.003,0.002,0.001,0,0,0,-0.003,-0.002,-0.001,0,0,0,1000,1000,1000,1000
2026-10-07T07:26:43.060Z,1791358003060,32346,1400,42578,3,FAILSAFE,24647,32346,32345,false,,false,true,-0.29,2.92,14.83,0.001,0.001,-0.001,0,0,0,-0.001,-0.001,0.001,0,0,0,1000,1000,1000,1000
2026-10-07T07:26:43.064Z,1791358003064,32365,1401,42578,3,FAILSAFE,24666,32365,32345,false,,false,true,-0.29,2.92,14.83,0.001,-0.002,-0.001,0,0,0,-0.001,0.002,0.001,0,0,0,1000,1000,1000,1000
2026-10-07T07:26:43.079Z,1791358003079,32385,1402,42578,3,FAILSAFE,24683,32385,32372,false,,false,true,-0.28,2.92,14.83,0,0.002,0.001,0,0,0,0,-0.002,-0.001,0,0,0,1000,1000,1000,1000
2026-10-07T07:26:43.097Z,1791358003097,32405,1403,42578,3,FAILSAFE,24701,32405,32393,false,,false,true,-0.28,2.92,14.83,-0.002,-0.002,-0.001,0,0,0,0.002,0.002,0.001,0,0,0,1000,1000,1000,1000
2026-10-07T07:26:43.125Z,1791358003125,32425,1404,42578,3,FAILSAFE,24719,32425,32420,false,,false,true,-0.29,2.91,14.83,-0.002,-0.001,0,0,0,0,0.002,0.001,0,0,0,0,1000,1000,1000,1000
2026-10-07T07:26:43.157Z,1791358003157,32446,1405,42578,3,FAILSAFE,24737,32446,32445,false,,false,true,-0.29,2.91,14.83,0.002,0,0.001,0,0,0,-0.002,0,-0.001,0,0,0,1000,1000,1000,1000
2026-10-07T07:26:43.161Z,1791358003161,32465,1406,42578,3,FAILSAFE,24756,32465,32445,false,,false,true,-0.28,2.91,14.83,-0.001,0.003,0,0,0,0,0.001,-0.003,0,0,0,0,1000,1000,1000,1000
2026-10-07T07:26:43.191Z,1791358003191,32485,1407,42578,3,FAILSAFE,24774,32485,32468,false,,false,true,-0.29,2.91,14.83,0.001,-0.001,0,0,0,0,-0.001,0.001,0,0,0,0,1000,1000,1000,1000
2026-10-07T07:26:43.195Z,1791358003195,32505,1408,42578,3,FAILSAFE,24792,32505,32492,false,,false,true,-0.29,2.92,14.82,0.001,-0.001,-0.003,0,0,0,-0.001,0.001,0.003,0,0,0,1000,1000,1000,1000
2026-10-07T07:26:43.227Z,1791358003227,32525,1409,42578,3,FAILSAFE,24810,32525,32523,false,,false,true,-0.29,2.92,14.82,-0.002,0.001,0,0,0,0,0.002,-0.001,0,0,0,0,1000,1000,1000,1000
2026-10-07T07:26:43.260Z,1791358003260,32545,1410,42578,3,FAILSAFE,24827,32545,32542,false,,false,true,-0.29,2.92,14.82,-0.002,-0.001,-0.002,0,0,0,0.002,0.001,0.002,0,0,0,1000,1000,1000,1000
2026-10-07T07:26:43.264Z,1791358003264,32565,1411,42578,3,FAILSAFE,24846,32565,32542,false,,false,true,-0.29,2.92,14.82,-0.002,0.001,0.001,0,0,0,0.002,-0.001,-0.001,0,0,0,1000,1000,1000,1000
2026-10-07T07:26:43.280Z,1791358003280,32585,1412,42578,3,FAILSAFE,24864,32585,32568,false,,false,true,-0.28,2.92,14.82,0.003,0.001,-0.004,0,0,0,-0.003,-0.001,0.004,0,0,0,1000,1000,1000,1000
2026-10-07T07:26:43.296Z,1791358003296,32605,1413,42578,3,FAILSAFE,24882,32605,32595,false,,false,true,-0.28,2.92,14.82,0,0.001,-0.001,0,0,0,0,-0.001,0.001,0,0,0,1000,1000,1000,1000
2026-10-07T07:26:43.329Z,1791358003329,32625,1414,42578,3,FAILSAFE,24900,32625,32618,false,,false,true,-0.28,2.92,14.82,0.003,-0.001,0.002,0,0,0,-0.003,0.001,-0.002,0,0,0,1000,1000,1000,1000
2026-10-07T07:26:43.356Z,1791358003356,32645,1415,42578,3,FAILSAFE,24917,32645,32642,false,,false,true,-0.28,2.92,14.82,0.002,0.001,-0.003,0,0,0,-0.002,-0.001,0.003,0,0,0,1000,1000,1000,1000
2026-10-07T07:26:43.357Z,1791358003357,32665,1416,42578,3,FAILSAFE,24936,32665,32642,false,,false,true,-0.28,2.92,14.82,0.001,-0.001,0.001,0,0,0,-0.001,0.001,-0.001,0,0,0,1000,1000,1000,1000
2026-10-07T07:26:43.383Z,1791358003383,32685,1417,42578,3,FAILSAFE,24954,32685,32668,false,,false,true,-0.28,2.92,14.82,0.001,-0.002,0.002,0,0,0,-0.001,0.002,-0.002,0,0,0,1000,1000,1000,1000
2026-10-07T07:26:43.404Z,1791358003404,32705,1418,42578,3,FAILSAFE,24972,32705,32692,false,,false,true,-0.28,2.92,14.81,0.003,0.001,0.001,0,0,0,-0.003,-0.001,-0.001,0,0,0,1000,1000,1000,1000
2026-10-07T07:26:43.433Z,1791358003433,32725,1419,42578,3,FAILSAFE,24990,32725,32717,false,,false,true,-0.28,2.92,14.81,-0.001,-0.001,-0.002,0,0,0,0.001,0.001,0.002,0,0,0,1000,1000,1000,1000
2026-10-07T07:26:43.458Z,1791358003458,32745,1420,42578,3,FAILSAFE,25007,32745,32742,false,,false,true,-0.28,2.93,14.81,-0.001,0.003,0.003,0,0,0,0.001,-0.003,-0.003,0,0,0,1000,1000,1000,1000
2026-10-07T07:26:43.460Z,1791358003460,32765,1421,42578,3,FAILSAFE,25026,32765,32742,false,,false,true,-0.29,2.92,14.81,0,0.001,0,0,0,0,0,-0.001,0,0,0,0,1000,1000,1000,1000
2026-10-07T07:26:43.480Z,1791358003480,32785,1422,42578,3,FAILSAFE,25043,32785,32773,false,,false,true,-0.29,2.92,14.81,-0.002,0.002,0.001,0,0,0,0.002,-0.002,-0.001,0,0,0,1000,1000,1000,1000
2026-10-07T07:26:43.497Z,1791358003497,32805,1423,42578,3,FAILSAFE,25061,32805,32792,false,,false,true,-0.28,2.92,14.81,-0.001,-0.001,0,0,0,0,0.001,0.001,0,0,0,0,1000,1000,1000,1000
2026-10-07T07:26:43.527Z,1791358003527,32825,1424,42578,3,FAILSAFE,25079,32825,32817,false,,false,true,-0.29,2.92,14.81,0,-0.002,0,0,0,0,0,0.002,0,0,0,0,1000,1000,1000,1000
2026-10-07T07:26:43.567Z,1791358003567,32845,1425,42578,3,FAILSAFE,25096,32845,32843,false,,false,true,-0.28,2.92,14.81,0.001,-0.001,0.002,0,0,0,-0.001,0.001,-0.002,0,0,0,1000,1000,1000,1000
2026-10-07T07:26:43.571Z,1791358003571,32865,1426,42578,3,FAILSAFE,25115,32865,32843,false,,false,true,-0.28,2.92,14.81,0.001,0.001,0.001,0,0,0,-0.001,-0.001,-0.001,0,0,0,1000,1000,1000,1000
2026-10-07T07:26:43.583Z,1791358003583,32885,1427,42578,3,FAILSAFE,25133,32885,32868,false,,false,true,-0.28,2.92,14.81,0.001,-0.002,-0.001,0,0,0,-0.001,0.002,0.001,0,0,0,1000,1000,1000,1000
2026-10-07T07:26:43.599Z,1791358003599,32905,1428,42578,3,FAILSAFE,25151,32905,32899,false,,false,true,-0.28,2.92,14.81,-0.003,-0.001,-0.001,0,0,0,0.003,0.001,0.001,0,0,0,1000,1000,1000,1000
2026-10-07T07:26:43.626Z,1791358003626,32925,1429,42578,3,FAILSAFE,25169,32925,32918,false,,false,true,-0.28,2.92,14.81,-0.001,-0.002,-0.001,0,0,0,0.001,0.002,0.001,0,0,0,1000,1000,1000,1000
2026-10-07T07:26:43.660Z,1791358003660,32945,1430,42578,3,FAILSAFE,25186,32945,32942,false,,false,true,-0.28,2.92,14.81,-0.001,0.002,0,0,0,0,0.001,-0.002,0,0,0,0,1000,1000,1000,1000
2026-10-07T07:26:43.662Z,1791358003662,32965,1431,42578,3,FAILSAFE,25205,32965,32942,false,,false,true,-0.28,2.92,14.81,0,0.003,0.002,0,0,0,0,-0.003,-0.002,0,0,0,1000,1000,1000,1000
2026-10-07T07:26:43.679Z,1791358003679,32985,1432,42578,3,FAILSAFE,25222,32985,32968,false,,false,true,-0.27,2.93,14.81,-0.001,-0.002,-0.002,0,0,0,0.001,0.002,0.002,0,0,0,1000,1000,1000,1000
2026-10-07T07:26:43.701Z,1791358003701,33005,1433,42578,3,FAILSAFE,25240,33005,32997,false,,false,true,-0.28,2.93,14.81,-0.001,0.001,0.003,0,0,0,0.001,-0.001,-0.003,0,0,0,1000,1000,1000,1000
2026-10-07T07:26:43.724Z,1791358003724,33025,1434,42578,3,FAILSAFE,25258,33025,33018,false,,false,true,-0.28,2.92,14.81,0.002,-0.001,0,0,0,0,-0.002,0.001,0,0,0,0,1000,1000,1000,1000
2026-10-07T07:26:43.756Z,1791358003756,33045,1435,42578,3,FAILSAFE,25276,33045,33018,false,,false,true,-0.28,2.92,14.81,-0.002,-0.002,-0.001,0,0,0,0.002,0.002,0.001,0,0,0,1000,1000,1000,1000
2026-10-07T07:26:43.767Z,1791358003767,33065,1436,42578,3,FAILSAFE,25295,33065,33048,false,,false,true,-0.28,2.92,14.81,0.001,-0.001,0.001,0,0,0,-0.001,0.001,-0.001,0,0,0,1000,1000,1000,1000
2026-10-07T07:26:43.782Z,1791358003782,33085,1437,42578,3,FAILSAFE,25313,33085,33068,false,,false,true,-0.28,2.92,14.81,0.002,-0.001,-0.001,0,0,0,-0.002,0.001,0.001,0,0,0,1000,1000,1000,1000
2026-10-07T07:26:43.798Z,1791358003798,33105,1438,42578,3,FAILSAFE,25331,33105,33092,false,,false,true,-0.28,2.92,14.81,-0.004,0.002,-0.004,0,0,0,0.004,-0.002,0.004,0,0,0,1000,1000,1000,1000
2026-10-07T07:26:43.825Z,1791358003825,33125,1439,42578,3,FAILSAFE,25349,33125,33118,false,,false,true,-0.28,2.92,14.81,-0.001,0.001,0,0,0,0,0.001,-0.001,0,0,0,0,1000,1000,1000,1000
2026-10-07T07:26:43.855Z,1791358003855,33145,1440,42578,3,FAILSAFE,25366,33145,33143,false,,false,true,-0.29,2.92,14.8,-0.002,0.001,0,0,0,0,0.002,-0.001,0,0,0,0,1000,1000,1000,1000
2026-10-07T07:26:43.856Z,1791358003856,33165,1441,42578,3,FAILSAFE,25385,33165,33143,false,,false,true,-0.29,2.92,14.81,0.001,-0.002,-0.001,0,0,0,-0.001,0.002,0.001,0,0,0,1000,1000,1000,1000
2026-10-07T07:26:43.898Z,1791358003898,33185,1442,42578,3,FAILSAFE,25402,33185,33168,false,,false,true,-0.28,2.92,14.81,0,-0.002,-0.001,0,0,0,0,0.002,0.001,0,0,0,1000,1000,1000,1000
2026-10-07T07:26:43.902Z,1791358003902,33205,1443,42578,3,FAILSAFE,25420,33205,33195,false,,false,true,-0.28,2.91,14.8,0,0.001,-0.002,0,0,0,0,-0.001,0.002,0,0,0,1000,1000,1000,1000
2026-10-07T07:26:43.927Z,1791358003927,33225,1444,42578,3,FAILSAFE,25438,33225,33218,false,,false,true,-0.28,2.91,14.8,-0.001,-0.002,0.002,0,0,0,0.001,0.002,-0.002,0,0,0,1000,1000,1000,1000
2026-10-07T07:26:43.946Z,1791358003946,33247,1445,42578,3,FAILSAFE,25457,33247,33246,false,,false,true,-0.28,2.91,14.8,-0.003,0.001,-0.001,0,0,0,0.003,-0.001,0.001,0,0,0,1000,1000,1000,1000
2026-10-07T07:26:43.971Z,1791358003971,33266,1446,42578,3,FAILSAFE,25476,33266,33246,false,,false,true,-0.28,2.92,14.8,-0.001,0.001,-0.002,0,0,0,0.001,-0.001,0.002,0,0,0,1000,1000,1000,1000
2026-10-07T07:26:43.985Z,1791358003985,33286,1447,42578,3,FAILSAFE,25493,33286,33271,false,,false,true,-0.28,2.92,14.8,0,0.001,0,0,0,0,0,-0.001,0,0,0,0,1000,1000,1000,1000
2026-10-07T07:26:44.006Z,1791358004006,33306,1448,42578,3,FAILSAFE,25511,33306,33293,false,,false,true,-0.29,2.92,14.8,-0.001,0.001,0,0,0,0,0.001,-0.001,0,0,0,0,1000,1000,1000,1000
2026-10-07T07:26:44.024Z,1791358004024,33326,1449,42578,3,FAILSAFE,25529,33326,33323,false,,false,true,-0.28,2.92,14.8,0,0.001,0.002,0,0,0,0,-0.001,-0.002,0,0,0,1000,1000,1000,1000
2026-10-07T07:26:44.049Z,1791358004049,33346,1450,42578,3,FAILSAFE,25547,33346,33323,false,,false,true,-0.28,2.92,14.8,0,0.002,-0.001,0,0,0,0,-0.002,0.001,0,0,0,1000,1000,1000,1000
2026-10-07T07:26:44.072Z,1791358004072,33368,1451,42578,3,FAILSAFE,25566,33368,33367,false,,false,true,-0.28,2.92,14.8,-0.001,0.002,0.002,0,0,0,0.001,-0.002,-0.002,0,0,0,1000,1000,1000,1000
2026-10-07T07:26:44.087Z,1791358004087,33387,1452,42578,3,FAILSAFE,25584,33387,33367,false,,false,true,-0.29,2.92,14.8,0.001,0.002,0.001,0,0,0,-0.001,-0.002,-0.001,0,0,0,1000,1000,1000,1000
2026-10-07T07:26:44.105Z,1791358004105,33407,1453,42578,3,FAILSAFE,25602,33407,33393,false,,false,true,-0.29,2.92,14.8,-0.002,0.001,-0.001,0,0,0,0.002,-0.001,0.001,0,0,0,1000,1000,1000,1000
2026-10-07T07:26:44.126Z,1791358004126,33427,1454,42578,3,FAILSAFE,25620,33427,33418,false,,false,true,-0.28,2.92,14.8,0,0.002,-0.001,0,0,0,0,-0.002,0.001,0,0,0,1000,1000,1000,1000
2026-10-07T07:26:44.151Z,1791358004151,33447,1455,42578,3,FAILSAFE,25637,33447,33444,false,,false,true,-0.29,2.92,14.8,0.001,-0.001,-0.001,0,0,0,-0.001,0.001,0.001,0,0,0,1000,1000,1000,1000
2026-10-07T07:26:44.171Z,1791358004171,33469,1456,42578,3,FAILSAFE,25657,33469,33468,false,,false,true,-0.29,2.92,14.8,0.001,0.001,-0.003,0,0,0,-0.001,-0.001,0.003,0,0,0,1000,1000,1000,1000
2026-10-07T07:26:44.189Z,1791358004189,33488,1457,42578,3,FAILSAFE,25675,33488,33468,false,,false,true,-0.29,2.92,14.8,-0.002,-0.002,-0.002,0,0,0,0.002,0.002,0.002,0,0,0,1000,1000,1000,1000
2026-10-07T07:26:44.206Z,1791358004206,33508,1458,42578,3,FAILSAFE,25693,33508,33493,false,,false,true,-0.29,2.92,14.8,-0.002,-0.002,-0.002,0,0,0,0.002,0.002,0.002,0,0,0,1000,1000,1000,1000
2026-10-07T07:26:44.227Z,1791358004227,33528,1459,42578,3,FAILSAFE,25711,33528,33524,false,,false,true,-0.29,2.92,14.8,-0.002,0.001,-0.002,0,0,0,0.002,-0.001,0.002,0,0,0,1000,1000,1000,1000
2026-10-07T07:26:44.253Z,1791358004253,33548,1460,42578,3,FAILSAFE,25728,33548,33546,false,,false,true,-0.3,2.92,14.8,0.001,-0.001,-0.002,0,0,0,-0.001,0.001,0.002,0,0,0,1000,1000,1000,1000
2026-10-07T07:26:44.284Z,1791358004284,33568,1461,42578,3,FAILSAFE,25747,33568,33546,false,,false,true,-0.3,2.92,14.79,0,0.002,-0.002,0,0,0,0,-0.002,0.002,0,0,0,1000,1000,1000,1000
2026-10-07T07:26:44.286Z,1791358004286,33588,1462,42578,3,FAILSAFE,25764,33588,33572,false,,false,true,-0.3,2.92,14.8,-0.001,-0.001,0.002,0,0,0,0.001,0.001,-0.002,0,0,0,1000,1000,1000,1000
2026-10-07T07:26:44.309Z,1791358004309,33608,1463,42578,3,FAILSAFE,25782,33608,33600,false,,false,true,-0.3,2.92,14.8,-0.005,0,0,0,0,0,0.005,0,0,0,0,0,1000,1000,1000,1000
2026-10-07T07:26:44.329Z,1791358004329,33628,1464,42578,1,DISARMED,25799,33628,33623,false,,false,true,-0.3,2.92,14.8,-0.001,0.001,0.003,0,0,0,0.001,-0.001,-0.003,0,0,0,1000,1000,1000,1000
2026-10-07T07:26:44.346Z,1791358004346,33648,1465,42578,1,DISARMED,25816,33648,33643,false,,false,true,-0.3,2.92,14.8,0.001,0.001,0.001,0,0,0,-0.001,-0.001,-0.001,0,0,0,1000,1000,1000,1000
2026-10-07T07:26:44.369Z,1791358004369,33670,1466,42578,1,DISARMED,25836,33670,33669,false,,false,true,-0.3,2.92,14.8,0.001,0.002,-0.001,0,0,0,-0.001,-0.002,0.001,0,0,0,1000,1000,1000,1000
2026-10-07T07:26:44.384Z,1791358004384,33689,1467,42578,1,DISARMED,25854,33689,33669,false,,false,true,-0.3,2.92,14.79,0,0.001,-0.003,0,0,0,0,-0.001,0.003,0,0,0,1000,1000,1000,1000
2026-10-07T07:26:44.410Z,1791358004410,33709,1468,42578,1,DISARMED,25872,33709,33693,false,,false,true,-0.3,2.92,14.79,0.001,0.002,0.001,0,0,0,-0.001,-0.002,-0.001,0,0,0,1000,1000,1000,1000
2026-10-07T07:26:44.431Z,1791358004431,33729,1469,42578,1,DISARMED,25890,33729,33718,false,,false,true,-0.3,2.92,14.79,0.001,0.002,0.001,0,0,0,-0.001,-0.002,-0.001,0,0,0,1000,1000,1000,1000
2026-10-07T07:26:44.446Z,1791358004446,33749,1470,42578,1,DISARMED,25907,33749,33743,false,,false,true,-0.3,2.91,14.8,-0.002,0.001,0.001,0,0,0,0.002,-0.001,-0.001,0,0,0,1000,1000,1000,1000
2026-10-07T07:26:44.468Z,1791358004468,33769,1471,42578,1,DISARMED,25925,33769,33768,false,,false,true,-0.3,2.92,14.8,-0.001,0.001,0.002,0,0,0,0.001,-0.001,-0.002,0,0,0,1000,1000,1000,1000
2026-10-07T07:26:44.484Z,1791358004484,33789,1472,42578,1,DISARMED,25943,33789,33768,false,,false,true,-0.3,2.91,14.8,-0.001,0,0,0,0,0,0.001,0,0,0,0,0,1000,1000,1000,1000
2026-10-07T07:26:44.505Z,1791358004505,33809,1473,42578,1,DISARMED,25961,33809,33793,false,,false,true,-0.29,2.92,14.8,0.002,0.001,-0.002,0,0,0,-0.002,-0.001,0.002,0,0,0,1000,1000,1000,1000
2026-10-07T07:26:44.530Z,1791358004530,33829,1474,42578,1,DISARMED,25979,33829,33818,false,,false,true,-0.29,2.92,14.8,-0.002,0.004,0,0,0,0,0.002,-0.004,0,0,0,0,1000,1000,1000,1000
2026-10-07T07:26:44.549Z,1791358004549,33849,1475,42578,1,DISARMED,25996,33849,33843,false,,false,true,-0.29,2.93,14.79,-0.003,0.001,-0.002,0,0,0,0.003,-0.001,0.002,0,0,0,1000,1000,1000,1000
2026-10-07T07:26:44.569Z,1791358004569,33869,1476,42578,1,DISARMED,26014,33869,33868,false,,false,true,-0.28,2.93,14.8,-0.002,-0.001,0,0,0,0,0.002,0.001,0,0,0,0,1000,1000,1000,1000
2026-10-07T07:26:44.584Z,1791358004584,33889,1477,42578,1,DISARMED,26032,33889,33868,false,,false,true,-0.28,2.92,14.79,0,0.003,0.001,0,0,0,0,-0.003,-0.001,0,0,0,1000,1000,1000,1000
2026-10-07T07:26:44.607Z,1791358004607,33909,1478,42578,1,DISARMED,26050,33909,33897,false,,false,true,-0.28,2.92,14.79,-0.002,-0.001,0.002,0,0,0,0.002,0.001,-0.002,0,0,0,1000,1000,1000,1000
2026-10-07T07:26:44.632Z,1791358004632,33929,1479,42578,1,DISARMED,26068,33929,33918,false,,false,true,-0.28,2.92,14.79,0.001,-0.001,0.001,0,0,0,-0.001,0.001,-0.001,0,0,0,1000,1000,1000,1000
2026-10-07T07:26:44.646Z,1791358004646,33949,1480,42578,1,DISARMED,26085,33949,33943,false,,false,true,-0.27,2.92,14.79,0,0.001,-0.001,0,0,0,0,-0.001,0.001,0,0,0,1000,1000,1000,1000
2026-10-07T07:26:44.668Z,1791358004668,33969,1481,42578,1,DISARMED,26103,33969,33968,false,,false,true,-0.27,2.92,14.79,0,-0.002,-0.003,0,0,0,0,0.002,0.003,0,0,0,1000,1000,1000,1000
2026-10-07T07:26:44.687Z,1791358004687,33989,1482,42578,1,DISARMED,26121,33989,33968,false,,false,true,-0.27,2.92,14.79,0.001,0,-0.003,0,0,0,-0.001,0,0.003,0,0,0,1000,1000,1000,1000
2026-10-07T07:26:44.709Z,1791358004709,34009,1483,42578,1,DISARMED,26139,34009,33993,false,,false,true,-0.27,2.92,14.79,-0.001,0.001,0.002,0,0,0,0.001,-0.001,-0.002,0,0,0,1000,1000,1000,1000
2026-10-07T07:26:44.730Z,1791358004730,34029,1484,42578,1,DISARMED,26157,34029,34021,false,,false,true,-0.27,2.92,14.79,-0.001,-0.002,-0.001,0,0,0,0.001,0.002,0.001,0,0,0,1000,1000,1000,1000
2026-10-07T07:26:44.745Z,1791358004745,34049,1485,42578,1,DISARMED,26174,34049,34043,false,,false,true,-0.27,2.92,14.79,-0.002,0,0.001,0,0,0,0.002,0,-0.001,0,0,0,1000,1000,1000,1000
2026-10-07T07:26:44.768Z,1791358004768,34069,1486,42578,1,DISARMED,26192,34069,34068,false,,false,true,-0.27,2.93,14.79,-0.004,-0.002,-0.001,0,0,0,0.004,0.002,0.001,0,0,0,1000,1000,1000,1000
2026-10-07T07:26:44.786Z,1791358004786,34089,1487,42578,1,DISARMED,26210,34089,34068,false,,false,true,-0.27,2.93,14.79,0.001,0.002,-0.003,0,0,0,-0.001,-0.002,0.003,0,0,0,1000,1000,1000,1000
2026-10-07T07:26:44.804Z,1791358004804,34109,1488,42578,1,DISARMED,26228,34109,34093,false,,false,true,-0.27,2.93,14.79,0,-0.001,-0.002,0,0,0,0,0.001,0.002,0,0,0,1000,1000,1000,1000
2026-10-07T07:26:44.826Z,1791358004826,34129,1489,42578,1,DISARMED,26246,34129,34118,false,,false,true,-0.27,2.93,14.79,-0.001,0.003,-0.002,0,0,0,0.001,-0.003,0.002,0,0,0,1000,1000,1000,1000
2026-10-07T07:26:44.844Z,1791358004844,34149,1490,42578,1,DISARMED,26263,34149,34143,false,,false,true,-0.27,2.93,14.79,-0.001,0.001,0.002,0,0,0,0.001,-0.001,-0.002,0,0,0,1000,1000,1000,1000
2026-10-07T07:26:44.873Z,1791358004873,34169,1491,42578,1,DISARMED,26281,34169,34168,false,,false,true,-0.27,2.93,14.79,-0.001,0,0,0,0,0,0.001,0,0,0,0,0,1000,1000,1000,1000
2026-10-07T07:26:44.890Z,1791358004890,34189,1492,42578,1,DISARMED,26299,34189,34168,false,,false,true,-0.27,2.93,14.79,0,-0.001,-0.002,0,0,0,0,0.001,0.002,0,0,0,1000,1000,1000,1000
2026-10-07T07:26:44.906Z,1791358004906,34209,1493,42578,1,DISARMED,26317,34209,34193,false,,false,true,-0.27,2.93,14.79,0,0.001,-0.001,0,0,0,0,-0.001,0.001,0,0,0,1000,1000,1000,1000
2026-10-07T07:26:44.927Z,1791358004927,34229,1494,42578,1,DISARMED,26335,34229,34226,false,,false,true,-0.27,2.93,14.79,-0.001,0.003,0.003,0,0,0,0.001,-0.003,-0.003,0,0,0,1000,1000,1000,1000
2026-10-07T07:26:44.947Z,1791358004947,34249,1495,42578,1,DISARMED,26352,34249,34246,false,,false,true,-0.28,2.93,14.79,-0.003,0.001,0.001,0,0,0,0.003,-0.001,-0.001,0,0,0,1000,1000,1000,1000
2026-10-07T07:26:44.970Z,1791358004970,34271,1496,42578,1,DISARMED,26372,34271,34270,false,,false,true,-0.28,2.93,14.79,-0.001,0.003,0.002,0,0,0,0.001,-0.003,-0.002,0,0,0,1000,1000,1000,1000
2026-10-07T07:26:44.985Z,1791358004985,34290,1497,42578,1,DISARMED,26390,34290,34270,false,,false,true,-0.28,2.93,14.79,-0.001,-0.001,0.001,0,0,0,0.001,0.001,-0.001,0,0,0,1000,1000,1000,1000
2026-10-07T07:26:45.006Z,1791358005006,34310,1498,42578,1,DISARMED,26408,34310,34296,false,,false,true,-0.28,2.93,14.79,0,0.001,0.001,0,0,0,0,-0.001,-0.001,0,0,0,1000,1000,1000,1000
2026-10-07T07:26:45.028Z,1791358005028,34330,1499,42578,1,DISARMED,26426,34330,34323,false,,false,true,-0.28,2.93,14.79,0,0,0,0,0,0,0,0,0,0,0,0,1000,1000,1000,1000
2026-10-07T07:26:45.045Z,1791358005045,34350,1500,42578,1,DISARMED,26443,34350,34344,false,,false,true,-0.28,2.93,14.79,0.001,0.001,0.003,0,0,0,-0.001,-0.001,-0.003,0,0,0,1000,1000,1000,1000
2026-10-07T07:26:45.070Z,1791358005070,34370,1501,42578,1,DISARMED,26461,34370,34368,false,,false,true,-0.28,2.93,14.79,0,0.002,0,0,0,0,0,-0.002,0,0,0,0,1000,1000,1000,1000
2026-10-07T07:26:45.084Z,1791358005084,34390,1502,42578,1,DISARMED,26479,34390,34368,false,,false,true,-0.28,2.94,14.79,0.002,-0.001,0.001,0,0,0,-0.002,0.001,-0.001,0,0,0,1000,1000,1000,1000
2026-10-07T07:26:45.107Z,1791358005107,34410,1503,42578,1,DISARMED,26497,34410,34393,false,,false,true,-0.28,2.93,14.79,-0.001,0.003,-0.001,0,0,0,0.001,-0.003,0.001,0,0,0,1000,1000,1000,1000
2026-10-07T07:26:45.127Z,1791358005127,34430,1504,42578,1,DISARMED,26515,34430,34419,false,,false,true,-0.28,2.93,14.79,-0.002,0.002,0,0,0,0,0.002,-0.002,0,0,0,0,1000,1000,1000,1000
2026-10-07T07:26:45.145Z,1791358005145,34450,1505,42578,1,DISARMED,26532,34450,34446,false,,false,true,-0.28,2.92,14.79,-0.004,0,-0.001,0,0,0,0.004,0,0.001,0,0,0,1000,1000,1000,1000
2026-10-07T07:26:45.172Z,1791358005172,34472,1506,42578,1,DISARMED,26552,34472,34471,false,,false,true,-0.29,2.92,14.79,-0.002,-0.001,-0.003,0,0,0,0.002,0.001,0.003,0,0,0,1000,1000,1000,1000
2026-10-07T07:26:45.184Z,1791358005184,34491,1507,42578,1,DISARMED,26570,34491,34471,false,,false,true,-0.29,2.92,14.79,0.003,0.001,-0.004,0,0,0,-0.003,-0.001,0.004,0,0,0,1000,1000,1000,1000
2026-10-07T07:26:45.206Z,1791358005206,34511,1508,42578,1,DISARMED,26589,34511,34494,false,,false,true,-0.29,2.92,14.79,0.001,0,0.002,0,0,0,-0.001,0,-0.002,0,0,0,1000,1000,1000,1000
2026-10-07T07:26:45.228Z,1791358005228,34531,1509,42578,1,DISARMED,26607,34531,34518,false,,false,true,-0.29,2.92,14.79,0.001,0.001,-0.002,0,0,0,-0.001,-0.001,0.002,0,0,0,1000,1000,1000,1000
2026-10-07T07:26:45.244Z,1791358005244,34551,1510,42578,1,DISARMED,26624,34551,34543,false,,false,true,-0.29,2.92,14.78,-0.002,0.001,-0.001,0,0,0,0.002,-0.001,0.001,0,0,0,1000,1000,1000,1000
2026-10-07T07:26:45.275Z,1791358005275,34571,1511,42578,1,DISARMED,26642,34571,34570,false,,false,true,-0.29,2.92,14.78,-0.002,0.001,0,0,0,0,0.002,-0.001,0,0,0,0,1000,1000,1000,1000
2026-10-07T07:26:45.286Z,1791358005286,34591,1512,42578,1,DISARMED,26660,34591,34570,false,,false,true,-0.29,2.92,14.78,-0.002,0.001,0.002,0,0,0,0.002,-0.001,-0.002,0,0,0,1000,1000,1000,1000
2026-10-07T07:26:45.307Z,1791358005307,34611,1513,42578,1,DISARMED,26679,34611,34594,false,,false,true,-0.29,2.92,14.79,-0.002,0.001,0,0,0,0,0.002,-0.001,0,0,0,0,1000,1000,1000,1000
2026-10-07T07:26:45.328Z,1791358005328,34631,1514,42578,1,DISARMED,26697,34631,34618,false,,false,true,-0.29,2.92,14.79,0,0.003,0.002,0,0,0,0,-0.003,-0.002,0,0,0,1000,1000,1000,1000
2026-10-07T07:26:45.349Z,1791358005349,34651,1515,42578,1,DISARMED,26714,34651,34643,false,,false,true,-0.29,2.93,14.78,0.001,-0.001,-0.003,0,0,0,-0.001,0.001,0.003,0,0,0,1000,1000,1000,1000
2026-10-07T07:26:45.372Z,1791358005372,34671,1516,42578,1,DISARMED,26732,34671,34668,false,,false,true,-0.29,2.93,14.78,0,-0.003,-0.001,0,0,0,0,0.003,0.001,0,0,0,1000,1000,1000,1000
2026-10-07T07:26:45.384Z,1791358005384,34691,1517,42578,1,DISARMED,26750,34691,34668,false,,false,true,-0.28,2.93,14.78,-0.002,0.003,0.001,0,0,0,0.002,-0.003,-0.001,0,0,0,1000,1000,1000,1000
2026-10-07T07:26:45.404Z,1791358005404,34711,1518,42578,1,DISARMED,26769,34711,34694,false,,false,true,-0.29,2.93,14.79,-0.003,0.003,0.003,0,0,0,0.003,-0.003,-0.003,0,0,0,1000,1000,1000,1000
2026-10-07T07:26:45.425Z,1791358005425,34731,1519,42578,1,DISARMED,26787,34731,34718,false,,false,true,-0.28,2.93,14.79,-0.001,-0.001,0.002,0,0,0,0.001,0.001,-0.002,0,0,0,1000,1000,1000,1000
2026-10-07T07:26:45.450Z,1791358005450,34751,1520,42578,1,DISARMED,26804,34751,34746,false,,false,true,-0.28,2.93,14.79,0.001,-0.001,0,0,0,0,-0.001,0.001,0,0,0,0,1000,1000,1000,1000
2026-10-07T07:26:45.470Z,1791358005470,34771,1521,42578,1,DISARMED,26822,34771,34768,false,,false,true,-0.28,2.92,14.79,0,0,0.002,0,0,0,0,0,-0.002,0,0,0,1000,1000,1000,1000
2026-10-07T07:26:45.488Z,1791358005488,34791,1522,42578,1,DISARMED,26840,34791,34768,false,,false,true,-0.28,2.92,14.78,-0.001,0.001,-0.001,0,0,0,0.001,-0.001,0.001,0,0,0,1000,1000,1000,1000
2026-10-07T07:26:45.507Z,1791358005507,34811,1523,42578,1,DISARMED,26858,34811,34794,false,,false,true,-0.28,2.92,14.79,-0.005,0,0.003,0,0,0,0.005,0,-0.003,0,0,0,1000,1000,1000,1000
2026-10-07T07:26:45.536Z,1791358005536,34831,1524,42578,1,DISARMED,26876,34831,34818,false,,false,true,-0.29,2.92,14.78,-0.004,-0.001,-0.003,0,0,0,0.004,0.001,0.003,0,0,0,1000,1000,1000,1000
2026-10-07T07:26:45.544Z,1791358005544,34851,1525,42578,1,DISARMED,26893,34851,34843,false,,false,true,-0.29,2.92,14.78,-0.001,0,0.002,0,0,0,0.001,0,-0.002,0,0,0,1000,1000,1000,1000
2026-10-07T07:26:45.575Z,1791358005575,34871,1526,42578,1,DISARMED,26911,34871,34868,false,,false,true,-0.29,2.92,14.79,0.002,0.002,-0.001,0,0,0,-0.002,-0.002,0.001,0,0,0,1000,1000,1000,1000
2026-10-07T07:26:45.584Z,1791358005584,34891,1527,42578,1,DISARMED,26929,34891,34868,false,,false,true,-0.28,2.92,14.79,-0.002,0.002,-0.001,0,0,0,0.002,-0.002,0.001,0,0,0,1000,1000,1000,1000
2026-10-07T07:26:45.609Z,1791358005609,34911,1528,42578,1,DISARMED,26948,34911,34894,false,,false,true,-0.28,2.92,14.79,-0.002,-0.002,0.002,0,0,0,0.002,0.002,-0.002,0,0,0,1000,1000,1000,1000
2026-10-07T07:26:45.627Z,1791358005627,34931,1529,42578,1,DISARMED,26966,34931,34918,false,,false,true,-0.28,2.92,14.79,0.002,0,-0.001,0,0,0,-0.002,0,0.001,0,0,0,1000,1000,1000,1000
2026-10-07T07:26:45.645Z,1791358005645,34951,1530,42578,1,DISARMED,26983,34951,34946,false,,false,true,-0.28,2.92,14.79,-0.002,0.001,-0.002,0,0,0,0.002,-0.001,0.002,0,0,0,1000,1000,1000,1000
2026-10-07T07:26:45.671Z,1791358005671,34971,1531,42578,1,DISARMED,27001,34971,34969,false,,false,true,-0.28,2.92,14.79,-0.002,0.002,0.001,0,0,0,0.002,-0.002,-0.001,0,0,0,1000,1000,1000,1000
2026-10-07T07:26:45.690Z,1791358005690,34991,1532,42578,1,DISARMED,27019,34991,34969,false,,false,true,-0.28,2.92,14.79,-0.001,-0.003,0.002,0,0,0,0.001,0.003,-0.002,0,0,0,1000,1000,1000,1000
2026-10-07T07:26:45.709Z,1791358005709,35011,1533,42578,1,DISARMED,27032,35011,35010,false,,false,true,-0.28,2.92,14.79,-0.001,-0.001,0.001,0,0,0,0.001,0.001,-0.001,0,0,0,1000,1000,1000,1000
2026-10-07T07:26:45.727Z,1791358005727,35031,1534,42578,1,DISARMED,27042,35031,35030,false,,false,true,-0.28,2.92,14.79,0,0.001,-0.001,0,0,0,0,-0.001,0.001,0,0,0,1000,1000,1000,1000
2026-10-07T07:26:45.747Z,1791358005747,35051,1535,42578,1,DISARMED,27052,35051,35050,false,,false,true,-0.27,2.93,14.79,-0.002,-0.001,0.001,0,0,0,0.002,0.001,-0.001,0,0,0,1000,1000,1000,1000
2026-10-07T07:26:45.773Z,1791358005773,35071,1536,42578,1,DISARMED,27062,35071,35070,false,,false,true,-0.28,2.93,14.79,-0.002,-0.001,0.001,0,0,0,0.002,0.001,-0.001,0,0,0,1000,1000,1000,1000
2026-10-07T07:26:45.786Z,1791358005786,35091,1537,42578,1,DISARMED,27072,35091,35090,false,,false,true,-0.27,2.92,14.79,0.002,0.001,0.003,0,0,0,-0.002,-0.001,-0.003,0,0,0,1000,1000,1000,1000
2026-10-07T07:26:45.823Z,1791358005823,35111,1538,42578,1,DISARMED,27082,35111,35110,false,,false,true,-0.27,2.92,14.79,-0.001,-0.001,-0.002,0,0,0,0.001,0.001,0.002,0,0,0,1000,1000,1000,1000
2026-10-07T07:26:45.827Z,1791358005827,35131,1539,42578,1,DISARMED,27092,35131,35130,false,,false,true,-0.27,2.92,14.79,0.002,-0.001,-0.001,0,0,0,-0.002,0.001,0.001,0,0,0,1000,1000,1000,1000
2026-10-07T07:26:45.850Z,1791358005850,35151,1540,42578,1,DISARMED,27102,35151,35150,false,,false,true,-0.27,2.92,14.79,0.003,0.001,-0.001,0,0,0,-0.003,-0.001,0.001,0,0,0,1000,1000,1000,1000
2026-10-07T07:26:45.871Z,1791358005871,35171,1541,42578,1,DISARMED,27112,35171,35170,false,,false,true,-0.27,2.92,14.79,-0.001,0.002,0,0,0,0,0.001,-0.002,0,0,0,0,1000,1000,1000,1000
2026-10-07T07:26:45.889Z,1791358005889,35191,1542,42578,1,DISARMED,27122,35191,35190,false,,false,true,-0.28,2.92,14.79,0,0.001,0.001,0,0,0,0,-0.001,-0.001,0,0,0,1000,1000,1000,1000
2026-10-07T07:26:45.912Z,1791358005912,35211,1543,42578,1,DISARMED,27132,35211,35210,false,,false,true,-0.27,2.92,14.79,0,0,0.001,0,0,0,0,0,-0.001,0,0,0,1000,1000,1000,1000
2026-10-07T07:26:45.925Z,1791358005925,35231,1544,42578,1,DISARMED,27142,35231,35230,false,,false,true,-0.27,2.92,14.79,0.001,-0.001,0,0,0,0,-0.001,0.001,0,0,0,0,1000,1000,1000,1000
2026-10-07T07:26:45.952Z,1791358005952,35251,1545,42578,1,DISARMED,27152,35251,35250,false,,false,true,-0.28,2.92,14.79,0.001,-0.003,0.001,0,0,0,-0.001,0.003,-0.001,0,0,0,1000,1000,1000,1000
2026-10-07T07:26:45.972Z,1791358005972,35271,1546,42578,1,DISARMED,27162,35271,35270,false,,false,true,-0.28,2.92,14.79,0,0.003,0.001,0,0,0,0,-0.003,-0.001,0,0,0,1000,1000,1000,1000
2026-10-07T07:26:45.993Z,1791358005993,35291,1547,42578,1,DISARMED,27172,35291,35290,false,,false,true,-0.28,2.92,14.79,0,0,0,0,0,0,0,0,0,0,0,0,1000,1000,1000,1000
2026-10-07T07:26:46.004Z,1791358006004,35311,1548,42578,1,DISARMED,27182,35311,35310,false,,false,true,-0.28,2.92,14.79,-0.001,0.002,0.002,0,0,0,0.001,-0.002,-0.002,0,0,0,1000,1000,1000,1000
2026-10-07T07:26:46.029Z,1791358006029,35331,1549,42578,1,DISARMED,27192,35331,35330,false,,false,true,-0.27,2.92,14.79,-0.003,-0.001,0.001,0,0,0,0.003,0.001,-0.001,0,0,0,1000,1000,1000,1000
2026-10-07T07:26:46.044Z,1791358006044,35351,1550,42578,1,DISARMED,27202,35351,35350,false,,false,true,-0.27,2.92,14.79,0.002,0.001,0.001,0,0,0,-0.002,-0.001,-0.001,0,0,0,1000,1000,1000,1000
2026-10-07T07:26:46.070Z,1791358006070,35371,1551,42578,1,DISARMED,27212,35371,35370,false,,false,true,-0.27,2.92,14.79,0,0.002,0.004,0,0,0,0,-0.002,-0.004,0,0,0,1000,1000,1000,1000
2026-10-07T07:26:46.085Z,1791358006085,35391,1552,42578,1,DISARMED,27222,35391,35390,false,,false,true,-0.27,2.92,14.79,-0.002,0.002,0.003,0,0,0,0.002,-0.002,-0.003,0,0,0,1000,1000,1000,1000
2026-10-07T07:26:46.106Z,1791358006106,35411,1553,42578,1,DISARMED,27232,35411,35410,false,,false,true,-0.27,2.92,14.79,-0.001,0,0.003,0,0,0,0.001,0,-0.003,0,0,0,1000,1000,1000,1000
2026-10-07T07:26:46.126Z,1791358006126,35431,1554,42578,1,DISARMED,27242,35431,35430,false,,false,true,-0.27,2.92,14.79,0.001,-0.003,0.001,0,0,0,-0.001,0.003,-0.001,0,0,0,1000,1000,1000,1000
2026-10-07T07:26:46.147Z,1791358006147,35451,1555,42578,1,DISARMED,27252,35451,35450,false,,false,true,-0.27,2.92,14.79,0.001,0.001,0.001,0,0,0,-0.001,-0.001,-0.001,0,0,0,1000,1000,1000,1000
2026-10-07T07:26:46.171Z,1791358006171,35471,1556,42578,1,DISARMED,27262,35471,35470,false,,false,true,-0.27,2.92,14.79,-0.002,0.001,-0.001,0,0,0,0.002,-0.001,0.001,0,0,0,1000,1000,1000,1000
2026-10-07T07:26:46.186Z,1791358006186,35491,1557,42578,1,DISARMED,27272,35491,35490,false,,false,true,-0.27,2.92,14.79,-0.002,-0.001,-0.002,0,0,0,0.002,0.001,0.002,0,0,0,1000,1000,1000,1000
2026-10-07T07:26:46.210Z,1791358006210,35511,1558,42578,1,DISARMED,27282,35511,35510,false,,false,true,-0.27,2.92,14.79,0.001,-0.001,0.001,0,0,0,-0.001,0.001,-0.001,0,0,0,1000,1000,1000,1000
2026-10-07T07:26:46.228Z,1791358006228,35531,1559,42578,1,DISARMED,27292,35531,35530,false,,false,true,-0.27,2.92,14.79,0,0.002,0.002,0,0,0,0,-0.002,-0.002,0,0,0,1000,1000,1000,1000
2026-10-07T07:26:46.245Z,1791358006245,35551,1560,42578,1,DISARMED,27302,35551,35550,false,,false,true,-0.27,2.92,14.79,-0.003,0.001,0.001,0,0,0,0.003,-0.001,-0.001,0,0,0,1000,1000,1000,1000
2026-10-07T07:26:46.271Z,1791358006271,35571,1561,42578,1,DISARMED,27312,35571,35570,false,,false,true,-0.27,2.92,14.79,0.001,-0.001,-0.001,0,0,0,-0.001,0.001,0.001,0,0,0,1000,1000,1000,1000
2026-10-07T07:26:46.290Z,1791358006290,35591,1562,42578,1,DISARMED,27322,35591,35590,false,,false,true,-0.27,2.92,14.79,0,-0.002,-0.002,0,0,0,0,0.002,0.002,0,0,0,1000,1000,1000,1000
2026-10-07T07:26:46.311Z,1791358006311,35611,1563,42578,1,DISARMED,27332,35611,35610,false,,false,true,-0.27,2.93,14.79,0.002,0.001,-0.001,0,0,0,-0.002,-0.001,0.001,0,0,0,1000,1000,1000,1000
2026-10-07T07:26:46.324Z,1791358006324,35631,1564,42578,1,DISARMED,27342,35631,35630,false,,false,true,-0.27,2.93,14.79,0,-0.002,-0.001,0,0,0,0,0.002,0.001,0,0,0,1000,1000,1000,1000
2026-10-07T07:26:46.347Z,1791358006347,35651,1565,42578,1,DISARMED,27352,35651,35650,false,,false,true,-0.27,2.93,14.79,-0.002,-0.002,0.002,0,0,0,0.002,0.002,-0.002,0,0,0,1000,1000,1000,1000
2026-10-07T07:26:46.371Z,1791358006371,35671,1566,42578,1,DISARMED,27362,35671,35670,false,,false,true,-0.27,2.93,14.79,-0.002,0.001,0,0,0,0,0.002,-0.001,0,0,0,0,1000,1000,1000,1000
2026-10-07T07:26:46.384Z,1791358006384,35691,1567,42578,1,DISARMED,27372,35691,35690,false,,false,true,-0.27,2.93,14.79,-0.001,0.002,-0.003,0,0,0,0.001,-0.002,0.003,0,0,0,1000,1000,1000,1000
2026-10-07T07:26:46.406Z,1791358006406,35712,1568,42578,1,DISARMED,27383,35712,35711,false,,false,true,-0.27,2.93,14.79,0.001,-0.002,-0.002,0,0,0,-0.001,0.002,0.002,0,0,0,1000,1000,1000,1000
2026-10-07T07:26:46.430Z,1791358006430,35732,1569,42578,1,DISARMED,27393,35732,35731,false,,false,true,-0.27,2.93,14.79,0.002,0.001,0.001,0,0,0,-0.002,-0.001,-0.001,0,0,0,1000,1000,1000,1000
2026-10-07T07:26:46.449Z,1791358006449,35752,1570,42578,1,DISARMED,27403,35752,35751,false,,false,true,-0.27,2.92,14.78,-0.002,0,-0.001,0,0,0,0.002,0,0.001,0,0,0,1000,1000,1000,1000
2026-10-07T07:26:46.469Z,1791358006469,35772,1571,42578,1,DISARMED,27413,35772,35771,false,,false,true,-0.27,2.92,14.78,0.002,0.002,-0.002,0,0,0,-0.002,-0.002,0.002,0,0,0,1000,1000,1000,1000
2026-10-07T07:26:46.485Z,1791358006485,35792,1572,42578,1,DISARMED,27423,35792,35791,false,,false,true,-0.27,2.92,14.78,0.001,-0.002,0.001,0,0,0,-0.001,0.002,-0.001,0,0,0,1000,1000,1000,1000
2026-10-07T07:26:46.505Z,1791358006505,35811,1573,42578,1,DISARMED,27433,35811,35810,false,,false,true,-0.28,2.92,14.78,0.001,0.001,0.001,0,0,0,-0.001,-0.001,-0.001,0,0,0,1000,1000,1000,1000
2026-10-07T07:26:46.530Z,1791358006530,35831,1574,42578,1,DISARMED,27443,35831,35830,false,,false,true,-0.28,2.92,14.78,0,-0.001,0.001,0,0,0,0,0.001,-0.001,0,0,0,1000,1000,1000,1000
2026-10-07T07:26:46.545Z,1791358006545,35851,1575,42578,1,DISARMED,27453,35851,35850,false,,false,true,-0.27,2.92,14.78,0.001,0.003,-0.001,0,0,0,-0.001,-0.003,0.001,0,0,0,1000,1000,1000,1000
2026-10-07T07:26:46.574Z,1791358006574,35871,1576,42578,1,DISARMED,27463,35871,35870,false,,false,true,-0.27,2.92,14.79,0.001,0.002,0,0,0,0,-0.001,-0.002,0,0,0,0,1000,1000,1000,1000
2026-10-07T07:26:46.585Z,1791358006585,35891,1577,42578,1,DISARMED,27473,35891,35890,false,,false,true,-0.27,2.92,14.78,-0.001,0.001,0,0,0,0,0.001,-0.001,0,0,0,0,1000,1000,1000,1000
2026-10-07T07:26:46.605Z,1791358006605,35911,1578,42578,1,DISARMED,27483,35911,35910,false,,false,true,-0.27,2.92,14.78,0.001,0.002,-0.001,0,0,0,-0.001,-0.002,0.001,0,0,0,1000,1000,1000,1000
2026-10-07T07:26:46.628Z,1791358006628,35931,1579,42578,1,DISARMED,27493,35931,35930,false,,false,true,-0.27,2.92,14.79,0.001,0.001,0.004,0,0,0,-0.001,-0.001,-0.004,0,0,0,1000,1000,1000,1000
2026-10-07T07:26:46.647Z,1791358006647,35952,1580,42578,1,DISARMED,27504,35952,35951,false,,false,true,-0.27,2.92,14.79,0.001,-0.001,0.001,0,0,0,-0.001,0.001,-0.001,0,0,0,1000,1000,1000,1000
2026-10-07T07:26:46.669Z,1791358006669,35972,1581,42578,1,DISARMED,27514,35972,35971,false,,false,true,-0.27,2.92,14.79,0.001,0.002,0.001,0,0,0,-0.001,-0.002,-0.001,0,0,0,1000,1000,1000,1000
2026-10-07T07:26:46.688Z,1791358006688,35992,1582,42578,1,DISARMED,27524,35992,35991,false,,false,true,-0.27,2.92,14.79,0,-0.002,-0.002,0,0,0,0,0.002,0.002,0,0,0,1000,1000,1000,1000
2026-10-07T07:26:46.708Z,1791358006708,36011,1583,42578,2,ARMED,27538,36011,36010,false,,false,true,-0.27,2.92,14.79,0,0,0.002,0,0,0,0,0,-0.002,0,0,0,1000,1000,1000,1000
2026-10-07T07:26:46.725Z,1791358006725,36031,1584,42578,2,ARMED,27556,36031,36030,false,,false,true,-0.27,2.93,14.79,-0.002,0.001,-0.001,0,0,0,0.002,-0.001,0.001,0,0,0,1000,1000,1000,1000
2026-10-07T07:26:46.749Z,1791358006749,36051,1585,42578,2,ARMED,27573,36051,36049,false,,false,true,-0.27,2.93,14.79,-0.002,0,0.001,0,0,0,0.002,0,-0.001,0,0,0,1000,1000,1000,1000
2026-10-07T07:26:46.771Z,1791358006771,36071,1586,42578,2,ARMED,27591,36071,36070,false,,false,true,-0.27,2.93,14.79,-0.001,0.001,-0.001,0,0,0,0.001,-0.001,0.001,0,0,0,1000,1000,1000,1000
2026-10-07T07:26:46.785Z,1791358006785,36091,1587,42578,2,ARMED,27609,36091,36090,false,,false,true,-0.26,2.93,14.79,-0.001,0.001,-0.001,0,0,0,0.001,-0.001,0.001,0,0,0,1000,1000,1000,1000
2026-10-07T07:26:46.810Z,1791358006810,36111,1588,42578,2,ARMED,27627,36111,36110,false,,false,true,-0.26,2.93,14.79,0.001,-0.001,0.001,0,0,0,-0.001,0.001,-0.001,0,0,0,1000,1000,1000,1000
2026-10-07T07:26:46.823Z,1791358006823,36131,1589,42578,2,ARMED,27645,36131,36130,false,,false,true,-0.26,2.93,14.79,-0.001,0.003,-0.002,0,0,0,0.001,-0.003,0.002,0,0,0,1000,1000,1000,1000
2026-10-07T07:26:46.847Z,1791358006847,36151,1590,42578,2,ARMED,27662,36151,36150,false,,false,true,-0.27,2.93,14.79,-0.001,0.002,-0.003,0,0,0,0.001,-0.002,0.003,0,0,0,1000,1000,1000,1000
2026-10-07T07:26:46.871Z,1791358006871,36172,1591,42578,2,ARMED,27681,36172,36170,false,,false,true,-0.27,2.93,14.79,0.001,0.002,-0.002,0,0,0,-0.001,-0.002,0.002,0,0,0,1000,1000,1000,1000
2026-10-07T07:26:46.888Z,1791358006888,36191,1592,42578,2,ARMED,27699,36191,36190,false,,false,true,-0.27,2.93,14.79,-0.002,0.001,0.001,0,0,0,0.002,-0.001,-0.001,0,0,0,1000,1000,1000,1000
2026-10-07T07:26:46.904Z,1791358006904,36211,1593,42578,2,ARMED,27717,36211,36210,false,,false,true,-0.27,2.93,14.79,0.004,-0.002,0,0,0,0,-0.004,0.002,0,0,0,0,1000,1000,1000,1000
2026-10-07T07:26:46.927Z,1791358006927,36231,1594,42578,2,ARMED,27735,36231,36230,false,,false,true,-0.27,2.93,14.79,-0.001,-0.001,0.002,0,0,0,0.001,0.001,-0.002,0,0,0,1000,1000,1000,1000
2026-10-07T07:26:46.945Z,1791358006945,36251,1595,42578,2,ARMED,27752,36251,36249,false,,false,true,-0.27,2.93,14.79,0.003,0,0.002,0,0,0,-0.003,0,-0.002,0,0,0,1000,1000,1000,1000
2026-10-07T07:26:46.969Z,1791358006969,36271,1596,42578,2,ARMED,27771,36271,36270,false,,false,true,-0.27,2.93,14.79,-0.001,0.002,-0.001,0,0,0,0.001,-0.002,0.001,0,0,0,1000,1000,1000,1000
2026-10-07T07:26:46.986Z,1791358006986,36291,1597,42578,2,ARMED,27788,36291,36290,false,,false,true,-0.27,2.93,14.79,0.001,-0.002,-0.001,0,0,0,-0.001,0.002,0.001,0,0,0,1000,1000,1000,1000
2026-10-07T07:26:47.005Z,1791358007005,36311,1598,42578,2,ARMED,27806,36311,36310,false,,false,true,-0.26,2.93,14.79,-0.002,0.001,0.003,0,0,0,0.002,-0.001,-0.003,0,0,0,1000,1000,1000,1000
2026-10-07T07:26:47.025Z,1791358007025,36331,1599,42578,2,ARMED,27824,36331,36330,false,,false,true,-0.27,2.93,14.79,-0.001,0.001,0.005,0,0,0,0.001,-0.001,-0.005,0,0,0,1000,1000,1000,1000
2026-10-07T07:26:47.047Z,1791358007047,36351,1600,42578,2,ARMED,27841,36351,36349,false,,false,true,-0.27,2.92,14.79,0.002,-0.001,-0.002,0,0,0,-0.002,0.001,0.002,0,0,0,1000,1000,1000,1000
2026-10-07T07:26:47.072Z,1791358007072,36371,1601,42578,2,ARMED,27860,36371,36370,false,,false,true,-0.26,2.92,14.79,0,0.001,-0.001,0,0,0,0,-0.001,0.001,0,0,0,1000,1000,1000,1000
2026-10-07T07:26:47.092Z,1791358007092,36391,1602,42578,2,ARMED,27877,36391,36390,false,,false,true,-0.27,2.92,14.79,-0.001,0,-0.002,0,0,0,0.001,0,0.002,0,0,0,1000,1000,1000,1000
2026-10-07T07:26:47.104Z,1791358007104,36411,1603,42578,2,ARMED,27895,36411,36410,false,,false,true,-0.27,2.91,14.79,0.002,0.001,0.002,0,0,0,-0.002,-0.001,-0.002,0,0,0,1000,1000,1000,1000
2026-10-07T07:26:47.127Z,1791358007127,36431,1604,42578,2,ARMED,27913,36431,36430,false,,false,true,-0.27,2.91,14.79,-0.002,-0.001,-0.001,0,0,0,0.002,0.001,0.001,0,0,0,1000,1000,1000,1000
2026-10-07T07:26:47.145Z,1791358007145,36451,1605,42578,2,ARMED,27930,36451,36450,false,,false,true,-0.27,2.91,14.79,-0.001,-0.001,-0.001,0,0,0,0.001,0.001,0.001,0,0,0,1000,1000,1000,1000
2026-10-07T07:26:47.174Z,1791358007174,36473,1606,42578,2,ARMED,27950,36473,36472,false,,false,true,-0.27,2.91,14.79,0.001,-0.001,-0.002,0,0,0,-0.001,0.001,0.002,0,0,0,1000,1000,1000,1000
2026-10-07T07:26:47.189Z,1791358007189,36494,1607,42578,2,ARMED,27969,36494,36493,false,,false,true,-0.27,2.91,14.79,-0.001,-0.002,-0.001,0,0,0,0.001,0.002,0.001,0,0,0,1000,1000,1000,1000
2026-10-07T07:26:47.205Z,1791358007205,36513,1608,42578,2,ARMED,27988,36513,36513,false,,false,true,-0.28,2.91,14.79,0.001,-0.002,-0.001,0,0,0,-0.001,0.002,0.001,0,0,0,1000,1000,1000,1000
2026-10-07T07:26:47.230Z,1791358007230,36535,1609,42578,2,ARMED,28007,36535,36533,false,,false,true,-0.28,2.91,14.79,-0.001,0.002,0.001,0,0,0,0.001,-0.002,-0.001,0,0,0,1000,1000,1000,1000
2026-10-07T07:26:47.247Z,1791358007247,36554,1610,42578,2,ARMED,28025,36554,36553,false,,false,true,-0.28,2.91,14.79,0.002,0.003,0,0,0,0,-0.002,-0.003,0,0,0,0,1000,1000,1000,1000
2026-10-07T07:26:47.279Z,1791358007279,36574,1611,42578,2,ARMED,28043,36574,36573,false,,false,true,-0.28,2.91,14.79,0.001,0.002,0.001,0,0,0,-0.001,-0.002,-0.001,0,0,0,1000,1000,1000,1000
2026-10-07T07:26:47.286Z,1791358007286,36594,1612,42578,2,ARMED,28061,36594,36593,false,,false,true,-0.27,2.91,14.79,-0.001,-0.001,0,0,0,0,0.001,0.001,0,0,0,0,1000,1000,1000,1000
2026-10-07T07:26:47.308Z,1791358007308,36614,1613,42578,2,ARMED,28080,36614,36613,false,,false,true,-0.27,2.91,14.79,0.001,0.003,0.001,0,0,0,-0.001,-0.003,-0.001,0,0,0,1000,1000,1000,1000
2026-10-07T07:26:47.330Z,1791358007330,36635,1614,42578,2,ARMED,28098,36635,36633,false,,false,true,-0.27,2.91,14.79,0.002,0.002,-0.003,0,0,0,-0.002,-0.002,0.003,0,0,0,1000,1000,1000,1000
2026-10-07T07:26:47.349Z,1791358007349,36654,1615,42578,2,ARMED,28116,36654,36652,false,,false,true,-0.27,2.92,14.79,0.001,0.001,0,0,0,0,-0.001,-0.001,0,0,0,0,1000,1000,1000,1000
2026-10-07T07:26:47.379Z,1791358007379,36674,1616,42578,2,ARMED,28134,36674,36673,false,,false,true,-0.27,2.91,14.79,0,0.001,0.001,0,0,0,0,-0.001,-0.001,0,0,0,1000,1000,1000,1000
2026-10-07T07:26:47.385Z,1791358007385,36694,1617,42578,2,ARMED,28151,36694,36693,false,,false,true,-0.27,2.92,14.79,0,0.001,0.001,0,0,0,0,-0.001,-0.001,0,0,0,1000,1000,1000,1000
2026-10-07T07:26:47.404Z,1791358007404,36714,1618,42578,2,ARMED,28170,36714,36713,false,,false,true,-0.27,2.92,14.79,0.002,0.002,0,0,0,0,-0.002,-0.002,0,0,0,0,1000,1000,1000,1000
2026-10-07T07:26:47.426Z,1791358007426,36735,1619,42578,2,ARMED,28188,36735,36733,false,,false,true,-0.27,2.92,14.79,-0.003,-0.001,0,0,0,0,0.003,0.001,0,0,0,0,1000,1000,1000,1000
2026-10-07T07:26:47.449Z,1791358007449,36754,1620,42578,2,ARMED,28206,36754,36752,false,,false,true,-0.28,2.92,14.78,0.001,-0.001,0.001,0,0,0,-0.001,0.001,-0.001,0,0,0,1000,1000,1000,1000
2026-10-07T07:26:47.473Z,1791358007473,36774,1621,42578,2,ARMED,28224,36774,36773,false,,false,true,-0.28,2.92,14.78,0,0.001,-0.001,0,0,0,0,-0.001,0.001,0,0,0,1000,1000,1000,1000
2026-10-07T07:26:47.487Z,1791358007487,36795,1622,42578,2,ARMED,28242,36795,36793,false,,false,true,-0.27,2.92,14.78,0.001,-0.002,0.001,0,0,0,-0.001,0.002,-0.001,0,0,0,1000,1000,1000,1000
2026-10-07T07:26:47.508Z,1791358007508,36814,1623,42578,2,ARMED,28261,36814,36813,false,,false,true,-0.27,2.92,14.78,-0.001,0,-0.003,0,0,0,0.001,0,0.003,0,0,0,1000,1000,1000,1000
2026-10-07T07:26:47.529Z,1791358007529,36835,1624,42578,2,ARMED,28279,36835,36833,false,,false,true,-0.27,2.92,14.78,-0.001,0.003,0.001,0,0,0,0.001,-0.003,-0.001,0,0,0,1000,1000,1000,1000
2026-10-07T07:26:47.546Z,1791358007546,36854,1625,42578,2,ARMED,28297,36854,36852,false,,false,true,-0.28,2.92,14.79,0.003,0.003,0.001,0,0,0,-0.003,-0.003,-0.001,0,0,0,1000,1000,1000,1000
2026-10-07T07:26:47.575Z,1791358007575,36874,1626,42578,2,ARMED,28315,36874,36873,false,,false,true,-0.28,2.92,14.78,-0.002,0.001,0.001,0,0,0,0.002,-0.001,-0.001,0,0,0,1000,1000,1000,1000
2026-10-07T07:26:47.583Z,1791358007583,36894,1627,42578,2,ARMED,28333,36894,36893,false,,false,true,-0.28,2.92,14.79,-0.004,0.001,0.002,0,0,0,0.004,-0.001,-0.002,0,0,0,1000,1000,1000,1000
2026-10-07T07:26:47.606Z,1791358007606,36914,1628,42578,2,ARMED,28352,36914,36913,false,,false,true,-0.28,2.92,14.79,0.001,-0.001,-0.001,0,0,0,-0.001,0.001,0.001,0,0,0,1000,1000,1000,1000
2026-10-07T07:26:47.629Z,1791358007629,36935,1629,42578,2,ARMED,28370,36935,36933,false,,false,true,-0.28,2.92,14.79,0.002,-0.001,-0.001,0,0,0,-0.002,0.001,0.001,0,0,0,1000,1000,1000,1000
2026-10-07T07:26:47.643Z,1791358007643,36954,1630,42578,2,ARMED,28388,36954,36953,false,,false,true,-0.27,2.92,14.79,0.002,0.001,0.002,0,0,0,-0.002,-0.001,-0.002,0,0,0,1000,1000,1000,1000
2026-10-07T07:26:47.673Z,1791358007673,36974,1631,42578,2,ARMED,28406,36974,36973,false,,false,true,-0.28,2.92,14.79,-0.002,-0.001,0.002,0,0,0,0.002,0.001,-0.002,0,0,0,1000,1000,1000,1000
2026-10-07T07:26:47.684Z,1791358007684,36995,1632,42578,2,ARMED,28424,36995,36993,false,,false,true,-0.28,2.92,14.79,0.004,0.002,-0.002,0,0,0,-0.004,-0.002,0.002,0,0,0,1000,1000,1000,1000
2026-10-07T07:26:47.704Z,1791358007704,37014,1633,42578,2,ARMED,28443,37014,37013,false,,false,true,-0.28,2.92,14.79,-0.001,0.004,-0.001,0,0,0,0.001,-0.004,0.001,0,0,0,1000,1000,1000,1000
2026-10-07T07:26:47.732Z,1791358007732,37035,1634,42578,2,ARMED,28461,37035,37033,false,,false,true,-0.28,2.92,14.78,-0.001,0.002,-0.002,0,0,0,0.001,-0.002,0.002,0,0,0,1000,1000,1000,1000
2026-10-07T07:26:47.743Z,1791358007743,37054,1635,42578,2,ARMED,28479,37054,37053,false,,false,true,-0.28,2.92,14.78,0.001,-0.001,-0.001,0,0,0,-0.001,0.001,0.001,0,0,0,1000,1000,1000,1000
2026-10-07T07:26:47.773Z,1791358007773,37074,1636,42578,2,ARMED,28497,37074,37073,false,,false,true,-0.28,2.91,14.78,0.002,0,0.001,0,0,0,-0.002,0,-0.001,0,0,0,1000,1000,1000,1000
2026-10-07T07:26:47.788Z,1791358007788,37094,1637,42578,2,ARMED,28515,37094,37093,false,,false,true,-0.27,2.91,14.78,-0.003,-0.001,-0.002,0,0,0,0.003,0.001,0.002,0,0,0,1000,1000,1000,1000
2026-10-07T07:26:47.806Z,1791358007806,37114,1638,42578,2,ARMED,28534,37114,37113,false,,false,true,-0.27,2.91,14.78,0,0.002,-0.001,0,0,0,0,-0.002,0.001,0,0,0,1000,1000,1000,1000
2026-10-07T07:26:47.827Z,1791358007827,37135,1639,42578,2,ARMED,28552,37135,37133,false,,false,true,-0.27,2.91,14.78,-0.002,-0.001,-0.003,0,0,0,0.002,0.001,0.003,0,0,0,1000,1000,1000,1000
2026-10-07T07:26:47.845Z,1791358007845,37154,1640,42578,2,ARMED,28570,37154,37153,false,,false,true,-0.27,2.92,14.78,-0.003,0.002,-0.002,0,0,0,0.003,-0.002,0.002,0,0,0,1000,1000,1000,1000
2026-10-07T07:26:47.875Z,1791358007875,37174,1641,42578,2,ARMED,28588,37174,37172,false,,false,true,-0.27,2.92,14.78,-0.002,-0.002,0,0,0,0,0.002,0.002,0,0,0,0,1000,1000,1000,1000
2026-10-07T07:26:47.907Z,1791358007907,37196,1642,42578,2,ARMED,28607,37196,37195,false,,false,true,-0.27,2.92,14.78,-0.002,-0.001,0.001,0,0,0,0.002,0.001,-0.001,0,0,0,1000,1000,1000,1000
2026-10-07T07:26:47.915Z,1791358007915,37215,1643,42578,2,ARMED,28626,37215,37215,false,,false,true,-0.27,2.92,14.78,-0.004,-0.002,-0.001,0,0,0,0.004,0.002,0.001,0,0,0,1000,1000,1000,1000
2026-10-07T07:26:47.926Z,1791358007926,37235,1644,42578,2,ARMED,28643,37235,37233,false,,false,true,-0.28,2.92,14.78,-0.001,0.001,0,0,0,0,0.001,-0.001,0,0,0,0,1000,1000,1000,1000
2026-10-07T07:26:47.946Z,1791358007946,37255,1645,42578,2,ARMED,28661,37255,37255,false,,false,true,-0.27,2.92,14.78,0.001,0,-0.004,0,0,0,-0.001,0,0.004,0,0,0,1000,1000,1000,1000
2026-10-07T07:26:47.980Z,1791358007980,37275,1646,42578,2,ARMED,28679,37275,37275,false,,false,true,-0.27,2.92,14.78,-0.001,-0.002,0.001,0,0,0,0.001,0.002,-0.001,0,0,0,1000,1000,1000,1000
2026-10-07T07:26:48.007Z,1791358008007,37295,1647,42578,2,ARMED,28697,37295,37295,false,,false,true,-0.28,2.92,14.77,0.001,-0.001,0.001,0,0,0,-0.001,0.001,-0.001,0,0,0,1000,1000,1000,1000
2026-10-07T07:26:48.010Z,1791358008010,37315,1648,42578,2,ARMED,28715,37315,37315,false,,false,true,-0.28,2.92,14.77,-0.001,-0.002,-0.002,0,0,0,0.001,0.002,0.002,0,0,0,1000,1000,1000,1000
2026-10-07T07:26:48.030Z,1791358008030,37335,1649,42578,2,ARMED,28732,37335,37333,false,,false,true,-0.28,2.92,14.77,0.001,0.002,-0.001,0,0,0,-0.001,-0.002,0.001,0,0,0,1000,1000,1000,1000
2026-10-07T07:26:48.043Z,1791358008043,37355,1650,42578,2,ARMED,28750,37355,37355,false,,false,true,-0.28,2.93,14.77,0.001,0.001,-0.001,0,0,0,-0.001,-0.001,0.001,0,0,0,1000,1000,1000,1000
2026-10-07T07:26:48.075Z,1791358008075,37375,1651,42578,2,ARMED,28768,37375,37373,false,,false,true,-0.28,2.92,14.78,-0.001,0.001,-0.001,0,0,0,0.001,-0.001,0.001,0,0,0,1000,1000,1000,1000
2026-10-07T07:26:48.105Z,1791358008105,37395,1652,42578,2,ARMED,28785,37395,37393,false,,false,true,-0.29,2.92,14.78,0.002,0.001,0.003,0,0,0,-0.002,-0.001,-0.003,0,0,0,1000,1000,1000,1000
2026-10-07T07:26:48.108Z,1791358008108,37415,1653,42578,2,ARMED,28804,37415,37415,false,,false,true,-0.29,2.92,14.78,-0.001,-0.002,-0.001,0,0,0,0.001,0.002,0.001,0,0,0,1000,1000,1000,1000
2026-10-07T07:26:48.133Z,1791358008133,37435,1654,42578,2,ARMED,28821,37435,37433,false,,false,true,-0.29,2.92,14.78,0.003,-0.001,0.002,0,0,0,-0.003,0.001,-0.002,0,0,0,1000,1000,1000,1000
2026-10-07T07:26:48.147Z,1791358008147,37455,1655,42578,2,ARMED,28839,37455,37455,false,,false,true,-0.29,2.92,14.78,-0.003,0.002,0.001,0,0,0,0.003,-0.002,-0.001,0,0,0,1000,1000,1000,1000
2026-10-07T07:26:48.173Z,1791358008173,37475,1656,42578,2,ARMED,28857,37475,37475,false,,false,true,-0.29,2.92,14.78,-0.001,-0.001,0,0,0,0,0.001,0.001,0,0,0,0,1000,1000,1000,1000
2026-10-07T07:26:48.194Z,1791358008194,37497,1657,42578,2,ARMED,28876,37497,37495,false,,false,true,-0.29,2.92,14.78,0.001,0,0.002,0,0,0,-0.001,0,-0.002,0,0,0,1000,1000,1000,1000
2026-10-07T07:26:48.219Z,1791358008219,37516,1658,42578,2,ARMED,28895,37516,37515,false,,false,true,-0.29,2.92,14.78,-0.002,-0.002,0.002,0,0,0,0.002,0.002,-0.002,0,0,0,1000,1000,1000,1000
2026-10-07T07:26:48.235Z,1791358008235,37536,1659,42578,2,ARMED,28912,37536,37535,false,,false,true,-0.29,2.92,14.78,0.001,0.001,0,0,0,0,-0.001,-0.001,0,0,0,0,1000,1000,1000,1000
2026-10-07T07:26:48.254Z,1791358008254,37556,1660,42578,2,ARMED,28930,37556,37555,false,,false,true,-0.28,2.91,14.78,0,0.002,0.001,0,0,0,0,-0.002,-0.001,0,0,0,1000,1000,1000,1000
2026-10-07T07:26:48.280Z,1791358008280,37576,1661,42578,2,ARMED,28948,37576,37575,false,,false,true,-0.28,2.92,14.78,0,0.003,-0.001,0,0,0,0,-0.003,0.001,0,0,0,1000,1000,1000,1000
2026-10-07T07:26:48.300Z,1791358008300,37596,1662,42578,2,ARMED,28965,37596,37595,false,,false,true,-0.28,2.92,14.78,-0.002,-0.001,0,0,0,0,0.002,0.001,0,0,0,0,1000,1000,1000,1000
2026-10-07T07:26:48.315Z,1791358008315,37616,1663,42578,2,ARMED,28984,37616,37615,false,,false,true,-0.28,2.92,14.78,-0.001,0.001,-0.004,0,0,0,0.001,-0.001,0.004,0,0,0,1000,1000,1000,1000
2026-10-07T07:26:48.337Z,1791358008337,37636,1664,42578,2,ARMED,29001,37636,37635,false,,false,true,-0.28,2.91,14.78,0.002,0.001,0,0,0,0,-0.002,-0.001,0,0,0,0,1000,1000,1000,1000
2026-10-07T07:26:48.358Z,1791358008358,37656,1665,42578,2,ARMED,29019,37656,37655,false,,false,true,-0.28,2.91,14.78,-0.001,0.001,-0.001,0,0,0,0.001,-0.001,0.001,0,0,0,1000,1000,1000,1000
2026-10-07T07:26:48.373Z,1791358008373,37676,1666,42578,2,ARMED,29037,37676,37675,false,,false,true,-0.28,2.91,14.78,0.001,0,-0.001,0,0,0,-0.001,0,0.001,0,0,0,1000,1000,1000,1000
2026-10-07T07:26:48.395Z,1791358008395,37696,1667,42578,2,ARMED,29054,37696,37695,false,,false,true,-0.28,2.91,14.78,-0.001,-0.001,-0.001,0,0,0,0.001,0.001,0.001,0,0,0,1000,1000,1000,1000
2026-10-07T07:26:48.418Z,1791358008418,37716,1668,42578,2,ARMED,29073,37716,37715,false,,false,true,-0.28,2.92,14.78,-0.001,0.001,0,0,0,0,0.001,-0.001,0,0,0,0,1000,1000,1000,1000
2026-10-07T07:26:48.440Z,1791358008440,37736,1669,42578,2,ARMED,29090,37736,37735,false,,false,true,-0.28,2.92,14.78,-0.001,0.002,0,0,0,0,0.001,-0.002,0,0,0,0,1000,1000,1000,1000
2026-10-07T07:26:48.455Z,1791358008455,37756,1670,42578,2,ARMED,29108,37756,37755,false,,false,true,-0.29,2.92,14.78,-0.001,-0.001,-0.002,0,0,0,0.001,0.001,0.002,0,0,0,1000,1000,1000,1000
2026-10-07T07:26:48.476Z,1791358008476,37776,1671,42578,2,ARMED,29126,37776,37775,false,,false,true,-0.29,2.92,14.78,-0.001,-0.001,0.003,0,0,0,0.001,0.001,-0.003,0,0,0,1000,1000,1000,1000
2026-10-07T07:26:48.500Z,1791358008500,37796,1672,42578,2,ARMED,29143,37796,37795,false,,false,true,-0.28,2.92,14.78,-0.001,0,0,0,0,0,0.001,0,0,0,0,0,1000,1000,1000,1000
2026-10-07T07:26:48.521Z,1791358008521,37816,1673,42578,2,ARMED,29162,37816,37815,false,,false,true,-0.28,2.92,14.77,-0.002,-0.001,0,0,0,0,0.002,0.001,0,0,0,0,1000,1000,1000,1000
2026-10-07T07:26:48.534Z,1791358008534,37836,1674,42578,2,ARMED,29179,37836,37835,false,,false,true,-0.29,2.92,14.77,-0.001,-0.001,-0.002,0,0,0,0.001,0.001,0.002,0,0,0,1000,1000,1000,1000
2026-10-07T07:26:48.554Z,1791358008554,37856,1675,42578,2,ARMED,29197,37856,37855,false,,false,true,-0.28,2.92,14.77,-0.001,0.002,0.001,0,0,0,0.001,-0.002,-0.001,0,0,0,1000,1000,1000,1000
2026-10-07T07:26:48.577Z,1791358008577,37876,1676,42578,2,ARMED,29215,37876,37875,false,,false,true,-0.28,2.92,14.77,0,0.002,0.001,0,0,0,0,-0.002,-0.001,0,0,0,1000,1000,1000,1000
2026-10-07T07:26:48.595Z,1791358008595,37896,1677,42578,2,ARMED,29232,37896,37895,false,,false,true,-0.28,2.92,14.77,-0.002,0.002,-0.001,0,0,0,0.002,-0.002,0.001,0,0,0,1000,1000,1000,1000
2026-10-07T07:26:48.624Z,1791358008624,37916,1678,42578,2,ARMED,29251,37916,37915,false,,false,true,-0.28,2.91,14.78,-0.002,0,0.003,0,0,0,0.002,0,-0.003,0,0,0,1000,1000,1000,1000
2026-10-07T07:26:48.634Z,1791358008634,37936,1679,42578,2,ARMED,29268,37936,37935,false,,false,true,-0.28,2.92,14.77,-0.001,0.001,-0.002,0,0,0,0.001,-0.001,0.002,0,0,0,1000,1000,1000,1000
2026-10-07T07:26:48.662Z,1791358008662,37956,1680,42578,2,ARMED,29286,37956,37955,false,,false,true,-0.28,2.91,14.78,0.002,-0.001,0,0,0,0,-0.002,0.001,0,0,0,0,1000,1000,1000,1000
2026-10-07T07:26:48.680Z,1791358008680,37976,1681,42578,2,ARMED,29304,37976,37975,false,,false,true,-0.28,2.92,14.77,-0.001,-0.001,0.002,0,0,0,0.001,0.001,-0.002,0,0,0,1000,1000,1000,1000
2026-10-07T07:26:48.701Z,1791358008701,37996,1682,42578,2,ARMED,29321,37996,37995,false,,false,true,-0.28,2.92,14.77,-0.002,0.002,-0.001,0,0,0,0.002,-0.002,0.001,0,0,0,1000,1000,1000,1000
2026-10-07T07:26:48.716Z,1791358008716,38016,1683,42578,2,ARMED,29340,38016,38015,false,,false,true,-0.28,2.91,14.77,-0.001,0,-0.002,0,0,0,0.001,0,0.002,0,0,0,1000,1000,1000,1000
2026-10-07T07:26:48.738Z,1791358008738,38036,1684,42578,2,ARMED,29357,38036,38035,false,,false,true,-0.29,2.92,14.77,-0.001,0.001,0.002,0,0,0,0.001,-0.001,-0.002,0,0,0,1000,1000,1000,1000
2026-10-07T07:26:48.754Z,1791358008754,38056,1685,42578,2,ARMED,29375,38056,38055,false,,false,true,-0.29,2.92,14.77,-0.004,0.001,-0.001,0,0,0,0.004,-0.001,0.001,0,0,0,1000,1000,1000,1000
2026-10-07T07:26:48.778Z,1791358008778,38076,1686,42578,2,ARMED,29393,38076,38075,false,,false,true,-0.29,2.92,14.77,0.002,-0.002,-0.001,0,0,0,-0.002,0.002,0.001,0,0,0,1000,1000,1000,1000
2026-10-07T07:26:48.796Z,1791358008796,38096,1687,42578,2,ARMED,29410,38096,38095,false,,false,true,-0.29,2.92,14.77,0.003,0.002,0.001,0,0,0,-0.003,-0.002,-0.001,0,0,0,1000,1000,1000,1000
2026-10-07T07:26:48.817Z,1791358008817,38116,1688,42578,2,ARMED,29429,38116,38115,false,,false,true,-0.29,2.92,14.77,-0.001,0.001,-0.001,0,0,0,0.001,-0.001,0.001,0,0,0,1000,1000,1000,1000
2026-10-07T07:26:48.833Z,1791358008833,38136,1689,42578,2,ARMED,29446,38136,38135,false,,false,true,-0.29,2.92,14.77,0.001,-0.002,0,0,0,0,-0.001,0.002,0,0,0,0,1000,1000,1000,1000
2026-10-07T07:26:48.858Z,1791358008858,38156,1690,42578,2,ARMED,29464,38156,38154,false,,false,true,-0.29,2.91,14.77,0.003,0,0,0,0,0,-0.003,0,0,0,0,0,1000,1000,1000,1000
2026-10-07T07:26:48.874Z,1791358008874,38176,1691,42578,2,ARMED,29482,38176,38175,false,,false,true,-0.29,2.92,14.77,-0.002,0.002,-0.002,0,0,0,0.002,-0.002,0.002,0,0,0,1000,1000,1000,1000
2026-10-07T07:26:48.894Z,1791358008894,38196,1692,42578,2,ARMED,29499,38196,38195,false,,false,true,-0.29,2.92,14.77,0,0.002,0.001,0,0,0,0,-0.002,-0.001,0,0,0,1000,1000,1000,1000
2026-10-07T07:26:48.921Z,1791358008921,38216,1693,42578,2,ARMED,29518,38216,38215,false,,false,true,-0.29,2.92,14.77,0,-0.002,-0.003,0,0,0,0,0.002,0.003,0,0,0,1000,1000,1000,1000
2026-10-07T07:26:48.935Z,1791358008935,38236,1694,42578,2,ARMED,29535,38236,38235,false,,false,true,-0.29,2.92,14.77,0.003,0.001,-0.002,0,0,0,-0.003,-0.001,0.002,0,0,0,1000,1000,1000,1000
2026-10-07T07:26:48.953Z,1791358008953,38256,1695,42578,2,ARMED,29553,38256,38255,false,,false,true,-0.28,2.92,14.77,-0.003,0.002,-0.001,0,0,0,0.003,-0.002,0.001,0,0,0,1000,1000,1000,1000
2026-10-07T07:26:48.973Z,1791358008973,38276,1696,42578,2,ARMED,29571,38276,38275,false,,false,true,-0.28,2.92,14.77,-0.002,0.002,-0.001,0,0,0,0.002,-0.002,0.001,0,0,0,1000,1000,1000,1000
2026-10-07T07:26:48.997Z,1791358008997,38296,1697,42578,2,ARMED,29588,38296,38295,false,,false,true,-0.27,2.93,14.77,0.001,0.001,0,0,0,0,-0.001,-0.001,0,0,0,0,1000,1000,1000,1000
2026-10-07T07:26:49.018Z,1791358009018,38316,1698,42578,2,ARMED,29607,38316,38315,false,,false,true,-0.27,2.93,14.77,0,-0.002,0.001,0,0,0,0,0.002,-0.001,0,0,0,1000,1000,1000,1000
2026-10-07T07:26:49.038Z,1791358009038,38336,1699,42578,2,ARMED,29624,38336,38335,false,,false,true,-0.27,2.93,14.77,-0.003,-0.002,-0.002,0,0,0,0.003,0.002,0.002,0,0,0,1000,1000,1000,1000
2026-10-07T07:26:49.056Z,1791358009056,38356,1700,42578,2,ARMED,29642,38356,38354,false,,false,true,-0.28,2.92,14.77,-0.001,-0.002,0,0,0,0,0.001,0.002,0,0,0,0,1000,1000,1000,1000
2026-10-07T07:26:49.075Z,1791358009075,38376,1701,42578,2,ARMED,29660,38376,38375,false,,false,true,-0.28,2.92,14.77,0,0.003,0.002,0,0,0,0,-0.003,-0.002,0,0,0,1000,1000,1000,1000
2026-10-07T07:26:49.099Z,1791358009099,38396,1702,42578,2,ARMED,29677,38396,38395,false,,false,true,-0.27,2.92,14.77,0,0.001,-0.001,0,0,0,0,-0.001,0.001,0,0,0,1000,1000,1000,1000
2026-10-07T07:26:49.119Z,1791358009119,38416,1703,42578,2,ARMED,29696,38416,38415,false,,false,true,-0.28,2.92,14.77,0,0,-0.001,0,0,0,0,0,0.001,0,0,0,1000,1000,1000,1000
2026-10-07T07:26:49.136Z,1791358009136,38436,1704,42578,2,ARMED,29713,38436,38435,false,,false,true,-0.27,2.92,14.77,0.001,0.001,-0.002,0,0,0,-0.001,-0.001,0.002,0,0,0,1000,1000,1000,1000
2026-10-07T07:26:49.157Z,1791358009157,38456,1705,42578,2,ARMED,29731,38456,38455,false,,false,true,-0.28,2.92,14.77,-0.001,-0.001,0.002,0,0,0,0.001,0.001,-0.002,0,0,0,1000,1000,1000,1000
2026-10-07T07:26:49.179Z,1791358009179,38476,1706,42578,2,ARMED,29749,38476,38475,false,,false,true,-0.28,2.92,14.77,0.002,-0.001,0.001,0,0,0,-0.002,0.001,-0.001,0,0,0,1000,1000,1000,1000
2026-10-07T07:26:49.193Z,1791358009193,38496,1707,42578,2,ARMED,29766,38496,38495,false,,false,true,-0.28,2.92,14.77,0.001,-0.001,0,0,0,0,-0.001,0.001,0,0,0,0,1000,1000,1000,1000
2026-10-07T07:26:49.215Z,1791358009215,38516,1708,42578,2,ARMED,29785,38516,38515,false,,false,true,-0.28,2.92,14.77,-0.001,0.001,0,0,0,0,0.001,-0.001,0,0,0,0,1000,1000,1000,1000
2026-10-07T07:26:49.240Z,1791358009240,38536,1709,42578,2,ARMED,29802,38536,38535,false,,false,true,-0.28,2.92,14.77,0,0.001,0.001,0,0,0,0,-0.001,-0.001,0,0,0,1000,1000,1000,1000
2026-10-07T07:26:49.256Z,1791358009256,38556,1710,42578,2,ARMED,29820,38556,38555,false,,false,true,-0.28,2.92,14.77,0.001,-0.001,0,0,0,0,-0.001,0.001,0,0,0,0,1000,1000,1000,1000
2026-10-07T07:26:49.275Z,1791358009275,38576,1711,42578,2,ARMED,29838,38576,38575,false,,false,true,-0.28,2.93,14.77,-0.001,0.002,0.001,0,0,0,0.001,-0.002,-0.001,0,0,0,1000,1000,1000,1000
2026-10-07T07:26:49.300Z,1791358009300,38596,1712,42578,2,ARMED,29855,38596,38595,false,,false,true,-0.28,2.93,14.77,0.001,0.003,0.003,0,0,0,-0.001,-0.003,-0.003,0,0,0,1000,1000,1000,1000
2026-10-07T07:26:49.317Z,1791358009317,38616,1713,42578,2,ARMED,29874,38616,38615,false,,false,true,-0.28,2.93,14.77,-0.002,-0.001,0.001,0,0,0,0.002,0.001,-0.001,0,0,0,1000,1000,1000,1000
2026-10-07T07:26:49.338Z,1791358009338,38636,1714,42578,2,ARMED,29891,38636,38635,false,,false,true,-0.27,2.93,14.77,0.002,-0.001,0.001,0,0,0,-0.002,0.001,-0.001,0,0,0,1000,1000,1000,1000
2026-10-07T07:26:49.354Z,1791358009354,38656,1715,42578,2,ARMED,29909,38656,38655,false,,false,true,-0.27,2.93,14.77,0,-0.001,-0.002,0,0,0,0,0.001,0.002,0,0,0,1000,1000,1000,1000
2026-10-07T07:26:49.376Z,1791358009376,38676,1716,42578,2,ARMED,29927,38676,38675,false,,false,true,-0.27,2.93,14.76,-0.004,0.001,-0.002,0,0,0,0.004,-0.001,0.002,0,0,0,1000,1000,1000,1000
2026-10-07T07:26:49.396Z,1791358009396,38696,1717,42578,2,ARMED,29945,38696,38695,false,,false,true,-0.28,2.93,14.76,-0.001,0.001,0.002,0,0,0,0.001,-0.001,-0.002,0,0,0,1000,1000,1000,1000
2026-10-07T07:26:49.419Z,1791358009419,38716,1718,42578,2,ARMED,29964,38716,38715,false,,false,true,-0.27,2.94,14.76,-0.001,0.001,0,0,0,0,0.001,-0.001,0,0,0,0,1000,1000,1000,1000
2026-10-07T07:26:49.433Z,1791358009433,38736,1719,42578,2,ARMED,29981,38736,38735,false,,false,true,-0.27,2.93,14.77,-0.001,0.004,-0.001,0,0,0,0.001,-0.004,0.001,0,0,0,1000,1000,1000,1000
2026-10-07T07:26:49.454Z,1791358009454,38756,1720,42578,2,ARMED,29999,38756,38754,false,,false,true,-0.26,2.93,14.77,-0.003,0.001,0.001,0,0,0,0.003,-0.001,-0.001,0,0,0,1000,1000,1000,1000
2026-10-07T07:26:49.474Z,1791358009474,38776,1721,42578,2,ARMED,30017,38776,38775,false,,false,true,-0.26,2.94,14.77,-0.001,0.003,-0.001,0,0,0,0.001,-0.003,0.001,0,0,0,1000,1000,1000,1000
2026-10-07T07:26:49.495Z,1791358009495,38796,1722,42578,2,ARMED,30034,38796,38795,false,,false,true,-0.26,2.93,14.77,-0.002,0.001,0.003,0,0,0,0.002,-0.001,-0.003,0,0,0,1000,1000,1000,1000
2026-10-07T07:26:49.514Z,1791358009514,38816,1723,42578,2,ARMED,30053,38816,38815,false,,false,true,-0.26,2.94,14.77,-0.002,-0.002,0,0,0,0,0.002,0.002,0,0,0,0,1000,1000,1000,1000
2026-10-07T07:26:49.535Z,1791358009535,38836,1724,42578,2,ARMED,30070,38836,38835,false,,false,true,-0.26,2.93,14.77,0.002,0.002,0,0,0,0,-0.002,-0.002,0,0,0,0,1000,1000,1000,1000
2026-10-07T07:26:49.555Z,1791358009555,38856,1725,42578,2,ARMED,30088,38856,38855,false,,false,true,-0.25,2.93,14.77,0.001,-0.001,-0.003,0,0,0,-0.001,0.001,0.003,0,0,0,1000,1000,1000,1000
2026-10-07T07:26:49.581Z,1791358009581,38876,1726,42578,2,ARMED,30106,38876,38875,false,,false,true,-0.25,2.93,14.77,0.001,0,0.002,0,0,0,-0.001,0,-0.002,0,0,0,1000,1000,1000,1000
2026-10-07T07:26:49.599Z,1791358009599,38896,1727,42578,2,ARMED,30123,38896,38895,false,,false,true,-0.25,2.93,14.77,-0.001,0.002,-0.002,0,0,0,0.001,-0.002,0.002,0,0,0,1000,1000,1000,1000
2026-10-07T07:26:49.615Z,1791358009615,38916,1728,42578,2,ARMED,30142,38916,38915,false,,false,true,-0.26,2.93,14.77,0.002,0.001,0,0,0,0,-0.002,-0.001,0,0,0,0,1000,1000,1000,1000
2026-10-07T07:26:49.633Z,1791358009633,38936,1729,42578,2,ARMED,30159,38936,38935,false,,false,true,-0.26,2.93,14.77,0.001,0,-0.001,0,0,0,-0.001,0,0.001,0,0,0,1000,1000,1000,1000
2026-10-07T07:26:49.656Z,1791358009656,38956,1730,42578,2,ARMED,30177,38956,38955,false,,false,true,-0.26,2.94,14.77,-0.001,-0.001,0.001,0,0,0,0.001,0.001,-0.001,0,0,0,1000,1000,1000,1000
2026-10-07T07:26:49.677Z,1791358009677,38976,1731,42578,2,ARMED,30195,38976,38975,false,,false,true,-0.26,2.94,14.77,0,0.001,-0.002,0,0,0,0,-0.001,0.002,0,0,0,1000,1000,1000,1000
2026-10-07T07:26:49.693Z,1791358009693,38996,1732,42578,2,ARMED,30212,38996,38995,false,,false,true,-0.25,2.94,14.77,-0.001,0.002,-0.001,0,0,0,0.001,-0.002,0.001,0,0,0,1000,1000,1000,1000
2026-10-07T07:26:49.715Z,1791358009715,39016,1733,42578,2,ARMED,30231,39016,39015,false,,false,true,-0.25,2.93,14.77,0,0.001,0.001,0,0,0,0,-0.001,-0.001,0,0,0,1000,1000,1000,1000
2026-10-07T07:26:49.740Z,1791358009740,39036,1734,42578,2,ARMED,30248,39036,39035,false,,false,true,-0.26,2.93,14.77,-0.003,-0.002,-0.002,0,0,0,0.003,0.002,0.002,0,0,0,1000,1000,1000,1000
2026-10-07T07:26:49.754Z,1791358009754,39056,1735,42578,2,ARMED,30266,39056,39055,false,,false,true,-0.26,2.93,14.77,0,-0.001,-0.004,0,0,0,0,0.001,0.004,0,0,0,1000,1000,1000,1000
2026-10-07T07:26:49.775Z,1791358009775,39076,1736,42578,2,ARMED,30284,39076,39075,false,,false,true,-0.26,2.93,14.77,0.001,-0.002,-0.002,0,0,0,-0.001,0.002,0.002,0,0,0,1000,1000,1000,1000
2026-10-07T07:26:49.793Z,1791358009793,39096,1737,42578,2,ARMED,30302,39096,39095,false,,false,true,-0.26,2.93,14.76,0.001,-0.001,0.001,0,0,0,-0.001,0.001,-0.001,0,0,0,1000,1000,1000,1000
2026-10-07T07:26:49.816Z,1791358009816,39116,1738,42578,2,ARMED,30320,39116,39115,false,,false,true,-0.26,2.93,14.77,-0.001,0,-0.001,0,0,0,0.001,0,0.001,0,0,0,1000,1000,1000,1000
2026-10-07T07:26:49.836Z,1791358009836,39136,1739,42578,2,ARMED,30337,39136,39135,false,,false,true,-0.26,2.93,14.77,-0.003,-0.001,-0.001,0,0,0,0.003,0.001,0.001,0,0,0,1000,1000,1000,1000
2026-10-07T07:26:49.853Z,1791358009853,39156,1740,42578,2,ARMED,30355,39156,39155,false,,false,true,-0.26,2.93,14.76,-0.002,0.001,-0.003,0,0,0,0.002,-0.001,0.003,0,0,0,1000,1000,1000,1000
2026-10-07T07:26:49.875Z,1791358009875,39176,1741,42578,2,ARMED,30373,39176,39175,false,,false,true,-0.26,2.93,14.76,-0.003,-0.001,0.002,0,0,0,0.003,0.001,-0.002,0,0,0,1000,1000,1000,1000
2026-10-07T07:26:49.893Z,1791358009893,39196,1742,42578,2,ARMED,30390,39196,39195,false,,false,true,-0.27,2.93,14.76,0.001,-0.002,0.001,0,0,0,-0.001,0.002,-0.001,0,0,0,1000,1000,1000,1000
2026-10-07T07:26:49.914Z,1791358009914,39216,1743,42578,2,ARMED,30409,39216,39215,false,,false,true,-0.27,2.92,14.76,-0.002,0.003,-0.003,0,0,0,0.002,-0.003,0.003,0,0,0,1000,1000,1000,1000
2026-10-07T07:26:49.933Z,1791358009933,39236,1744,42578,2,ARMED,30426,39236,39235,false,,false,true,-0.27,2.92,14.76,0.001,-0.001,-0.001,0,0,0,-0.001,0.001,0.001,0,0,0,1000,1000,1000,1000
2026-10-07T07:26:49.955Z,1791358009955,39256,1745,42578,2,ARMED,30444,39256,39255,false,,false,true,-0.27,2.92,14.76,-0.001,-0.001,0,0,0,0,0.001,0.001,0,0,0,0,1000,1000,1000,1000
2026-10-07T07:26:49.975Z,1791358009975,39276,1746,42578,2,ARMED,30462,39276,39275,false,,false,true,-0.27,2.92,14.76,-0.002,0.002,-0.002,0,0,0,0.002,-0.002,0.002,0,0,0,1000,1000,1000,1000
2026-10-07T07:26:49.993Z,1791358009993,39296,1747,42578,2,ARMED,30479,39296,39295,false,,false,true,-0.27,2.93,14.76,-0.002,0.001,0.002,0,0,0,0.002,-0.001,-0.002,0,0,0,1000,1000,1000,1000
2026-10-07T07:26:50.018Z,1791358010018,39316,1748,42578,2,ARMED,30498,39316,39315,false,,false,true,-0.27,2.93,14.76,-0.002,0.003,0.001,0,0,0,0.002,-0.003,-0.001,0,0,0,1000,1000,1000,1000
2026-10-07T07:26:50.033Z,1791358010033,39336,1749,42578,2,ARMED,30515,39336,39335,false,,false,true,-0.27,2.93,14.76,0.001,0.003,-0.002,0,0,0,-0.001,-0.003,0.002,0,0,0,1000,1000,1000,1000
2026-10-07T07:26:50.055Z,1791358010055,39356,1750,42578,2,ARMED,30533,39356,39355,false,,false,true,-0.27,2.92,14.76,-0.003,0.003,0.001,0,0,0,0.003,-0.003,-0.001,0,0,0,1000,1000,1000,1000
2026-10-07T07:26:50.075Z,1791358010075,39376,1751,42578,2,ARMED,30551,39376,39375,false,,false,true,-0.27,2.92,14.76,0,-0.001,-0.001,0,0,0,0,0.001,0.001,0,0,0,1000,1000,1000,1000
2026-10-07T07:26:50.093Z,1791358010093,39396,1752,42578,2,ARMED,30568,39396,39395,false,,false,true,-0.27,2.92,14.76,-0.002,0.001,-0.001,0,0,0,0.002,-0.001,0.001,0,0,0,1000,1000,1000,1000
2026-10-07T07:26:50.122Z,1791358010122,39416,1753,42578,2,ARMED,30587,39416,39415,false,,false,true,-0.27,2.92,14.76,0,0.002,-0.002,0,0,0,0,-0.002,0.002,0,0,0,1000,1000,1000,1000
2026-10-07T07:26:50.134Z,1791358010134,39436,1754,42578,2,ARMED,30604,39436,39435,false,,false,true,-0.27,2.93,14.76,0,-0.001,0.002,0,0,0,0,0.001,-0.002,0,0,0,1000,1000,1000,1000
2026-10-07T07:26:50.160Z,1791358010160,39456,1755,42578,2,ARMED,30622,39456,39454,false,,false,true,-0.27,2.93,14.76,0.001,0.001,0,0,0,0,-0.001,-0.001,0,0,0,0,1000,1000,1000,1000
2026-10-07T07:26:50.173Z,1791358010173,39476,1756,42578,2,ARMED,30640,39476,39475,false,,false,true,-0.27,2.92,14.76,0,0.001,-0.001,0,0,0,0,-0.001,0.001,0,0,0,1000,1000,1000,1000
2026-10-07T07:26:50.195Z,1791358010195,39496,1757,42578,2,ARMED,30658,39496,39495,false,,false,true,-0.27,2.93,14.75,-0.002,0.004,-0.001,0,0,0,0.002,-0.004,0.001,0,0,0,1000,1000,1000,1000
2026-10-07T07:26:50.216Z,1791358010216,39516,1758,42578,2,ARMED,30677,39516,39515,false,,false,true,-0.27,2.93,14.75,-0.002,-0.001,-0.002,0,0,0,0.002,0.001,0.002,0,0,0,1000,1000,1000,1000
2026-10-07T07:26:50.235Z,1791358010235,39536,1759,42578,2,ARMED,30694,39536,39535,false,,false,true,-0.27,2.93,14.75,-0.001,0.002,-0.001,0,0,0,0.001,-0.002,0.001,0,0,0,1000,1000,1000,1000
2026-10-07T07:26:50.257Z,1791358010257,39556,1760,42578,2,ARMED,30712,39556,39556,false,,false,true,-0.26,2.93,14.75,0.003,0.002,-0.002,0,0,0,-0.003,-0.002,0.002,0,0,0,1000,1000,1000,1000
2026-10-07T07:26:50.273Z,1791358010273,39576,1761,42578,2,ARMED,30730,39576,39575,false,,false,true,-0.26,2.93,14.75,0,0.001,0.001,0,0,0,0,-0.001,-0.001,0,0,0,1000,1000,1000,1000
2026-10-07T07:26:50.297Z,1791358010297,39596,1762,42578,2,ARMED,30747,39596,39595,false,,false,true,-0.26,2.93,14.75,-0.002,0.001,0,0,0,0,0.002,-0.001,0,0,0,0,1000,1000,1000,1000
2026-10-07T07:26:50.327Z,1791358010327,39616,1763,42578,2,ARMED,30766,39616,39615,false,,false,true,-0.26,2.93,14.75,0.001,0.001,-0.001,0,0,0,-0.001,-0.001,0.001,0,0,0,1000,1000,1000,1000
2026-10-07T07:26:50.335Z,1791358010335,39636,1764,42578,2,ARMED,30783,39636,39635,false,,false,true,-0.26,2.93,14.75,-0.002,-0.001,-0.001,0,0,0,0.002,0.001,0.001,0,0,0,1000,1000,1000,1000
2026-10-07T07:26:50.355Z,1791358010355,39656,1765,42578,2,ARMED,30801,39656,39655,false,,false,true,-0.26,2.93,14.75,0.001,0.002,-0.002,0,0,0,-0.001,-0.002,0.002,0,0,0,1000,1000,1000,1000
2026-10-07T07:26:50.373Z,1791358010373,39676,1766,42578,2,ARMED,30819,39676,39675,false,,false,true,-0.26,2.94,14.75,-0.001,0.002,0.002,0,0,0,0.001,-0.002,-0.002,0,0,0,1000,1000,1000,1000
2026-10-07T07:26:50.393Z,1791358010393,39696,1767,42578,2,ARMED,30836,39696,39695,false,,false,true,-0.26,2.94,14.75,-0.004,-0.001,-0.001,0,0,0,0.004,0.001,0.001,0,0,0,1000,1000,1000,1000
2026-10-07T07:26:50.418Z,1791358010418,39716,1768,42578,2,ARMED,30855,39716,39715,false,,false,true,-0.26,2.94,14.75,0,0.001,0.001,0,0,0,0,-0.001,-0.001,0,0,0,1000,1000,1000,1000
2026-10-07T07:26:50.434Z,1791358010434,39736,1769,42578,2,ARMED,30872,39736,39735,false,,false,true,-0.26,2.94,14.75,0.002,0.001,-0.003,0,0,0,-0.002,-0.001,0.003,0,0,0,1000,1000,1000,1000
2026-10-07T07:26:50.452Z,1791358010452,39756,1770,42578,2,ARMED,30890,39756,39755,false,,false,true,-0.26,2.94,14.75,-0.001,-0.001,-0.003,0,0,0,0.001,0.001,0.003,0,0,0,1000,1000,1000,1000
2026-10-07T07:26:50.473Z,1791358010473,39776,1771,42578,2,ARMED,30908,39776,39775,false,,false,true,-0.27,2.94,14.75,0.001,0.001,-0.002,0,0,0,-0.001,-0.001,0.002,0,0,0,1000,1000,1000,1000
2026-10-07T07:26:50.496Z,1791358010496,39798,1772,42578,2,ARMED,30927,39798,39797,false,,false,true,-0.27,2.94,14.75,-0.001,0.002,-0.001,0,0,0,0.001,-0.002,0.001,0,0,0,1000,1000,1000,1000
2026-10-07T07:26:50.520Z,1791358010520,39817,1773,42578,2,ARMED,30946,39817,39815,false,,false,true,-0.27,2.94,14.75,0.001,0.001,-0.004,0,0,0,-0.001,-0.001,0.004,0,0,0,1000,1000,1000,1000
2026-10-07T07:26:50.533Z,1791358010533,39837,1774,42578,2,ARMED,30964,39837,39835,false,,false,true,-0.27,2.94,14.75,-0.003,0,0.002,0,0,0,0.003,0,-0.002,0,0,0,1000,1000,1000,1000
2026-10-07T07:26:50.553Z,1791358010553,39857,1775,42578,2,ARMED,30982,39857,39855,false,,false,true,-0.27,2.94,14.75,0.002,0.002,-0.001,0,0,0,-0.002,-0.002,0.001,0,0,0,1000,1000,1000,1000
2026-10-07T07:26:50.574Z,1791358010574,39877,1776,42578,2,ARMED,31000,39877,39875,false,,false,true,-0.27,2.93,14.74,0.001,0.001,-0.001,0,0,0,-0.001,-0.001,0.001,0,0,0,1000,1000,1000,1000
2026-10-07T07:26:50.598Z,1791358010598,39898,1777,42578,2,ARMED,31018,39898,39897,false,,false,true,-0.27,2.93,14.74,-0.001,0.001,-0.001,0,0,0,0.001,-0.001,0.001,0,0,0,1000,1000,1000,1000
2026-10-07T07:26:50.615Z,1791358010615,39917,1778,42578,2,ARMED,31037,39917,39915,false,,false,true,-0.27,2.92,14.74,-0.001,-0.001,0.001,0,0,0,0.001,0.001,-0.001,0,0,0,1000,1000,1000,1000
2026-10-07T07:26:50.648Z,1791358010648,39937,1779,42578,2,ARMED,31054,39937,39935,false,,false,true,-0.27,2.92,14.74,-0.001,-0.001,0.001,0,0,0,0.001,0.001,-0.001,0,0,0,1000,1000,1000,1000
2026-10-07T07:26:50.655Z,1791358010655,39957,1780,42578,2,ARMED,31072,39957,39955,false,,false,true,-0.27,2.92,14.74,-0.001,-0.002,0.001,0,0,0,0.001,0.002,-0.001,0,0,0,1000,1000,1000,1000
2026-10-07T07:26:50.675Z,1791358010675,39977,1781,42578,2,ARMED,31090,39977,39975,false,,false,true,-0.27,2.92,14.74,0.002,-0.001,-0.001,0,0,0,-0.002,0.001,0.001,0,0,0,1000,1000,1000,1000
2026-10-07T07:26:50.697Z,1791358010697,39997,1782,42578,2,ARMED,31108,39997,39995,false,,false,true,-0.27,2.92,14.75,-0.002,-0.002,0.003,0,0,0,0.002,0.002,-0.003,0,0,0,1000,1000,1000,1000
2026-10-07T07:26:50.715Z,1791358010715,40017,1783,42578,2,ARMED,31126,40017,40015,false,,false,true,-0.27,2.92,14.75,0,0.002,0.001,0,0,0,0,-0.002,-0.001,0,0,0,1000,1000,1000,1000
2026-10-07T07:26:50.733Z,1791358010733,40037,1784,42578,2,ARMED,31144,40037,40035,false,,false,true,-0.27,2.92,14.74,-0.001,0.002,0.003,0,0,0,0.001,-0.002,-0.003,0,0,0,1000,1000,1000,1000
2026-10-07T07:26:50.755Z,1791358010755,40057,1785,42578,2,ARMED,31162,40057,40055,false,,false,true,-0.27,2.92,14.74,0,0,0.001,0,0,0,0,0,-0.001,0,0,0,1000,1000,1000,1000
2026-10-07T07:26:50.778Z,1791358010778,40077,1786,42578,2,ARMED,31180,40077,40075,false,,false,true,-0.27,2.92,14.74,0,-0.001,0,0,0,0,0,0.001,0,0,0,0,1000,1000,1000,1000
2026-10-07T07:26:50.797Z,1791358010797,40097,1787,42578,2,ARMED,31197,40097,40095,false,,false,true,-0.27,2.92,14.74,0,0.001,-0.002,0,0,0,0,-0.001,0.002,0,0,0,1000,1000,1000,1000
2026-10-07T07:26:50.832Z,1791358010832,40117,1788,42578,2,ARMED,31216,40117,40115,false,,false,true,-0.27,2.92,14.74,0.002,-0.002,0.005,0,0,0,-0.002,0.002,-0.005,0,0,0,1000,1000,1000,1000
2026-10-07T07:26:50.847Z,1791358010847,40137,1789,42578,2,ARMED,31234,40137,40135,false,,false,true,-0.27,2.92,14.74,0,0.001,-0.001,0,0,0,0,-0.001,0.001,0,0,0,1000,1000,1000,1000
2026-10-07T07:26:50.855Z,1791358010855,40157,1790,42578,2,ARMED,31253,40157,40155,false,,false,true,-0.27,2.92,14.74,-0.002,0.003,0.004,0,0,0,0.002,-0.003,-0.004,0,0,0,1000,1000,1000,1000
2026-10-07T07:26:50.877Z,1791358010877,40177,1791,42578,2,ARMED,31271,40177,40175,false,,false,true,-0.27,2.92,14.74,-0.001,0,-0.002,0,0,0,0.001,0,0.002,0,0,0,1000,1000,1000,1000
2026-10-07T07:26:50.900Z,1791358010900,40198,1792,42578,2,ARMED,31289,40198,40197,false,,false,true,-0.27,2.92,14.74,-0.001,0,-0.002,0,0,0,0.001,0,0.002,0,0,0,1000,1000,1000,1000
2026-10-07T07:26:50.915Z,1791358010915,40217,1793,42578,2,ARMED,31308,40217,40215,false,,false,true,-0.27,2.92,14.74,0,0,0.001,0,0,0,0,0,-0.001,0,0,0,1000,1000,1000,1000
2026-10-07T07:26:50.943Z,1791358010943,40237,1794,42578,2,ARMED,31325,40237,40235,false,,false,true,-0.26,2.92,14.74,0.003,-0.001,-0.002,0,0,0,-0.003,0.001,0.002,0,0,0,1000,1000,1000,1000
2026-10-07T07:26:50.953Z,1791358010953,40257,1795,42578,2,ARMED,31343,40257,40255,false,,false,true,-0.26,2.92,14.74,-0.001,0.002,-0.002,0,0,0,0.001,-0.002,0.002,0,0,0,1000,1000,1000,1000
2026-10-07T07:26:50.980Z,1791358010980,40277,1796,42578,2,ARMED,31361,40277,40275,false,,false,true,-0.26,2.92,14.74,-0.002,0,0.002,0,0,0,0.002,0,-0.002,0,0,0,1000,1000,1000,1000
2026-10-07T07:26:50.995Z,1791358010995,40297,1797,42578,2,ARMED,31378,40297,40295,false,,false,true,-0.26,2.92,14.74,0.001,-0.002,-0.001,0,0,0,-0.001,0.002,0.001,0,0,0,1000,1000,1000,1000
2026-10-07T07:26:51.016Z,1791358011016,40317,1798,42578,2,ARMED,31397,40317,40315,false,,false,true,-0.26,2.92,14.74,-0.001,0.001,-0.002,0,0,0,0.001,-0.001,0.002,0,0,0,1000,1000,1000,1000
2026-10-07T07:26:51.040Z,1791358011040,40337,1799,42578,2,ARMED,31415,40337,40335,false,,false,true,-0.26,2.92,14.74,0.001,0.002,-0.002,0,0,0,-0.001,-0.002,0.002,0,0,0,1000,1000,1000,1000
2026-10-07T07:26:51.061Z,1791358011061,40357,1800,42578,2,ARMED,31433,40357,40355,false,,false,true,-0.26,2.92,14.73,-0.002,-0.001,-0.003,0,0,0,0.002,0.001,0.003,0,0,0,1000,1000,1000,1000
2026-10-07T07:26:51.075Z,1791358011075,40377,1801,42578,2,ARMED,31451,40377,40375,false,,false,true,-0.26,2.92,14.73,-0.002,0.001,0.001,0,0,0,0.002,-0.001,-0.001,0,0,0,1000,1000,1000,1000
2026-10-07T07:26:51.093Z,1791358011093,40397,1802,42578,2,ARMED,31468,40397,40395,false,,false,true,-0.26,2.92,14.73,-0.002,0.003,-0.001,0,0,0,0.002,-0.003,0.001,0,0,0,1000,1000,1000,1000
2026-10-07T07:26:51.117Z,1791358011117,40417,1803,42578,2,ARMED,31487,40417,40415,false,,false,true,-0.27,2.92,14.73,-0.002,-0.001,0,0,0,0,0.002,0.001,0,0,0,0,1000,1000,1000,1000
2026-10-07T07:26:51.135Z,1791358011135,40437,1804,42578,2,ARMED,31505,40437,40435,false,,false,true,-0.27,2.92,14.73,0,-0.001,0,0,0,0,0,0.001,0,0,0,0,1000,1000,1000,1000
2026-10-07T07:26:51.152Z,1791358011152,40457,1805,42578,2,ARMED,31523,40457,40455,false,,false,true,-0.26,2.92,14.73,0.002,-0.001,-0.002,0,0,0,-0.002,0.001,0.002,0,0,0,1000,1000,1000,1000
2026-10-07T07:26:51.176Z,1791358011176,40477,1806,42578,2,ARMED,31541,40477,40475,false,,false,true,-0.26,2.92,14.73,-0.002,0.001,-0.002,0,0,0,0.002,-0.001,0.002,0,0,0,1000,1000,1000,1000
2026-10-07T07:26:51.194Z,1791358011194,40497,1807,42578,2,ARMED,31558,40497,40495,false,,false,true,-0.26,2.92,14.73,-0.002,0.001,0.002,0,0,0,0.002,-0.001,-0.002,0,0,0,1000,1000,1000,1000
2026-10-07T07:26:51.215Z,1791358011215,40517,1808,42578,2,ARMED,31577,40517,40515,false,,false,true,-0.27,2.92,14.73,-0.001,-0.001,-0.003,0,0,0,0.001,0.001,0.003,0,0,0,1000,1000,1000,1000
2026-10-07T07:26:51.240Z,1791358011240,40537,1809,42578,2,ARMED,31594,40537,40535,false,,false,true,-0.27,2.93,14.73,-0.001,0.002,0.002,0,0,0,0.001,-0.002,-0.002,0,0,0,1000,1000,1000,1000
2026-10-07T07:26:51.256Z,1791358011256,40557,1810,42578,2,ARMED,31612,40557,40555,false,,false,true,-0.27,2.93,14.73,-0.002,0.002,0.001,0,0,0,0.002,-0.002,-0.001,0,0,0,1000,1000,1000,1000
2026-10-07T07:26:51.275Z,1791358011275,40577,1811,42578,2,ARMED,31630,40577,40577,false,,false,true,-0.26,2.93,14.73,-0.003,-0.001,-0.001,0,0,0,0.003,0.001,0.001,0,0,0,1000,1000,1000,1000
2026-10-07T07:26:51.294Z,1791358011294,40597,1812,42578,2,ARMED,31647,40597,40595,false,,false,true,-0.26,2.93,14.73,0.001,0.001,-0.005,0,0,0,-0.001,-0.001,0.005,0,0,0,1000,1000,1000,1000
2026-10-07T07:26:51.316Z,1791358011316,40617,1813,42578,2,ARMED,31666,40617,40615,false,,false,true,-0.26,2.92,14.73,0.003,0.002,-0.003,0,0,0,-0.003,-0.002,0.003,0,0,0,1000,1000,1000,1000
2026-10-07T07:26:51.334Z,1791358011334,40637,1814,42578,2,ARMED,31684,40637,40635,false,,false,true,-0.26,2.93,14.73,0,0,0.001,0,0,0,0,0,-0.001,0,0,0,1000,1000,1000,1000
2026-10-07T07:26:51.356Z,1791358011356,40657,1815,42578,2,ARMED,31702,40657,40655,false,,false,true,-0.26,2.93,14.73,0.001,0.002,0.003,0,0,0,-0.001,-0.002,-0.003,0,0,0,1000,1000,1000,1000
2026-10-07T07:26:51.375Z,1791358011375,40677,1816,42578,2,ARMED,31720,40677,40675,false,,false,true,-0.25,2.93,14.73,-0.001,0.002,-0.001,0,0,0,0.001,-0.002,0.001,0,0,0,1000,1000,1000,1000
2026-10-07T07:26:51.392Z,1791358011392,40697,1817,42578,2,ARMED,31737,40697,40695,false,,false,true,-0.26,2.93,14.73,-0.001,0.002,-0.001,0,0,0,0.001,-0.002,0.001,0,0,0,1000,1000,1000,1000
2026-10-07T07:26:51.414Z,1791358011414,40717,1818,42578,2,ARMED,31756,40717,40715,false,,false,true,-0.25,2.93,14.73,0,-0.001,0,0,0,0,0,0.001,0,0,0,0,1000,1000,1000,1000
2026-10-07T07:26:51.434Z,1791358011434,40737,1819,42578,2,ARMED,31773,40737,40735,false,,false,true,-0.25,2.93,14.73,-0.003,0.001,0.001,0,0,0,0.003,-0.001,-0.001,0,0,0,1000,1000,1000,1000
2026-10-07T07:26:51.454Z,1791358011454,40757,1820,42578,2,ARMED,31791,40757,40755,false,,false,true,-0.26,2.93,14.72,-0.004,0,0,0,0,0,0.004,0,0,0,0,0,1000,1000,1000,1000
2026-10-07T07:26:51.474Z,1791358011474,40777,1821,42578,2,ARMED,31809,40777,40775,false,,false,true,-0.26,2.93,14.73,0,-0.001,-0.001,0,0,0,0,0.001,0.001,0,0,0,1000,1000,1000,1000
2026-10-07T07:26:51.496Z,1791358011496,40797,1822,42578,2,ARMED,31826,40797,40795,false,,false,true,-0.26,2.93,14.72,-0.001,-0.001,-0.001,0,0,0,0.001,0.001,0.001,0,0,0,1000,1000,1000,1000
2026-10-07T07:26:51.515Z,1791358011515,40817,1823,42578,2,ARMED,31845,40817,40815,false,,false,true,-0.26,2.93,14.72,0.001,0.002,0.001,0,0,0,-0.001,-0.002,-0.001,0,0,0,1000,1000,1000,1000
2026-10-07T07:26:51.532Z,1791358011532,40837,1824,42578,2,ARMED,31862,40837,40835,false,,false,true,-0.26,2.93,14.73,-0.001,-0.002,0.004,0,0,0,0.001,0.002,-0.004,0,0,0,1000,1000,1000,1000
2026-10-07T07:26:51.556Z,1791358011556,40857,1825,42578,2,ARMED,31880,40857,40855,false,,false,true,-0.26,2.94,14.73,0,0.001,0,0,0,0,0,-0.001,0,0,0,0,1000,1000,1000,1000
2026-10-07T07:26:51.577Z,1791358011577,40877,1826,42578,2,ARMED,31898,40877,40877,false,,false,true,-0.26,2.93,14.72,-0.002,0.001,0.001,0,0,0,0.002,-0.001,-0.001,0,0,0,1000,1000,1000,1000
2026-10-07T07:26:51.594Z,1791358011594,40897,1827,42578,2,ARMED,31916,40897,40895,false,,false,true,-0.26,2.94,14.73,0.001,-0.002,-0.002,0,0,0,-0.001,0.002,0.002,0,0,0,1000,1000,1000,1000
2026-10-07T07:26:51.617Z,1791358011617,40917,1828,42578,2,ARMED,31935,40917,40915,false,,false,true,-0.26,2.93,14.72,0.001,-0.002,-0.004,0,0,0,-0.001,0.002,0.004,0,0,0,1000,1000,1000,1000
2026-10-07T07:26:51.633Z,1791358011633,40937,1829,42578,2,ARMED,31952,40937,40935,false,,false,true,-0.26,2.94,14.72,-0.001,0.001,0.002,0,0,0,0.001,-0.001,-0.002,0,0,0,1000,1000,1000,1000
2026-10-07T07:26:51.654Z,1791358011654,40957,1830,42578,2,ARMED,31970,40957,40955,false,,false,true,-0.27,2.94,14.72,-0.004,-0.004,-0.002,0,0,0,0.004,0.004,0.002,0,0,0,1000,1000,1000,1000
2026-10-07T07:26:51.675Z,1791358011675,40977,1831,42578,2,ARMED,31988,40977,40975,false,,false,true,-0.27,2.94,14.72,0.001,-0.001,0.001,0,0,0,-0.001,0.001,-0.001,0,0,0,1000,1000,1000,1000
2026-10-07T07:26:51.694Z,1791358011694,40997,1832,42578,2,ARMED,32006,40997,40995,false,,false,true,-0.27,2.94,14.72,0,0.003,-0.002,0,0,0,0,-0.003,0.002,0,0,0,1000,1000,1000,1000
2026-10-07T07:26:51.717Z,1791358011717,41017,1833,42578,2,ARMED,32024,41017,41015,false,,false,true,-0.27,2.94,14.72,0,-0.002,0.002,0,0,0,0,0.002,-0.002,0,0,0,1000,1000,1000,1000
2026-10-07T07:26:51.735Z,1791358011735,41037,1834,42578,2,ARMED,32041,41037,41035,false,,false,true,-0.27,2.93,14.72,0,-0.002,0.001,0,0,0,0,0.002,-0.001,0,0,0,1000,1000,1000,1000
2026-10-07T07:26:51.756Z,1791358011756,41057,1835,42578,2,ARMED,32059,41057,41055,false,,false,true,-0.27,2.93,14.72,0.001,0.002,-0.002,0,0,0,-0.001,-0.002,0.002,0,0,0,1000,1000,1000,1000
2026-10-07T07:26:51.773Z,1791358011773,41077,1836,42578,2,ARMED,32077,41077,41075,false,,false,true,-0.27,2.93,14.72,0.002,0.001,-0.001,0,0,0,-0.002,-0.001,0.001,0,0,0,1000,1000,1000,1000
2026-10-07T07:26:51.796Z,1791358011796,41097,1837,42578,2,ARMED,32094,41097,41095,false,,false,true,-0.27,2.93,14.72,-0.001,0.001,-0.002,0,0,0,0.001,-0.001,0.002,0,0,0,1000,1000,1000,1000
2026-10-07T07:26:51.814Z,1791358011814,41117,1838,42578,2,ARMED,32113,41117,41115,false,,false,true,-0.27,2.93,14.72,-0.003,-0.001,0.003,0,0,0,0.003,0.001,-0.003,0,0,0,1000,1000,1000,1000
2026-10-07T07:26:51.833Z,1791358011833,41137,1839,42578,2,ARMED,32130,41137,41135,false,,false,true,-0.27,2.93,14.72,-0.002,0.001,-0.004,0,0,0,0.002,-0.001,0.004,0,0,0,1000,1000,1000,1000
2026-10-07T07:26:51.855Z,1791358011855,41157,1840,42578,2,ARMED,32148,41157,41155,false,,false,true,-0.27,2.93,14.72,0.002,-0.002,-0.003,0,0,0,-0.002,0.002,0.003,0,0,0,1000,1000,1000,1000
2026-10-07T07:26:51.881Z,1791358011881,41177,1841,42578,2,ARMED,32166,41177,41175,false,,false,true,-0.27,2.94,14.72,0.002,-0.001,0,0,0,0,-0.002,0.001,0,0,0,0,1000,1000,1000,1000
2026-10-07T07:26:51.893Z,1791358011893,41198,1842,42578,2,ARMED,32184,41198,41197,false,,false,true,-0.27,2.93,14.72,0.002,0.001,0,0,0,0,-0.002,-0.001,0,0,0,0,1000,1000,1000,1000
2026-10-07T07:26:51.914Z,1791358011914,41217,1843,42578,2,ARMED,32203,41217,41215,false,,false,true,-0.27,2.93,14.72,0.001,-0.002,0.001,0,0,0,-0.001,0.002,-0.001,0,0,0,1000,1000,1000,1000
2026-10-07T07:26:51.936Z,1791358011936,41237,1844,42578,2,ARMED,32220,41237,41235,false,,false,true,-0.26,2.93,14.72,-0.002,-0.001,0.003,0,0,0,0.002,0.001,-0.003,0,0,0,1000,1000,1000,1000
2026-10-07T07:26:51.953Z,1791358011953,41257,1845,42578,2,ARMED,32238,41257,41255,false,,false,true,-0.26,2.93,14.72,0,0.003,-0.001,0,0,0,0,-0.003,0.001,0,0,0,1000,1000,1000,1000
2026-10-07T07:26:51.976Z,1791358011976,41277,1846,42578,2,ARMED,32256,41277,41275,false,,false,true,-0.26,2.93,14.72,-0.002,0,-0.003,0,0,0,0.002,0,0.003,0,0,0,1000,1000,1000,1000
2026-10-07T07:26:51.993Z,1791358011993,41297,1847,42578,2,ARMED,32273,41297,41295,false,,false,true,-0.26,2.93,14.72,0.001,0.001,-0.001,0,0,0,-0.001,-0.001,0.001,0,0,0,1000,1000,1000,1000
2026-10-07T07:26:52.018Z,1791358012018,41317,1848,42578,2,ARMED,32292,41317,41315,false,,false,true,-0.26,2.93,14.72,-0.001,0,-0.002,0,0,0,0.001,0,0.002,0,0,0,1000,1000,1000,1000
2026-10-07T07:26:52.037Z,1791358012037,41337,1849,42578,2,ARMED,32309,41337,41335,false,,false,true,-0.26,2.93,14.72,0.001,0.004,-0.001,0,0,0,-0.001,-0.004,0.001,0,0,0,1000,1000,1000,1000
2026-10-07T07:26:52.054Z,1791358012054,41357,1850,42578,2,ARMED,32327,41357,41355,false,,false,true,-0.26,2.93,14.72,-0.001,0.001,-0.002,0,0,0,0.001,-0.001,0.002,0,0,0,1000,1000,1000,1000
2026-10-07T07:26:52.080Z,1791358012080,41377,1851,42578,2,ARMED,32345,41377,41375,false,,false,true,-0.26,2.93,14.72,0.002,0.002,-0.002,0,0,0,-0.002,-0.002,0.002,0,0,0,1000,1000,1000,1000
2026-10-07T07:26:52.095Z,1791358012095,41397,1852,42578,2,ARMED,32362,41397,41395,false,,false,true,-0.26,2.93,14.72,-0.002,0.002,-0.003,0,0,0,0.002,-0.002,0.003,0,0,0,1000,1000,1000,1000
2026-10-07T07:26:52.118Z,1791358012118,41417,1853,42578,2,ARMED,32381,41417,41415,false,,false,true,-0.26,2.93,14.72,-0.002,0,0.001,0,0,0,0.002,0,-0.001,0,0,0,1000,1000,1000,1000
2026-10-07T07:26:52.134Z,1791358012134,41437,1854,42578,2,ARMED,32398,41437,41435,false,,false,true,-0.27,2.93,14.72,0,0.003,0,0,0,0,0,-0.003,0,0,0,0,1000,1000,1000,1000
2026-10-07T07:26:52.152Z,1791358012152,41457,1855,42578,2,ARMED,32416,41457,41455,false,,false,true,-0.27,2.93,14.72,-0.003,0.001,0.002,0,0,0,0.003,-0.001,-0.002,0,0,0,1000,1000,1000,1000
2026-10-07T07:26:52.175Z,1791358012175,41477,1856,42578,2,ARMED,32434,41477,41475,false,,false,true,-0.27,2.92,14.72,-0.002,-0.002,0.001,0,0,0,0.002,0.002,-0.001,0,0,0,1000,1000,1000,1000
2026-10-07T07:26:52.193Z,1791358012193,41497,1857,42578,2,ARMED,32451,41497,41495,false,,false,true,-0.27,2.93,14.72,-0.001,0,-0.001,0,0,0,0.001,0,0.001,0,0,0,1000,1000,1000,1000
2026-10-07T07:26:52.216Z,1791358012216,41517,1858,42578,2,ARMED,32470,41517,41515,false,,false,true,-0.27,2.92,14.72,0.001,0.001,-0.002,0,0,0,-0.001,-0.001,0.002,0,0,0,1000,1000,1000,1000
2026-10-07T07:26:52.236Z,1791358012236,41537,1859,42578,2,ARMED,32487,41537,41535,false,,false,true,-0.27,2.92,14.72,0,-0.001,0,0,0,0,0,0.001,0,0,0,0,1000,1000,1000,1000
2026-10-07T07:26:52.253Z,1791358012253,41557,1860,42578,2,ARMED,32505,41557,41555,false,,false,true,-0.27,2.92,14.72,0.002,-0.001,-0.001,0,0,0,-0.002,0.001,0.001,0,0,0,1000,1000,1000,1000
2026-10-07T07:26:52.277Z,1791358012277,41577,1861,42578,2,ARMED,32523,41577,41575,false,,false,true,-0.27,2.92,14.72,0.001,-0.001,0,0,0,0,-0.001,0.001,0,0,0,0,1000,1000,1000,1000
2026-10-07T07:26:52.293Z,1791358012293,41597,1862,42578,2,ARMED,32541,41597,41595,false,,false,true,-0.27,2.92,14.71,0.001,0.001,-0.001,0,0,0,-0.001,-0.001,0.001,0,0,0,1000,1000,1000,1000
2026-10-07T07:26:52.315Z,1791358012315,41617,1863,42578,2,ARMED,32560,41617,41615,false,,false,true,-0.27,2.92,14.71,0.001,-0.004,0,0,0,0,-0.001,0.004,0,0,0,0,1000,1000,1000,1000
2026-10-07T07:26:52.332Z,1791358012332,41637,1864,42578,2,ARMED,32577,41637,41635,false,,false,true,-0.27,2.92,14.71,-0.001,0.001,0.001,0,0,0,0.001,-0.001,-0.001,0,0,0,1000,1000,1000,1000
2026-10-07T07:26:52.352Z,1791358012352,41657,1865,42578,2,ARMED,32595,41657,41655,false,,false,true,-0.27,2.92,14.71,0,0.002,0.002,0,0,0,0,-0.002,-0.002,0,0,0,1000,1000,1000,1000
2026-10-07T07:26:52.375Z,1791358012375,41677,1866,42578,2,ARMED,32613,41677,41675,false,,false,true,-0.27,2.92,14.71,-0.003,0.003,-0.003,0,0,0,0.003,-0.003,0.003,0,0,0,1000,1000,1000,1000
2026-10-07T07:26:52.394Z,1791358012394,41697,1867,42578,2,ARMED,32630,41697,41695,false,,false,true,-0.27,2.92,14.71,0.001,-0.002,-0.001,0,0,0,-0.001,0.002,0.001,0,0,0,1000,1000,1000,1000
2026-10-07T07:26:52.417Z,1791358012417,41717,1868,42578,2,ARMED,32649,41717,41715,false,,false,true,-0.27,2.92,14.71,-0.004,0,-0.001,0,0,0,0.004,0,0.001,0,0,0,1000,1000,1000,1000
2026-10-07T07:26:52.434Z,1791358012434,41737,1869,42578,2,ARMED,32666,41737,41735,false,,false,true,-0.28,2.92,14.71,-0.001,-0.001,-0.002,0,0,0,0.001,0.001,0.002,0,0,0,1000,1000,1000,1000
2026-10-07T07:26:52.452Z,1791358012452,41757,1870,42578,2,ARMED,32684,41757,41755,false,,false,true,-0.28,2.92,14.71,-0.001,0.002,0,0,0,0,0.001,-0.002,0,0,0,0,1000,1000,1000,1000
2026-10-07T07:26:52.473Z,1791358012473,41777,1871,42578,2,ARMED,32702,41777,41775,false,,false,true,-0.33,2.92,14.72,0.003,-0.031,0.024,0,0,0,-0.003,0.031,-0.024,0,0,0,1000,1000,1000,1000
2026-10-07T07:26:52.494Z,1791358012494,41799,1872,42578,2,ARMED,32721,41799,41798,false,,false,true,-0.26,2.93,14.73,0.014,-0.029,-0.012,0,0,0,-0.014,0.029,0.012,0,0,0,1000,1000,1000,1000
2026-10-07T07:26:52.516Z,1791358012516,41818,1873,42578,2,ARMED,32740,41818,41818,false,,false,true,-0.26,2.84,14.73,-0.039,0.011,0.023,0,0,0,0.039,-0.011,-0.023,0,0,0,1000,1000,1000,1000
2026-10-07T07:26:52.539Z,1791358012539,41838,1874,42578,2,ARMED,32757,41838,41838,false,,false,true,-0.26,2.87,14.78,-0.107,0.123,0.043,0,0,0,0.107,-0.123,-0.043,0,0,0,1000,1000,1000,1000
2026-10-07T07:26:52.554Z,1791358012554,41858,1875,42578,2,ARMED,32775,41858,41858,false,,false,true,-0.49,2.94,14.83,-0.179,0.313,0.053,0,0,0,0.179,-0.313,-0.053,0,0,0,1000,1000,1000,1000
2026-10-07T07:26:52.576Z,1791358012576,41878,1876,42578,2,ARMED,32793,41878,41876,false,,false,true,-0.53,3.41,14.88,-0.053,0.164,-0.004,0,0,0,0.053,-0.164,0.004,0,0,0,1000,1000,1000,1000
2026-10-07T07:26:52.596Z,1791358012596,41898,1877,42578,2,ARMED,32810,41898,41898,false,,false,true,-0.64,3.82,14.84,0.003,-0.004,-0.012,0,0,0,-0.003,0.004,0.012,0,0,0,1000,1000,1000,1000
2026-10-07T07:26:52.615Z,1791358012615,41918,1878,42578,2,ARMED,32829,41918,41918,false,,false,true,-0.68,3.97,14.84,-0.156,0.089,-0.038,0,0,0,0.156,-0.089,0.038,0,0,0,1000,1000,1000,1000
2026-10-07T07:26:52.637Z,1791358012637,41938,1879,42578,2,ARMED,32846,41938,41937,false,,false,true,-0.85,4.24,14.74,-0.163,0.494,-0.123,0,0,0,0.163,-0.494,0.123,0,0,0,1000,1000,1000,1000
2026-10-07T07:26:52.652Z,1791358012652,41958,1880,42578,2,ARMED,32864,41958,41958,false,,false,true,-1.11,4.95,14.55,-0.243,0.766,-0.162,0,0,0,0.243,-0.766,0.162,0,0,0,1000,1000,1000,1000
2026-10-07T07:26:52.672Z,1791358012672,41978,1881,42578,2,ARMED,32882,41978,41977,false,,false,true,-1.48,6.13,14.3,-0.358,1.17,-0.218,0,0,0,0.358,-1.17,0.218,0,0,0,1000,1000,1000,1000
2026-10-07T07:26:52.699Z,1791358012699,41998,1882,42578,2,ARMED,32899,41998,41998,false,,false,true,-2.29,7.73,13.93,-0.26,1.44,-0.251,0,0,0,0.26,-1.44,0.251,0,0,0,1000,1000,1000,1000
2026-10-07T07:26:52.719Z,1791358012719,42018,1883,42578,2,ARMED,32918,42018,42018,false,,false,true,-3.22,9.64,13.45,-0.135,1.595,-0.266,0,0,0,0.135,-1.595,0.266,0,0,0,1000,1000,1000,1000
2026-10-07T07:26:52.735Z,1791358012735,42038,1884,42578,2,ARMED,32935,42038,42038,false,,false,true,-4.08,11.89,12.87,0.08,1.652,-0.285,0,0,0,-0.08,-1.652,0.285,0,0,0,1000,1000,1000,1000
2026-10-07T07:26:52.756Z,1791358012756,42058,1885,42578,2,ARMED,32953,42058,42058,false,,false,true,-4.77,14.15,12.22,0.286,1.751,-0.237,0,0,0,-0.286,-1.751,0.237,0,0,0,1000,1000,1000,1000
2026-10-07T07:26:52.776Z,1791358012776,42079,1886,42578,2,ARMED,32972,42079,42078,false,,false,true,-5.18,16.45,11.62,0.387,1.867,-0.165,0,0,0,-0.387,-1.867,0.165,0,0,0,1000,1000,1000,1000
2026-10-07T07:26:52.793Z,1791358012793,42098,1887,42578,2,ARMED,32989,42098,42098,false,,false,true,-5.44,18.65,11.1,0.517,1.97,-0.004,0,0,0,-0.517,-1.97,0.004,0,0,0,1000,1000,1000,1000
2026-10-07T07:26:52.822Z,1791358012822,42118,1888,42578,2,ARMED,33008,42118,42118,false,,false,true,-5.55,20.7,10.75,0.645,2.057,0.236,0,0,0,-0.645,-2.057,-0.236,0,0,0,1000,1000,1000,1000
2026-10-07T07:26:52.832Z,1791358012832,42138,1889,42578,2,ARMED,33025,42138,42137,false,,false,true,-5.21,22.44,11.05,-0.267,0.84,0.455,0,0,0,0.267,-0.84,-0.455,0,0,0,1000,1000,1000,1000
2026-10-07T07:26:52.852Z,1791358012852,42158,1890,42578,2,ARMED,33043,42158,42157,false,,false,true,-5.51,23.53,11.52,-0.574,0.971,0.5,0,0,0,0.574,-0.971,-0.5,0,0,0,1000,1000,1000,1000
2026-10-07T07:26:52.873Z,1791358012873,42178,1891,42578,2,ARMED,33061,42178,42178,false,,false,true,-5.6,24.5,12.02,-0.094,0.691,0.611,0,0,0,0.094,-0.691,-0.611,0,0,0,1000,1000,1000,1000
2026-10-07T07:26:52.892Z,1791358012892,42198,1892,42578,2,ARMED,33078,42198,42198,false,,false,true,-5.47,25.29,12.67,-0.232,0.532,0.543,0,0,0,0.232,-0.532,-0.543,0,0,0,1000,1000,1000,1000
2026-10-07T07:26:52.916Z,1791358012916,42218,1893,42578,2,ARMED,33097,42218,42217,false,,false,true,-5.62,25.93,13.22,-0.235,0.226,0.562,0,0,0,0.235,-0.226,-0.562,0,0,0,1000,1000,1000,1000
2026-10-07T07:26:52.936Z,1791358012936,42238,1894,42578,2,ARMED,33114,42238,42238,false,,false,true,-5.64,26.27,13.9,-0.332,-0.057,0.574,0,0,0,0.332,0.057,-0.574,0,0,0,1000,1000,1000,1000
2026-10-07T07:26:52.958Z,1791358012958,42258,1895,42578,2,ARMED,33132,42258,42257,false,,false,true,-5.75,26.19,14.63,-0.318,-0.153,0.617,0,0,0,0.318,0.153,-0.617,0,0,0,1000,1000,1000,1000
2026-10-07T07:26:52.980Z,1791358012980,42278,1896,42578,2,ARMED,33150,42278,42278,false,,false,true,-5.86,25.79,15.49,-0.362,-0.407,0.709,0,0,0,0.362,0.407,-0.709,0,0,0,1000,1000,1000,1000
2026-10-07T07:26:52.996Z,1791358012996,42298,1897,42578,2,ARMED,33167,42298,42298,false,,false,true,-6.01,25.29,16.47,-0.364,-0.432,0.836,0,0,0,0.364,0.432,-0.836,0,0,0,1000,1000,1000,1000
2026-10-07T07:26:53.017Z,1791358013017,42318,1898,42578,2,ARMED,33186,42318,42317,false,,false,true,-6.08,24.94,17.46,-0.328,-0.307,0.738,0,0,0,0.328,0.307,-0.738,0,0,0,1000,1000,1000,1000
2026-10-07T07:26:53.032Z,1791358013032,42338,1899,42578,2,ARMED,33203,42338,42338,false,,false,true,-6.15,24.66,18.29,-0.235,-0.273,0.592,0,0,0,0.235,0.273,-0.592,0,0,0,1000,1000,1000,1000
2026-10-07T07:26:53.052Z,1791358013052,42358,1900,42578,2,ARMED,33221,42358,42358,false,,false,true,-6.2,24.36,18.98,-0.252,-0.326,0.486,0,0,0,0.252,0.326,-0.486,0,0,0,1000,1000,1000,1000
2026-10-07T07:26:53.083Z,1791358013083,42378,1901,42578,2,ARMED,33239,42378,42378,false,,false,true,-6.3,23.9,19.55,-0.185,-0.426,0.412,0,0,0,0.185,0.426,-0.412,0,0,0,1000,1000,1000,1000
2026-10-07T07:26:53.104Z,1791358013104,42398,1902,42578,2,ARMED,33256,42398,42398,false,,false,true,-6.18,23.46,20.06,-0.102,-0.518,0.28,0,0,0,0.102,0.518,-0.28,0,0,0,1000,1000,1000,1000
2026-10-07T07:26:53.117Z,1791358013117,42418,1903,42578,2,ARMED,33275,42418,42418,false,,false,true,-6.09,23.13,20.29,-0.01,-0.564,-0.044,0,0,0,0.01,0.564,0.044,0,0,0,1000,1000,1000,1000
2026-10-07T07:26:53.133Z,1791358013133,42438,1904,42578,2,ARMED,33292,42438,42438,false,,false,true,-6.06,22.74,20.12,0.119,-0.66,-0.323,0,0,0,-0.119,0.66,0.323,0,0,0,1000,1000,1000,1000
2026-10-07T07:26:53.153Z,1791358013153,42458,1905,42578,2,ARMED,33310,42458,42458,false,,false,true,-6.33,22.05,19.57,0.145,-0.69,-0.492,0,0,0,-0.145,0.69,0.492,0,0,0,1000,1000,1000,1000
2026-10-07T07:26:53.173Z,1791358013173,42478,1906,42578,2,ARMED,33328,42478,42478,false,,false,true,-6.44,21.17,18.99,0.141,-0.728,-0.544,0,0,0,-0.141,0.728,0.544,0,0,0,1000,1000,1000,1000
2026-10-07T07:26:53.195Z,1791358013195,42498,1907,42578,2,ARMED,33345,42498,42498,false,,false,true,-6.49,20.22,18.34,-0.069,-0.507,-0.699,0,0,0,0.069,0.507,0.699,0,0,0,1000,1000,1000,1000
2026-10-07T07:26:53.217Z,1791358013217,42518,1908,42578,2,ARMED,33364,42518,42518,false,,false,true,-6.5,19.34,17.43,0.273,-0.474,-0.839,0,0,0,-0.273,0.474,0.839,0,0,0,1000,1000,1000,1000
2026-10-07T07:26:53.235Z,1791358013235,42538,1909,42578,2,ARMED,33381,42538,42537,false,,false,true,-6.63,18.67,16.41,0.177,-0.347,-0.917,0,0,0,-0.177,0.347,0.917,0,0,0,1000,1000,1000,1000
2026-10-07T07:26:53.252Z,1791358013252,42558,1910,42578,2,ARMED,33399,42558,42558,false,,false,true,-6.84,17.97,15.42,0.184,-0.311,-0.783,0,0,0,-0.184,0.311,0.783,0,0,0,1000,1000,1000,1000
2026-10-07T07:26:53.272Z,1791358013272,42578,1911,42578,2,ARMED,33417,42578,42578,false,,false,true,-6.94,17.5,14.49,0.16,-0.214,-0.807,0,0,0,-0.16,0.214,0.807,0,0,0,1000,1000,1000,1000
2026-10-07T07:26:53.295Z,1791358013295,42598,1912,42578,2,ARMED,33434,42598,42598,false,,false,true,-6.88,17.22,13.59,0.234,-0.109,-0.775,0,0,0,-0.234,0.109,0.775,0,0,0,1000,1000,1000,1000
2026-10-07T07:26:53.321Z,1791358013321,42618,1913,42578,2,ARMED,33453,42618,42618,false,,false,true,-6.8,16.93,12.65,0.3,0.024,-0.822,0,0,0,-0.3,-0.024,0.822,0,0,0,1000,1000,1000,1000
2026-10-07T07:26:53.332Z,1791358013332,42638,1914,42578,2,ARMED,33470,42638,42638,false,,false,true,-6.52,16.71,11.72,0.29,-0.162,-0.847,0,0,0,-0.29,0.162,0.847,0,0,0,1000,1000,1000,1000
2026-10-07T07:26:53.352Z,1791358013352,42658,1915,42578,2,ARMED,33488,42658,42658,false,,false,true,-6.14,16.41,10.76,0.259,-0.291,-0.946,0,0,0,-0.259,0.291,0.946,0,0,0,1000,1000,1000,1000
2026-10-07T07:26:53.376Z,1791358013376,42678,1916,42578,2,ARMED,33506,42678,42676,false,,false,true,-5.74,15.94,9.73,0.272,-0.281,-1.03,0,0,0,-0.272,0.281,1.03,0,0,0,1000,1000,1000,1000
2026-10-07T07:26:53.392Z,1791358013392,42698,1917,42578,2,ARMED,33523,42698,42698,false,,false,true,-5.36,15.39,8.68,0.223,-0.142,-1.036,0,0,0,-0.223,0.142,1.036,0,0,0,1000,1000,1000,1000
2026-10-07T07:26:53.419Z,1791358013419,42718,1918,42578,2,ARMED,33542,42718,42716,false,,false,true,-4.92,15.1,7.58,0.114,-0.019,-1.105,0,0,0,-0.114,0.019,1.105,0,0,0,1000,1000,1000,1000
2026-10-07T07:26:53.433Z,1791358013433,42738,1919,42578,2,ARMED,33559,42738,42738,false,,false,true,-4.69,14.95,6.41,0.202,0.175,-1.103,0,0,0,-0.202,-0.175,1.103,0,0,0,1000,1000,1000,1000
2026-10-07T07:26:53.452Z,1791358013452,42758,1920,42578,2,ARMED,33577,42758,42758,false,,false,true,-4.31,14.83,5.28,0.323,0.258,-1.022,0,0,0,-0.323,-0.258,1.022,0,0,0,1000,1000,1000,1000
2026-10-07T07:26:53.474Z,1791358013474,42778,1921,42578,2,ARMED,33595,42778,42778,false,,false,true,-4.04,14.95,4.13,0.217,0.217,-0.983,0,0,0,-0.217,-0.217,0.983,0,0,0,1000,1000,1000,1000
2026-10-07T07:26:53.493Z,1791358013493,42798,1922,42578,2,ARMED,33612,42798,42798,false,,false,true,-3.61,15.05,3.08,0.457,0.351,-0.904,0,0,0,-0.457,-0.351,0.904,0,0,0,1000,1000,1000,1000
2026-10-07T07:26:53.518Z,1791358013518,42818,1923,42578,2,ARMED,33631,42818,42818,false,,false,true,-3.03,15.43,2.09,0.326,0.328,-0.891,0,0,0,-0.326,-0.328,0.891,0,0,0,1000,1000,1000,1000
2026-10-07T07:26:53.536Z,1791358013536,42838,1924,42578,2,ARMED,33648,42838,42838,false,,false,true,-2.37,15.85,1.16,0.306,0.131,-0.938,0,0,0,-0.306,-0.131,0.938,0,0,0,1000,1000,1000,1000
2026-10-07T07:26:53.553Z,1791358013553,42858,1925,42578,2,ARMED,33666,42858,42858,false,,false,true,-1.99,16.15,0.14,0.297,0.145,-0.951,0,0,0,-0.297,-0.145,0.951,0,0,0,1000,1000,1000,1000
2026-10-07T07:26:53.573Z,1791358013573,42878,1926,42578,2,ARMED,33684,42878,42878,false,,false,true,-1.61,16.3,-0.88,-0.118,-0.087,-0.922,0,0,0,0.118,0.087,0.922,0,0,0,1000,1000,1000,1000
2026-10-07T07:26:53.594Z,1791358013594,42898,1927,42578,2,ARMED,33701,42898,42896,false,,false,true,-1.54,16.1,-1.91,-0.031,-0.669,-0.415,0,0,0,0.031,0.669,0.415,0,0,0,1000,1000,1000,1000
2026-10-07T07:26:53.616Z,1791358013616,42918,1928,42578,2,ARMED,33720,42918,42917,false,,false,true,-1.45,15.74,-2.84,0.104,-0.355,-0.648,0,0,0,-0.104,0.355,0.648,0,0,0,1000,1000,1000,1000
2026-10-07T07:26:53.638Z,1791358013638,42938,1929,42578,2,ARMED,33737,42938,42938,false,,false,true,-1.3,15.71,-3.62,-0.018,-0.437,-0.65,0,0,0,0.018,0.437,0.65,0,0,0,1000,1000,1000,1000
2026-10-07T07:26:53.654Z,1791358013654,42958,1930,42578,2,ARMED,33755,42958,42958,false,,false,true,-1.09,15.29,-4.31,0.038,-0.419,-0.67,0,0,0,-0.038,0.419,0.67,0,0,0,1000,1000,1000,1000
2026-10-07T07:26:53.677Z,1791358013677,42978,1931,42578,2,ARMED,33773,42978,42978,false,,false,true,-0.77,14.61,-4.86,0.029,-0.486,-0.511,0,0,0,-0.029,0.486,0.511,0,0,0,1000,1000,1000,1000
2026-10-07T07:26:53.693Z,1791358013693,43000,1932,42578,2,ARMED,33792,43000,42998,false,,false,true,-0.63,13.71,-5.26,-0.046,-0.581,-0.251,0,0,0,0.046,0.581,0.251,0,0,0,1000,1000,1000,1000
2026-10-07T07:26:53.719Z,1791358013719,43019,1933,42578,2,ARMED,33811,43019,43019,false,,false,true,-0.45,12.96,-5.29,-0.04,-0.798,0.07,0,0,0,0.04,0.798,-0.07,0,0,0,1000,1000,1000,1000
2026-10-07T07:26:53.733Z,1791358013733,43039,1934,42578,2,ARMED,33829,43039,43038,false,,false,true,-0.22,12.18,-5.05,-0.102,-0.393,0.218,0,0,0,0.102,0.393,-0.218,0,0,0,1000,1000,1000,1000
2026-10-07T07:26:53.756Z,1791358013756,43059,1935,42578,2,ARMED,33847,43059,43059,false,,false,true,0.21,11.58,-4.66,0.036,-0.229,0.282,0,0,0,-0.036,0.229,-0.282,0,0,0,1000,1000,1000,1000
2026-10-07T07:26:53.773Z,1791358013773,43079,1936,42578,2,ARMED,33865,43079,43078,false,,false,true,0.83,11.06,-4.14,-0.02,-0.385,0.384,0,0,0,0.02,0.385,-0.384,0,0,0,1000,1000,1000,1000
2026-10-07T07:26:53.793Z,1791358013793,43099,1937,42578,2,ARMED,33883,43099,43098,false,,false,true,1.37,10.37,-3.54,-0.055,-0.592,0.488,0,0,0,0.055,0.592,-0.488,0,0,0,1000,1000,1000,1000
2026-10-07T07:26:53.817Z,1791358013817,43119,1938,42578,2,ARMED,33902,43119,43118,false,,false,true,2,9.44,-2.82,-0.089,-0.653,0.571,0,0,0,0.089,0.653,-0.571,0,0,0,1000,1000,1000,1000
2026-10-07T07:26:53.833Z,1791358013833,43139,1939,42578,2,ARMED,33920,43139,43138,false,,false,true,2.66,8.44,-2.09,-0.089,-0.623,0.554,0,0,0,0.089,0.623,-0.554,0,0,0,1000,1000,1000,1000
2026-10-07T07:26:53.853Z,1791358013853,43159,1940,42578,2,ARMED,33938,43159,43158,false,,false,true,3.36,7.59,-1.46,-0.08,-0.59,0.435,0,0,0,0.08,0.59,-0.435,0,0,0,1000,1000,1000,1000
2026-10-07T07:26:53.875Z,1791358013875,43179,1941,42578,2,ARMED,33956,43179,43178,false,,false,true,3.99,6.9,-0.98,-0.049,-0.617,0.335,0,0,0,0.049,0.617,-0.335,0,0,0,1000,1000,1000,1000
2026-10-07T07:26:53.897Z,1791358013897,43199,1942,42578,2,ARMED,33973,43199,43198,false,,false,true,4.43,6.29,-0.62,-0.04,-0.565,0.309,0,0,0,0.04,0.565,-0.309,0,0,0,1000,1000,1000,1000
2026-10-07T07:26:53.917Z,1791358013917,43219,1943,42578,2,ARMED,33992,43219,43218,false,,false,true,4.63,5.89,-0.29,-0.067,-0.496,0.28,0,0,0,0.067,0.496,-0.28,0,0,0,1000,1000,1000,1000
2026-10-07T07:26:53.934Z,1791358013934,43239,1944,42578,2,ARMED,34010,43239,43238,false,,false,true,4.71,5.75,0.01,-0.05,-0.351,0.261,0,0,0,0.05,0.351,-0.261,0,0,0,1000,1000,1000,1000
2026-10-07T07:26:53.954Z,1791358013954,43259,1945,42578,2,ARMED,34028,43259,43258,false,,false,true,4.73,5.63,0.28,0.011,-0.319,0.262,0,0,0,-0.011,0.319,-0.262,0,0,0,1000,1000,1000,1000
2026-10-07T07:26:53.972Z,1791358013972,43279,1946,42578,2,ARMED,34046,43279,43278,false,,false,true,4.72,5.33,0.54,0.014,-0.444,0.251,0,0,0,-0.014,0.444,-0.251,0,0,0,1000,1000,1000,1000
2026-10-07T07:26:53.993Z,1791358013993,43299,1947,42578,2,ARMED,34063,43299,43298,false,,false,true,4.53,4.94,0.73,0.008,-0.602,0.203,0,0,0,-0.008,0.602,-0.203,0,0,0,1000,1000,1000,1000
2026-10-07T07:26:54.020Z,1791358014020,43319,1948,42578,2,ARMED,34082,43319,43318,false,,false,true,4.42,4.28,0.9,-0.017,-0.764,0.219,0,0,0,0.017,0.764,-0.219,0,0,0,1000,1000,1000,1000
2026-10-07T07:26:54.032Z,1791358014032,43339,1949,42578,2,ARMED,34100,43339,43338,false,,false,true,4.39,3.45,1.07,0.369,-0.772,0.361,0,0,0,-0.369,0.772,-0.361,0,0,0,1000,1000,1000,1000
2026-10-07T07:26:54.054Z,1791358014054,43359,1950,42578,2,ARMED,34118,43359,43358,false,,false,true,4.51,3.11,1.21,-0.125,0.138,0.049,0,0,0,0.125,-0.138,-0.049,0,0,0,1000,1000,1000,1000
2026-10-07T07:26:54.072Z,1791358014072,43379,1951,42578,2,ARMED,34136,43379,43378,false,,false,true,4.4,3.08,1.3,-0.175,0.004,0.062,0,0,0,0.175,-0.004,-0.062,0,0,0,1000,1000,1000,1000
2026-10-07T07:26:54.092Z,1791358014092,43399,1952,42578,2,ARMED,34153,43399,43397,false,,false,true,4.07,2.94,1.51,-0.004,0.014,0.209,0,0,0,0.004,-0.014,-0.209,0,0,0,1000,1000,1000,1000
2026-10-07T07:26:54.116Z,1791358014116,43419,1953,42578,2,ARMED,34172,43419,43417,false,,false,true,3.93,2.88,1.77,0.028,0.026,0.201,0,0,0,-0.028,-0.026,-0.201,0,0,0,1000,1000,1000,1000
2026-10-07T07:26:54.134Z,1791358014134,43439,1954,42578,2,ARMED,34189,43439,43438,false,,false,true,3.94,3.01,1.95,-0.025,0.011,0.092,0,0,0,0.025,-0.011,-0.092,0,0,0,1000,1000,1000,1000
2026-10-07T07:26:54.156Z,1791358014156,43459,1955,42578,2,ARMED,34207,43459,43458,false,,false,true,4.09,3.23,2.04,-0.015,-0.019,0.01,0,0,0,0.015,0.019,-0.01,0,0,0,1000,1000,1000,1000
2026-10-07T07:26:54.177Z,1791358014177,43479,1956,42578,2,ARMED,34225,43479,43478,false,,false,true,3.98,3.28,2,0.036,-0.008,-0.03,0,0,0,-0.036,0.008,0.03,0,0,0,1000,1000,1000,1000
2026-10-07T07:26:54.194Z,1791358014194,43499,1957,42578,2,ARMED,34242,43499,43497,false,,false,true,3.82,3.2,2,-0.002,0.029,0.034,0,0,0,0.002,-0.029,-0.034,0,0,0,1000,1000,1000,1000
2026-10-07T07:26:54.217Z,1791358014217,43519,1958,42578,2,ARMED,34261,43519,43518,false,,false,true,3.68,3.2,1.98,0.002,0.011,-0.034,0,0,0,-0.002,-0.011,0.034,0,0,0,1000,1000,1000,1000
2026-10-07T07:26:54.233Z,1791358014233,43539,1959,42578,2,ARMED,34278,43539,43538,false,,false,true,3.56,3.18,1.98,0.003,-0.014,0.027,0,0,0,-0.003,0.014,-0.027,0,0,0,1000,1000,1000,1000
2026-10-07T07:26:54.255Z,1791358014255,43559,1960,42578,2,ARMED,34296,43559,43557,false,,false,true,3.43,3.18,1.97,0.002,-0.017,-0.026,0,0,0,-0.002,0.017,0.026,0,0,0,1000,1000,1000,1000
2026-10-07T07:26:54.276Z,1791358014276,43579,1961,42578,2,ARMED,34314,43579,43578,false,,false,true,3.31,3.18,1.97,-0.012,0.022,0.01,0,0,0,0.012,-0.022,-0.01,0,0,0,1000,1000,1000,1000
2026-10-07T07:26:54.292Z,1791358014292,43599,1962,42578,2,ARMED,34331,43599,43597,false,,false,true,3.18,3.15,1.96,-0.006,0.006,-0.018,0,0,0,0.006,-0.006,0.018,0,0,0,1000,1000,1000,1000
2026-10-07T07:26:54.317Z,1791358014317,43619,1963,42578,2,ARMED,34350,43619,43618,false,,false,true,3.06,3.14,1.95,-0.002,-0.011,0.007,0,0,0,0.002,0.011,-0.007,0,0,0,1000,1000,1000,1000
2026-10-07T07:26:54.332Z,1791358014332,43639,1964,42578,2,ARMED,34367,43639,43638,false,,false,true,2.96,3.13,1.95,0.003,-0.009,-0.008,0,0,0,-0.003,0.009,0.008,0,0,0,1000,1000,1000,1000
2026-10-07T07:26:54.354Z,1791358014354,43659,1965,42578,2,ARMED,34385,43659,43658,false,,false,true,2.85,3.13,1.94,-0.001,0.011,0.004,0,0,0,0.001,-0.011,-0.004,0,0,0,1000,1000,1000,1000
2026-10-07T07:26:54.374Z,1791358014374,43679,1966,42578,2,ARMED,34403,43679,43678,false,,false,true,2.75,3.11,1.94,-0.005,0.011,-0.003,0,0,0,0.005,-0.011,0.003,0,0,0,1000,1000,1000,1000
2026-10-07T07:26:54.393Z,1791358014393,43699,1967,42578,2,ARMED,34420,43699,43697,false,,false,true,2.64,3.11,1.93,-0.005,0.002,-0.009,0,0,0,0.005,-0.002,0.009,0,0,0,1000,1000,1000,1000
2026-10-07T07:26:54.417Z,1791358014417,43719,1968,42578,2,ARMED,34439,43719,43718,false,,false,true,2.55,3.1,1.93,0.005,-0.009,0.001,0,0,0,-0.005,0.009,-0.001,0,0,0,1000,1000,1000,1000
2026-10-07T07:26:54.437Z,1791358014437,43739,1969,42578,2,ARMED,34457,43739,43738,false,,false,true,2.46,3.09,1.92,0.001,0,-0.005,0,0,0,-0.001,0,0.005,0,0,0,1000,1000,1000,1000
2026-10-07T07:26:54.458Z,1791358014458,43759,1970,42578,2,ARMED,34475,43759,43758,false,,false,true,2.37,3.08,1.92,-0.002,0.007,0,0,0,0,0.002,-0.007,0,0,0,0,1000,1000,1000,1000
2026-10-07T07:26:54.473Z,1791358014473,43779,1971,42578,2,ARMED,34493,43779,43778,false,,false,true,2.28,3.08,1.91,-0.003,-0.003,-0.003,0,0,0,0.003,0.003,0.003,0,0,0,1000,1000,1000,1000
2026-10-07T07:26:54.492Z,1791358014492,43799,1972,42578,2,ARMED,34510,43799,43797,false,,false,true,2.2,3.07,1.91,0.003,-0.003,0.004,0,0,0,-0.003,0.003,-0.004,0,0,0,1000,1000,1000,1000
2026-10-07T07:26:54.517Z,1791358014517,43819,1973,42578,2,ARMED,34529,43819,43818,false,,false,true,2.13,3.06,1.9,0.001,-0.003,-0.002,0,0,0,-0.001,0.003,0.002,0,0,0,1000,1000,1000,1000
2026-10-07T07:26:54.536Z,1791358014536,43839,1974,42578,2,ARMED,34547,43839,43838,false,,false,true,2.05,3.06,1.9,-0.003,0.006,0.002,0,0,0,0.003,-0.006,-0.002,0,0,0,1000,1000,1000,1000
2026-10-07T07:26:54.551Z,1791358014551,43859,1975,42578,2,ARMED,34565,43859,43858,false,,false,true,1.98,3.05,1.89,-0.003,0.001,-0.002,0,0,0,0.003,-0.001,0.002,0,0,0,1000,1000,1000,1000
2026-10-07T07:26:54.572Z,1791358014572,43879,1976,42578,2,ARMED,34583,43879,43878,false,,false,true,1.9,3.04,1.89,0.001,-0.001,0.002,0,0,0,-0.001,0.001,-0.002,0,0,0,1000,1000,1000,1000
2026-10-07T07:26:54.592Z,1791358014592,43899,1977,42578,2,ARMED,34600,43899,43897,false,,false,true,1.83,3.04,1.89,0.003,-0.008,0.002,0,0,0,-0.003,0.008,-0.002,0,0,0,1000,1000,1000,1000
2026-10-07T07:26:54.618Z,1791358014618,43921,1978,42578,2,ARMED,34620,43921,43920,false,,false,true,1.76,3.03,1.88,-0.004,-0.001,-0.001,0,0,0,0.004,0.001,0.001,0,0,0,1000,1000,1000,1000
2026-10-07T07:26:54.632Z,1791358014632,43940,1979,42578,2,ARMED,34638,43940,43940,false,,false,true,1.7,3.02,1.88,-0.004,0.004,-0.001,0,0,0,0.004,-0.004,0.001,0,0,0,1000,1000,1000,1000
2026-10-07T07:26:54.655Z,1791358014655,43960,1980,42578,2,ARMED,34656,43960,43960,false,,false,true,1.64,3.01,1.88,-0.001,-0.002,-0.002,0,0,0,0.001,0.002,0.002,0,0,0,1000,1000,1000,1000
2026-10-07T07:26:54.673Z,1791358014673,43980,1981,42578,2,ARMED,34674,43980,43980,false,,false,true,1.58,3.01,1.87,0.002,-0.002,-0.004,0,0,0,-0.002,0.002,0.004,0,0,0,1000,1000,1000,1000
2026-10-07T07:26:54.693Z,1791358014693,44000,1982,42578,2,ARMED,34691,44000,43998,false,,false,true,1.53,3,1.87,-0.001,-0.001,0.002,0,0,0,0.001,0.001,-0.002,0,0,0,1000,1000,1000,1000
2026-10-07T07:26:54.720Z,1791358014720,44020,1983,42578,2,ARMED,34710,44020,44020,false,,false,true,1.48,2.99,1.87,-0.005,0.002,0.002,0,0,0,0.005,-0.002,-0.002,0,0,0,1000,1000,1000,1000
2026-10-07T07:26:54.735Z,1791358014735,44040,1984,42578,2,ARMED,34727,44040,44040,false,,false,true,1.43,2.99,1.86,-0.001,-0.002,0.001,0,0,0,0.001,0.002,-0.001,0,0,0,1000,1000,1000,1000
2026-10-07T07:26:54.753Z,1791358014753,44060,1985,42578,2,ARMED,34745,44060,44060,false,,false,true,1.38,2.98,1.86,0.001,0.002,0.001,0,0,0,-0.001,-0.002,-0.001,0,0,0,1000,1000,1000,1000
2026-10-07T07:26:54.773Z,1791358014773,44080,1986,42578,2,ARMED,34763,44080,44080,false,,false,true,1.33,2.98,1.86,-0.001,0,0.003,0,0,0,0.001,0,-0.003,0,0,0,1000,1000,1000,1000
2026-10-07T07:26:54.792Z,1791358014792,44100,1987,42578,2,ARMED,34780,44100,44100,false,,false,true,1.28,2.98,1.86,-0.002,0.003,-0.002,0,0,0,0.002,-0.003,0.002,0,0,0,1000,1000,1000,1000
2026-10-07T07:26:54.817Z,1791358014817,44122,1988,42578,2,ARMED,34800,44122,44120,false,,false,true,1.23,2.98,1.86,-0.002,0.003,-0.001,0,0,0,0.002,-0.003,0.001,0,0,0,1000,1000,1000,1000
2026-10-07T07:26:54.832Z,1791358014832,44141,1989,42578,2,ARMED,34818,44141,44140,false,,false,true,1.19,2.97,1.85,0.001,-0.002,-0.002,0,0,0,-0.001,0.002,0.002,0,0,0,1000,1000,1000,1000
2026-10-07T07:26:54.853Z,1791358014853,44161,1990,42578,2,ARMED,34836,44161,44160,false,,false,true,1.15,2.97,1.85,0.001,0,0,0,0,0,-0.001,0,0,0,0,0,1000,1000,1000,1000
2026-10-07T07:26:54.872Z,1791358014872,44181,1991,42578,2,ARMED,34854,44181,44180,false,,false,true,1.12,2.97,1.85,-0.003,0.002,-0.001,0,0,0,0.003,-0.002,0.001,0,0,0,1000,1000,1000,1000
2026-10-07T07:26:54.892Z,1791358014892,44201,1992,42578,2,ARMED,34871,44201,44200,false,,false,true,1.08,2.96,1.85,0.001,0.002,0.002,0,0,0,-0.001,-0.002,-0.002,0,0,0,1000,1000,1000,1000
2026-10-07T07:26:54.925Z,1791358014925,44222,1993,42578,2,ARMED,34890,44222,44220,false,,false,true,1.05,2.96,1.85,0.001,-0.001,0.001,0,0,0,-0.001,0.001,-0.001,0,0,0,1000,1000,1000,1000
2026-10-07T07:26:54.939Z,1791358014939,44241,1994,42578,2,ARMED,34908,44241,44240,false,,false,true,1.02,2.96,1.85,0.001,0.002,0.003,0,0,0,-0.001,-0.002,-0.003,0,0,0,1000,1000,1000,1000
2026-10-07T07:26:54.953Z,1791358014953,44261,1995,42578,2,ARMED,34926,44261,44260,false,,false,true,0.98,2.96,1.85,0,-0.001,-0.001,0,0,0,0,0.001,0.001,0,0,0,1000,1000,1000,1000
2026-10-07T07:26:54.972Z,1791358014972,44281,1996,42578,2,ARMED,34944,44281,44280,false,,false,true,0.95,2.95,1.84,-0.001,0.001,0,0,0,0,0.001,-0.001,0,0,0,0,1000,1000,1000,1000
2026-10-07T07:26:54.992Z,1791358014992,44301,1997,42578,2,ARMED,34961,44301,44301,false,,false,true,0.92,2.95,1.84,0.001,-0.002,-0.002,0,0,0,-0.001,0.002,0.002,0,0,0,1000,1000,1000,1000
2026-10-07T07:26:55.018Z,1791358015018,44322,1998,42578,2,ARMED,34980,44322,44320,false,,false,true,0.89,2.94,1.84,-0.004,-0.001,0.004,0,0,0,0.004,0.001,-0.004,0,0,0,1000,1000,1000,1000
2026-10-07T07:26:55.042Z,1791358015042,44341,1999,42578,2,ARMED,34998,44341,44340,false,,false,true,0.87,2.95,1.84,0.003,0,-0.008,0,0,0,-0.003,0,0.008,0,0,0,1000,1000,1000,1000
2026-10-07T07:26:55.052Z,1791358015052,44361,2000,42578,2,ARMED,35016,44361,44360,false,,false,true,0.82,2.9,1.83,-0.025,-0.029,0.027,0,0,0,0.025,0.029,-0.027,0,0,0,1000,1000,1000,1000
2026-10-07T07:26:55.072Z,1791358015072,44381,2001,42578,2,ARMED,35034,44381,44380,false,,false,true,0.81,2.88,1.88,0.03,-0.048,0.02,0,0,0,-0.03,0.048,-0.02,0,0,0,1000,1000,1000,1000
2026-10-07T07:26:55.096Z,1791358015096,44401,2002,42578,2,ARMED,35051,44401,44400,false,,false,true,0.82,2.81,1.89,-0.041,0.032,0.022,0,0,0,0.041,-0.032,-0.022,0,0,0,1000,1000,1000,1000
2026-10-07T07:26:55.119Z,1791358015119,44423,2003,42578,2,ARMED,35071,44423,44422,false,,false,true,0.57,2.94,1.95,-0.023,0.006,0.071,0,0,0,0.023,-0.006,-0.071,0,0,0,1000,1000,1000,1000
2026-10-07T07:26:55.131Z,1791358015131,44442,2004,42578,2,ARMED,35089,44442,44440,false,,false,true,0.4,2.94,2.05,-0.018,0.004,0.128,0,0,0,0.018,-0.004,-0.128,0,0,0,1000,1000,1000,1000
2026-10-07T07:26:55.156Z,1791358015156,44462,2005,42578,2,ARMED,35107,44462,44460,false,,false,true,0.4,2.87,2.23,-0.072,0.08,0.149,0,0,0,0.072,-0.08,-0.149,0,0,0,1000,1000,1000,1000
2026-10-07T07:26:55.175Z,1791358015175,44482,2006,42578,2,ARMED,35125,44482,44480,false,,false,true,0.44,3.17,2.37,-0.083,0.117,0.02,0,0,0,0.083,-0.117,-0.02,0,0,0,1000,1000,1000,1000
2026-10-07T07:26:55.196Z,1791358015196,44502,2007,42578,2,ARMED,35142,44502,44500,false,,false,true,-0.16,3.41,2.5,0.035,0.016,0.308,0,0,0,-0.035,-0.016,-0.308,0,0,0,1000,1000,1000,1000
2026-10-07T07:26:55.218Z,1791358015218,44523,2008,42578,2,ARMED,35161,44523,44522,false,,false,true,-0.23,3.52,2.92,-0.002,-0.137,0.352,0,0,0,0.002,0.137,-0.352,0,0,0,1000,1000,1000,1000
2026-10-07T07:26:55.239Z,1791358015239,44542,2009,42578,2,ARMED,35179,44542,44542,false,,false,true,0.03,3.52,3.24,-0.045,0.057,0.145,0,0,0,0.045,-0.057,-0.145,0,0,0,1000,1000,1000,1000
2026-10-07T07:26:55.253Z,1791358015253,44562,2010,42578,2,ARMED,35197,44562,44560,false,,false,true,0.31,3.55,3.24,-0.031,0.103,-0.143,0,0,0,0.031,-0.103,0.143,0,0,0,1000,1000,1000,1000
2026-10-07T07:26:55.277Z,1791358015277,44582,2011,42578,2,ARMED,35215,44582,44580,false,,false,true,0.51,3.37,3.04,0.051,-0.036,-0.175,0,0,0,-0.051,0.036,0.175,0,0,0,1000,1000,1000,1000
2026-10-07T07:26:55.292Z,1791358015292,44602,2012,42578,2,ARMED,35232,44602,44600,false,,false,true,0.63,3.03,2.98,-0.069,-0.157,0.047,0,0,0,0.069,0.157,-0.047,0,0,0,1000,1000,1000,1000
2026-10-07T07:26:55.322Z,1791358015322,44622,2013,42578,2,ARMED,35251,44622,44620,false,,false,true,0.6,3.04,3.03,0.013,0.042,0.018,0,0,0,-0.013,-0.042,-0.018,0,0,0,1000,1000,1000,1000
2026-10-07T07:26:55.333Z,1791358015333,44642,2014,42578,2,ARMED,35269,44642,44640,false,,false,true,0.64,3.08,3.02,0.043,0.021,0.002,0,0,0,-0.043,-0.021,-0.002,0,0,0,1000,1000,1000,1000
2026-10-07T07:26:55.357Z,1791358015357,44662,2015,42578,2,ARMED,35287,44662,44660,false,,false,true,0.61,3.08,3.03,-0.023,-0.042,0.001,0,0,0,0.023,0.042,-0.001,0,0,0,1000,1000,1000,1000
2026-10-07T07:26:55.373Z,1791358015373,44682,2016,42578,2,ARMED,35305,44682,44681,false,,false,true,0.6,3.08,3.02,0.011,-0.002,-0.013,0,0,0,-0.011,0.002,0.013,0,0,0,1000,1000,1000,1000
2026-10-07T07:26:55.393Z,1791358015393,44702,2017,42578,2,ARMED,35322,44702,44700,false,,false,true,0.6,3.05,2.99,0.02,0.009,-0.005,0,0,0,-0.02,-0.009,0.005,0,0,0,1000,1000,1000,1000
2026-10-07T07:26:55.423Z,1791358015423,44723,2018,42578,2,ARMED,35341,44723,44722,false,,false,true,0.77,2.76,3.06,-0.098,0.002,0.039,0,0,0,0.098,-0.002,-0.039,0,0,0,1000,1000,1000,1000
2026-10-07T07:26:55.432Z,1791358015432,44742,2019,42578,2,ARMED,35359,44742,44740,false,,false,true,0.66,2.66,3.16,-0.02,-0.01,0.183,0,0,0,0.02,0.01,-0.183,0,0,0,1000,1000,1000,1000
2026-10-07T07:26:55.458Z,1791358015458,44762,2020,42578,2,ARMED,35377,44762,44760,false,,false,true,0.25,2.57,3.5,0.007,0.048,0.388,0,0,0,-0.007,-0.048,-0.388,0,0,0,1000,1000,1000,1000
2026-10-07T07:26:55.474Z,1791358015474,44782,2021,42578,2,ARMED,35395,44782,44780,false,,false,true,-0.15,2.57,3.93,-0.028,-0.001,0.408,0,0,0,0.028,0.001,-0.408,0,0,0,1000,1000,1000,1000
2026-10-07T07:26:55.493Z,1791358015493,44802,2022,42578,2,ARMED,35412,44802,44800,false,,false,true,-0.49,2.51,4.42,-0.023,0.006,0.51,0,0,0,0.023,-0.006,-0.51,0,0,0,1000,1000,1000,1000
2026-10-07T07:26:55.520Z,1791358015520,44823,2023,42578,2,ARMED,35431,44823,44822,false,,false,true,-0.87,2.38,5.12,-0.006,0.018,0.728,0,0,0,0.006,-0.018,-0.728,0,0,0,1000,1000,1000,1000
2026-10-07T07:26:55.535Z,1791358015535,44842,2024,42578,2,ARMED,35449,44842,44840,false,,false,true,-1.16,2.44,6.02,-0.089,-0.008,0.832,0,0,0,0.089,0.008,-0.832,0,0,0,1000,1000,1000,1000
2026-10-07T07:26:55.561Z,1791358015561,44862,2025,42578,2,ARMED,35467,44862,44860,false,,false,true,-1.35,2.53,7,-0.073,0.012,0.84,0,0,0,0.073,-0.012,-0.84,0,0,0,1000,1000,1000,1000
2026-10-07T07:26:55.588Z,1791358015588,44882,2026,42578,2,ARMED,35485,44882,44880,false,,false,true,-1.29,2.81,7.89,-0.047,0.004,0.631,0,0,0,0.047,-0.004,-0.631,0,0,0,1000,1000,1000,1000
2026-10-07T07:26:55.602Z,1791358015602,44902,2027,42578,2,ARMED,35502,44902,44900,false,,false,true,-0.93,2.99,8.48,-0.013,-0.01,0.372,0,0,0,0.013,0.01,-0.372,0,0,0,1000,1000,1000,1000
2026-10-07T07:26:55.622Z,1791358015622,44924,2028,42578,2,ARMED,35522,44924,44923,false,,false,true,-0.57,3.11,8.8,-0.006,0.002,0.15,0,0,0,0.006,-0.002,-0.15,0,0,0,1000,1000,1000,1000
2026-10-07T07:26:55.632Z,1791358015632,44943,2029,42578,2,ARMED,35540,44943,44943,false,,false,true,-0.22,3.24,8.89,-0.016,0.036,-0.028,0,0,0,0.016,-0.036,0.028,0,0,0,1000,1000,1000,1000
2026-10-07T07:26:55.652Z,1791358015652,44963,2030,42578,2,ARMED,35558,44963,44963,false,,false,true,0.06,3.42,8.74,0.004,0.01,-0.23,0,0,0,-0.004,-0.01,0.23,0,0,0,1000,1000,1000,1000
2026-10-07T07:26:55.673Z,1791358015673,44983,2031,42578,2,ARMED,35576,44983,44983,false,,false,true,0.21,3.58,8.45,0.012,0.004,-0.306,0,0,0,-0.012,-0.004,0.306,0,0,0,1000,1000,1000,1000
2026-10-07T07:26:55.692Z,1791358015692,45003,2032,42578,2,ARMED,35593,45003,45003,false,,false,true,0.21,3.64,8.1,0.015,-0.005,-0.3,0,0,0,-0.015,0.005,0.3,0,0,0,1000,1000,1000,1000
2026-10-07T07:26:55.723Z,1791358015723,45025,2033,42578,2,ARMED,35613,45025,45023,false,,false,true,0.16,3.7,7.69,0.029,0.002,-0.378,0,0,0,-0.029,-0.002,0.378,0,0,0,1000,1000,1000,1000
2026-10-07T07:26:55.734Z,1791358015734,45044,2034,42578,2,ARMED,35631,45044,45043,false,,false,true,0.13,3.72,7.18,-0.016,0.004,-0.488,0,0,0,0.016,-0.004,0.488,0,0,0,1000,1000,1000,1000
2026-10-07T07:26:55.764Z,1791358015764,45064,2035,42578,2,ARMED,35649,45064,45063,false,,false,true,0.05,3.72,6.58,0.022,0.054,-0.517,0,0,0,-0.022,-0.054,0.517,0,0,0,1000,1000,1000,1000
2026-10-07T07:26:55.774Z,1791358015774,45084,2036,42578,2,ARMED,35667,45084,45083,false,,false,true,-0.01,3.82,6.05,0.036,-0.088,-0.438,0,0,0,-0.036,0.088,0.438,0,0,0,1000,1000,1000,1000
2026-10-07T07:26:55.792Z,1791358015792,45104,2037,42578,2,ARMED,35684,45104,45103,false,,false,true,-0.11,3.7,5.57,0.028,0.028,-0.424,0,0,0,-0.028,-0.028,0.424,0,0,0,1000,1000,1000,1000
2026-10-07T07:26:55.826Z,1791358015826,45124,2038,42578,2,ARMED,35702,45124,45122,false,,false,true,-0.2,3.59,5.07,0.029,0,-0.432,0,0,0,-0.029,0,0.432,0,0,0,1000,1000,1000,1000
2026-10-07T07:26:55.835Z,1791358015835,45144,2039,42578,2,ARMED,35720,45144,45143,false,,false,true,-0.29,3.43,4.55,-0.005,0.023,-0.459,0,0,0,0.005,-0.023,0.459,0,0,0,1000,1000,1000,1000
2026-10-07T07:26:55.853Z,1791358015853,45164,2040,42578,2,ARMED,35738,45164,45163,false,,false,true,-0.42,3.38,4.06,0.019,0.027,-0.394,0,0,0,-0.019,-0.027,0.394,0,0,0,1000,1000,1000,1000
2026-10-07T07:26:55.871Z,1791358015871,45184,2041,42578,2,ARMED,35756,45184,45183,false,,false,true,-0.51,3.31,3.67,0,-0.03,-0.318,0,0,0,0,0.03,0.318,0,0,0,1000,1000,1000,1000
2026-10-07T07:26:55.898Z,1791358015898,45204,2042,42578,2,ARMED,35773,45204,45203,false,,false,true,-0.6,3.23,3.37,-0.021,-0.002,-0.201,0,0,0,0.021,0.002,0.201,0,0,0,1000,1000,1000,1000
2026-10-07T07:26:55.921Z,1791358015921,45224,2043,42578,2,ARMED,35791,45224,45222,false,,false,true,-0.64,3.12,3.14,0.013,0.047,-0.177,0,0,0,-0.013,-0.047,0.177,0,0,0,1000,1000,1000,1000
2026-10-07T07:26:55.932Z,1791358015932,45244,2044,42578,2,ARMED,35809,45244,45243,false,,false,true,-0.55,3.07,2.96,-0.029,-0.026,-0.168,0,0,0,0.029,0.026,0.168,0,0,0,1000,1000,1000,1000
2026-10-07T07:26:55.954Z,1791358015954,45264,2045,42578,2,ARMED,35828,45264,45263,false,,false,true,-0.39,3.13,2.78,-0.034,-0.096,-0.162,0,0,0,0.034,0.096,0.162,0,0,0,1000,1000,1000,1000
2026-10-07T07:26:55.977Z,1791358015977,45284,2046,42578,2,ARMED,35846,45284,45283,false,,false,true,-0.26,3.13,2.61,0.016,0.022,-0.194,0,0,0,-0.016,-0.022,0.194,0,0,0,1000,1000,1000,1000
2026-10-07T07:26:56.000Z,1791358016000,45304,2047,42578,2,ARMED,35863,45304,45303,false,,false,true,-0.06,3.1,2.37,0.003,0.047,-0.229,0,0,0,-0.003,-0.047,0.229,0,0,0,1000,1000,1000,1000
2026-10-07T07:26:56.021Z,1791358016021,45324,2048,42578,2,ARMED,35881,45324,45322,false,,false,true,0.07,3.01,2.08,-0.004,0.013,-0.273,0,0,0,0.004,-0.013,0.273,0,0,0,1000,1000,1000,1000
2026-10-07T07:26:56.034Z,1791358016034,45344,2049,42578,2,ARMED,35899,45344,45343,false,,false,true,0.27,3.02,1.85,-0.038,-0.016,-0.17,0,0,0,0.038,0.016,0.17,0,0,0,1000,1000,1000,1000
2026-10-07T07:26:56.056Z,1791358016056,45364,2050,42578,2,ARMED,35917,45364,45363,false,,false,true,0.45,2.93,1.66,0.001,0.036,-0.164,0,0,0,-0.001,-0.036,0.164,0,0,0,1000,1000,1000,1000
2026-10-07T07:26:56.072Z,1791358016072,45384,2051,42578,2,ARMED,35935,45384,45383,false,,false,true,0.68,2.78,1.59,-0.018,0.031,-0.013,0,0,0,0.018,-0.031,0.013,0,0,0,1000,1000,1000,1000
2026-10-07T07:26:56.098Z,1791358016098,45404,2052,42578,2,ARMED,35952,45404,45403,false,,false,true,0.9,2.75,1.61,-0.006,0.002,0.021,0,0,0,0.006,-0.002,-0.021,0,0,0,1000,1000,1000,1000
2026-10-07T07:26:56.121Z,1791358016121,45426,2053,42578,2,ARMED,35972,45426,45425,false,,false,true,0.94,2.8,1.62,0.013,-0.037,0,0,0,0,-0.013,0.037,0,0,0,0,1000,1000,1000,1000
2026-10-07T07:26:56.142Z,1791358016142,45447,2054,42578,2,ARMED,35991,45447,45445,false,,false,true,0.89,2.8,1.62,-0.01,0.014,0.007,0,0,0,0.01,-0.014,-0.007,0,0,0,1000,1000,1000,1000
2026-10-07T07:26:56.167Z,1791358016167,45466,2055,42578,2,ARMED,36010,45466,45465,false,,false,true,0.85,2.79,1.62,-0.003,0,-0.002,0,0,0,0.003,0,0.002,0,0,0,1000,1000,1000,1000
2026-10-07T07:26:56.188Z,1791358016188,45488,2056,42578,2,ARMED,36029,45488,45485,false,,false,true,0.83,2.8,1.62,0.004,-0.014,0.006,0,0,0,-0.004,0.014,-0.006,0,0,0,1000,1000,1000,1000
2026-10-07T07:26:56.203Z,1791358016203,45507,2057,42578,2,ARMED,36047,45507,45505,false,,false,true,0.8,2.8,1.63,0.001,-0.009,0,0,0,0,-0.001,0.009,0,0,0,0,1000,1000,1000,1000
2026-10-07T07:26:56.228Z,1791358016228,45527,2058,42578,2,ARMED,36065,45527,45525,false,,false,true,0.77,2.8,1.63,-0.005,0.008,0.007,0,0,0,0.005,-0.008,-0.007,0,0,0,1000,1000,1000,1000
2026-10-07T07:26:56.242Z,1791358016242,45547,2059,42578,2,ARMED,36082,45547,45545,false,,false,true,0.73,2.8,1.63,0.001,0.006,0.001,0,0,0,-0.001,-0.006,-0.001,0,0,0,1000,1000,1000,1000
2026-10-07T07:26:56.265Z,1791358016265,45567,2060,42578,2,ARMED,36101,45567,45565,false,,false,true,0.7,2.81,1.63,0.003,-0.007,0.005,0,0,0,-0.003,0.007,-0.005,0,0,0,1000,1000,1000,1000
2026-10-07T07:26:56.293Z,1791358016293,45588,2061,42578,2,ARMED,36119,45588,45585,false,,false,true,0.68,2.81,1.64,-0.001,-0.001,0.003,0,0,0,0.001,0.001,-0.003,0,0,0,1000,1000,1000,1000
2026-10-07T07:26:56.303Z,1791358016303,45607,2062,42578,2,ARMED,36137,45607,45605,false,,false,true,0.66,2.81,1.64,0.008,-0.004,0.003,0,0,0,-0.008,0.004,-0.003,0,0,0,1000,1000,1000,1000
2026-10-07T07:26:56.323Z,1791358016323,45627,2063,42578,2,ARMED,36155,45627,45625,false,,false,true,0.64,2.81,1.64,0.002,-0.002,0.002,0,0,0,-0.002,0.002,-0.002,0,0,0,1000,1000,1000,1000
2026-10-07T07:26:56.344Z,1791358016344,45647,2064,42578,2,ARMED,36172,45647,45645,false,,false,true,0.62,2.82,1.64,-0.002,0.004,-0.002,0,0,0,0.002,-0.004,0.002,0,0,0,1000,1000,1000,1000
2026-10-07T07:26:56.363Z,1791358016363,45667,2065,42578,2,ARMED,36191,45667,45665,false,,false,true,0.6,2.82,1.64,0.001,-0.001,0.003,0,0,0,-0.001,0.001,-0.003,0,0,0,1000,1000,1000,1000
2026-10-07T07:26:56.394Z,1791358016394,45688,2066,42578,2,ARMED,36209,45688,45685,false,,false,true,0.58,2.82,1.64,-0.004,0.003,-0.001,0,0,0,0.004,-0.003,0.001,0,0,0,1000,1000,1000,1000
2026-10-07T07:26:56.406Z,1791358016406,45707,2067,42578,2,ARMED,36227,45707,45705,false,,false,true,0.56,2.82,1.64,-0.001,-0.001,0.003,0,0,0,0.001,0.001,-0.003,0,0,0,1000,1000,1000,1000
2026-10-07T07:26:56.422Z,1791358016422,45727,2068,42578,2,ARMED,36245,45727,45726,false,,false,true,0.54,2.82,1.64,-0.001,0.001,0,0,0,0,0.001,-0.001,0,0,0,0,1000,1000,1000,1000
2026-10-07T07:26:56.441Z,1791358016441,45747,2069,42578,2,ARMED,36262,45747,45745,false,,false,true,0.52,2.83,1.64,-0.001,-0.001,0,0,0,0,0.001,0.001,0,0,0,0,1000,1000,1000,1000
2026-10-07T07:26:56.461Z,1791358016461,45767,2070,42578,2,ARMED,36281,45767,45765,false,,false,true,0.5,2.83,1.63,0.001,-0.001,-0.001,0,0,0,-0.001,0.001,0.001,0,0,0,1000,1000,1000,1000
2026-10-07T07:26:56.492Z,1791358016492,45788,2071,42578,2,ARMED,36299,45788,45785,false,,false,true,0.48,2.83,1.64,-0.004,-0.001,0.002,0,0,0,0.004,0.001,-0.002,0,0,0,1000,1000,1000,1000
2026-10-07T07:26:56.505Z,1791358016505,45807,2072,42578,2,ARMED,36317,45807,45805,false,,false,true,0.47,2.83,1.64,-0.001,-0.001,-0.001,0,0,0,0.001,0.001,0.001,0,0,0,1000,1000,1000,1000
2026-10-07T07:26:56.527Z,1791358016527,45827,2073,42578,2,ARMED,36335,45827,45825,false,,false,true,0.45,2.83,1.64,0.001,0.001,0.003,0,0,0,-0.001,-0.001,-0.003,0,0,0,1000,1000,1000,1000
2026-10-07T07:26:56.544Z,1791358016544,45847,2074,42578,2,ARMED,36352,45847,45845,false,,false,true,0.44,2.83,1.64,0,-0.002,-0.001,0,0,0,0,0.002,0.001,0,0,0,1000,1000,1000,1000
2026-10-07T07:26:56.561Z,1791358016561,45867,2075,42578,2,ARMED,36371,45867,45865,false,,false,true,0.42,2.83,1.64,0.002,-0.002,0.002,0,0,0,-0.002,0.002,-0.002,0,0,0,1000,1000,1000,1000
2026-10-07T07:26:56.585Z,1791358016585,45888,2076,42578,2,ARMED,36389,45888,45885,false,,false,true,0.41,2.83,1.64,-0.001,0.001,0.001,0,0,0,0.001,-0.001,-0.001,0,0,0,1000,1000,1000,1000
2026-10-07T07:26:56.610Z,1791358016610,45907,2077,42578,2,ARMED,36407,45907,45907,false,,false,true,0.4,2.83,1.64,0,0.002,0,0,0,0,0,-0.002,0,0,0,0,1000,1000,1000,1000
2026-10-07T07:26:56.624Z,1791358016624,45927,2078,42578,2,ARMED,36425,45927,45925,false,,false,true,0.38,2.84,1.64,-0.01,0.019,-0.003,0,0,0,0.01,-0.019,0.003,0,0,0,1000,1000,1000,1000
2026-10-07T07:26:56.645Z,1791358016645,45947,2079,42578,2,ARMED,36442,45947,45945,false,,false,true,0.36,2.85,1.64,-0.001,-0.019,-0.002,0,0,0,0.001,0.019,0.002,0,0,0,1000,1000,1000,1000
2026-10-07T07:26:56.661Z,1791358016661,45967,2080,42578,2,ARMED,36461,45967,45965,false,,false,true,0.34,2.88,1.64,0.022,-0.034,0.009,0,0,0,-0.022,0.034,-0.009,0,0,0,1000,1000,1000,1000
2026-10-07T07:26:56.686Z,1791358016686,45988,2081,42578,2,ARMED,36479,45988,45985,false,,false,true,0.34,2.85,1.64,0.004,0.016,-0.002,0,0,0,-0.004,-0.016,0.002,0,0,0,1000,1000,1000,1000
2026-10-07T07:26:56.710Z,1791358016710,46007,2082,42578,2,ARMED,36497,46007,46005,false,,false,true,0.33,2.81,1.63,0.013,0.009,-0.002,0,0,0,-0.013,-0.009,0.002,0,0,0,1000,1000,1000,1000
2026-10-07T07:26:56.722Z,1791358016722,46027,2083,42578,2,ARMED,36515,46027,46025,false,,false,true,0.33,2.83,1.63,0.001,0.007,-0.005,0,0,0,-0.001,-0.007,0.005,0,0,0,1000,1000,1000,1000
2026-10-07T07:26:56.742Z,1791358016742,46047,2084,42578,2,ARMED,36532,46047,46045,false,,false,true,0.32,2.82,1.63,-0.006,0.006,-0.004,0,0,0,0.006,-0.006,0.004,0,0,0,1000,1000,1000,1000
2026-10-07T07:26:56.767Z,1791358016767,46067,2085,42578,2,ARMED,36551,46067,46065,false,,false,true,0.31,2.83,1.63,-0.004,0.012,0.002,0,0,0,0.004,-0.012,-0.002,0,0,0,1000,1000,1000,1000
2026-10-07T07:26:56.790Z,1791358016790,46088,2086,42578,2,ARMED,36569,46088,46085,false,,false,true,0.3,2.83,1.63,-0.001,0.011,-0.003,0,0,0,0.001,-0.011,0.003,0,0,0,1000,1000,1000,1000
2026-10-07T07:26:56.801Z,1791358016801,46107,2087,42578,2,ARMED,36587,46107,46106,false,,false,true,0.3,2.83,1.63,-0.009,0.01,0.001,0,0,0,0.009,-0.01,-0.001,0,0,0,1000,1000,1000,1000
2026-10-07T07:26:56.823Z,1791358016823,46127,2088,42578,2,ARMED,36605,46127,46125,false,,false,true,0.28,2.85,1.63,0.003,-0.011,-0.003,0,0,0,-0.003,0.011,0.003,0,0,0,1000,1000,1000,1000
2026-10-07T07:26:56.845Z,1791358016845,46147,2089,42578,2,ARMED,36623,46147,46145,false,,false,true,0.27,2.83,1.62,-0.001,0.001,0.002,0,0,0,0.001,-0.001,-0.002,0,0,0,1000,1000,1000,1000
2026-10-07T07:26:56.863Z,1791358016863,46167,2090,42578,2,ARMED,36642,46167,46165,false,,false,true,0.26,2.84,1.63,0.002,0.001,-0.001,0,0,0,-0.002,-0.001,0.001,0,0,0,1000,1000,1000,1000
2026-10-07T07:26:56.888Z,1791358016888,46188,2091,42578,2,ARMED,36660,46188,46185,false,,false,true,0.25,2.83,1.62,0.004,-0.003,-0.001,0,0,0,-0.004,0.003,0.001,0,0,0,1000,1000,1000,1000
2026-10-07T07:26:56.903Z,1791358016903,46207,2092,42578,2,ARMED,36678,46207,46205,false,,false,true,0.24,2.83,1.62,-0.001,-0.013,0,0,0,0,0.001,0.013,0,0,0,0,1000,1000,1000,1000
2026-10-07T07:26:56.926Z,1791358016926,46227,2093,42578,2,ARMED,36696,46227,46225,false,,false,true,0.23,2.83,1.61,0.007,-0.014,-0.015,0,0,0,-0.007,0.014,0.015,0,0,0,1000,1000,1000,1000
2026-10-07T07:26:56.944Z,1791358016944,46248,2094,42578,2,ARMED,36714,46248,46247,false,,false,true,0.23,2.81,1.59,0.004,-0.002,-0.018,0,0,0,-0.004,0.002,0.018,0,0,0,1000,1000,1000,1000
2026-10-07T07:26:56.962Z,1791358016962,46267,2095,42578,2,ARMED,36733,46267,46265,false,,false,true,0.23,2.8,1.58,-0.004,0.019,-0.003,0,0,0,0.004,-0.019,0.003,0,0,0,1000,1000,1000,1000
2026-10-07T07:26:56.986Z,1791358016986,46288,2096,42578,2,ARMED,36751,46288,46285,false,,false,true,0.22,2.82,1.58,0.001,0.004,-0.007,0,0,0,-0.001,-0.004,0.007,0,0,0,1000,1000,1000,1000
2026-10-07T07:26:57.001Z,1791358017001,46307,2097,42578,2,ARMED,36769,46307,46305,false,,false,true,0.22,2.82,1.57,0.004,-0.004,-0.005,0,0,0,-0.004,0.004,0.005,0,0,0,1000,1000,1000,1000
2026-10-07T07:26:57.024Z,1791358017024,46327,2098,42578,2,ARMED,36787,46327,46325,false,,false,true,0.22,2.81,1.56,0.002,-0.007,-0.002,0,0,0,-0.002,0.007,0.002,0,0,0,1000,1000,1000,1000
2026-10-07T07:26:57.048Z,1791358017048,46347,2099,42578,2,ARMED,36804,46347,46345,false,,false,true,0.21,2.8,1.56,-0.003,-0.005,0.002,0,0,0,0.003,0.005,-0.002,0,0,0,1000,1000,1000,1000
2026-10-07T07:26:57.063Z,1791358017063,46367,2100,42578,2,ARMED,36823,46367,46365,false,,false,true,0.21,2.81,1.56,0.001,-0.002,-0.001,0,0,0,-0.001,0.002,0.001,0,0,0,1000,1000,1000,1000
2026-10-07T07:26:57.082Z,1791358017082,46388,2101,42578,2,ARMED,36841,46388,46385,false,,false,true,0.2,2.82,1.56,0.002,-0.004,0.003,0,0,0,-0.002,0.004,-0.003,0,0,0,1000,1000,1000,1000
2026-10-07T07:26:57.101Z,1791358017101,46407,2102,42578,2,ARMED,36859,46407,46405,false,,false,true,0.2,2.8,1.55,0.047,0.033,-0.013,0,0,0,-0.047,-0.033,0.013,0,0,0,1000,1000,1000,1000
2026-10-07T07:26:57.122Z,1791358017122,46427,2103,42578,2,ARMED,36877,46427,46425,false,,false,true,0.2,2.82,1.54,0.06,-0.037,-0.032,0,0,0,-0.06,0.037,0.032,0,0,0,1000,1000,1000,1000
2026-10-07T07:26:57.145Z,1791358017145,46447,2104,42578,2,ARMED,36895,46447,46445,false,,false,true,0.3,2.88,1.53,-0.102,-0.115,0.023,0,0,0,0.102,0.115,-0.023,0,0,0,1000,1000,1000,1000
2026-10-07T07:26:57.161Z,1791358017161,46467,2105,42578,2,ARMED,36913,46467,46465,false,,false,true,0.25,2.72,1.53,-0.03,0.071,-0.005,0,0,0,0.03,-0.071,0.005,0,0,0,1000,1000,1000,1000
2026-10-07T07:26:57.198Z,1791358017198,46488,2106,42578,2,ARMED,36931,46488,46485,false,,false,true,0.25,2.74,1.52,-0.03,0.031,-0.003,0,0,0,0.03,-0.031,0.003,0,0,0,1000,1000,1000,1000
2026-10-07T07:26:57.203Z,1791358017203,46507,2107,42578,2,ARMED,36949,46507,46505,false,,false,true,0.24,2.76,1.52,-0.01,-0.025,0.004,0,0,0,0.01,0.025,-0.004,0,0,0,1000,1000,1000,1000
2026-10-07T07:26:57.228Z,1791358017228,46527,2108,42578,2,ARMED,36967,46527,46525,false,,false,true,0.21,2.79,1.53,-0.004,0.001,0.004,0,0,0,0.004,-0.001,-0.004,0,0,0,1000,1000,1000,1000
2026-10-07T07:26:57.244Z,1791358017244,46547,2109,42578,2,ARMED,36984,46547,46545,false,,false,true,0.21,2.77,1.53,0.006,0.018,-0.004,0,0,0,-0.006,-0.018,0.004,0,0,0,1000,1000,1000,1000
2026-10-07T07:26:57.263Z,1791358017263,46567,2110,42578,2,ARMED,37003,46567,46565,false,,false,true,0.22,2.75,1.53,0.01,-0.011,0.003,0,0,0,-0.01,0.011,-0.003,0,0,0,1000,1000,1000,1000
2026-10-07T07:26:57.285Z,1791358017285,46588,2111,42578,2,ARMED,37021,46588,46585,false,,false,true,0.23,2.75,1.53,0.015,-0.035,-0.004,0,0,0,-0.015,0.035,0.004,0,0,0,1000,1000,1000,1000
2026-10-07T07:26:57.306Z,1791358017306,46607,2112,42578,2,ARMED,37039,46607,46605,false,,false,true,0.24,2.73,1.51,0.022,-0.034,-0.011,0,0,0,-0.022,0.034,0.011,0,0,0,1000,1000,1000,1000
2026-10-07T07:26:57.323Z,1791358017323,46627,2113,42578,2,ARMED,37057,46627,46625,false,,false,true,0.25,2.74,1.52,-0.132,0.142,0.054,0,0,0,0.132,-0.142,-0.054,0,0,0,1000,1000,1000,1000
2026-10-07T07:26:57.341Z,1791358017341,46649,2114,42578,2,ARMED,37076,46649,46648,false,,false,true,0.17,2.8,1.56,-0.009,-0.031,0.002,0,0,0,0.009,0.031,-0.002,0,0,0,1000,1000,1000,1000
2026-10-07T07:26:57.363Z,1791358017363,46668,2115,42578,2,ARMED,37095,46668,46668,false,,false,true,0.16,2.8,1.56,-0.003,-0.015,0.006,0,0,0,0.003,0.015,-0.006,0,0,0,1000,1000,1000,1000
2026-10-07T07:26:57.381Z,1791358017381,46688,2116,42578,2,ARMED,37112,46688,46685,false,,false,true,0.15,2.79,1.56,0.002,0.003,0.004,0,0,0,-0.002,-0.003,-0.004,0,0,0,1000,1000,1000,1000
2026-10-07T07:26:57.401Z,1791358017401,46708,2117,42578,2,ARMED,37130,46708,46708,false,,false,true,0.15,2.79,1.56,0.005,0.001,0.001,0,0,0,-0.005,-0.001,-0.001,0,0,0,1000,1000,1000,1000
2026-10-07T07:26:57.426Z,1791358017426,46728,2118,42578,2,ARMED,37148,46728,46728,false,,false,true,0.15,2.79,1.56,0.005,-0.004,-0.001,0,0,0,-0.005,0.004,0.001,0,0,0,1000,1000,1000,1000
2026-10-07T07:26:57.440Z,1791358017440,46748,2119,42578,2,ARMED,37165,46748,46747,false,,false,true,0.15,2.8,1.56,-0.003,-0.012,-0.001,0,0,0,0.003,0.012,0.001,0,0,0,1000,1000,1000,1000
2026-10-07T07:26:57.464Z,1791358017464,46768,2120,42578,2,ARMED,37184,46768,46768,false,,false,true,0.15,2.79,1.56,-0.001,-0.001,0,0,0,0,0.001,0.001,0,0,0,0,1000,1000,1000,1000
2026-10-07T07:26:57.486Z,1791358017486,46788,2121,42578,2,ARMED,37201,46788,46785,false,,false,true,0.14,2.79,1.56,-0.001,0.012,0.001,0,0,0,0.001,-0.012,-0.001,0,0,0,1000,1000,1000,1000
2026-10-07T07:26:57.505Z,1791358017505,46808,2122,42578,2,ARMED,37219,46808,46808,false,,false,true,0.13,2.8,1.56,0.005,0.006,-0.005,0,0,0,-0.005,-0.006,0.005,0,0,0,1000,1000,1000,1000
2026-10-07T07:26:57.523Z,1791358017523,46828,2123,42578,2,ARMED,37237,46828,46828,false,,false,true,0.14,2.79,1.56,0.001,0.02,-0.003,0,0,0,-0.001,-0.02,0.003,0,0,0,1000,1000,1000,1000
2026-10-07T07:26:57.545Z,1791358017545,46848,2124,42578,2,ARMED,37254,46848,46847,false,,false,true,0.13,2.79,1.56,-0.003,0.008,-0.002,0,0,0,0.003,-0.008,0.002,0,0,0,1000,1000,1000,1000
2026-10-07T07:26:57.567Z,1791358017567,46868,2125,42578,2,ARMED,37273,46868,46868,false,,false,true,0.13,2.8,1.56,-0.006,0.003,0,0,0,0,0.006,-0.003,0,0,0,0,1000,1000,1000,1000
2026-10-07T07:26:57.583Z,1791358017583,46888,2126,42578,2,ARMED,37290,46888,46885,false,,false,true,0.12,2.8,1.56,-0.006,0.01,0.005,0,0,0,0.006,-0.01,-0.005,0,0,0,1000,1000,1000,1000
2026-10-07T07:26:57.604Z,1791358017604,46908,2127,42578,2,ARMED,37308,46908,46908,false,,false,true,0.12,2.81,1.57,-0.004,0.014,0.011,0,0,0,0.004,-0.014,-0.011,0,0,0,1000,1000,1000,1000
2026-10-07T07:26:57.623Z,1791358017623,46928,2128,42578,2,ARMED,37326,46928,46928,false,,false,true,0.11,2.81,1.58,-0.005,0.009,0.012,0,0,0,0.005,-0.009,-0.012,0,0,0,1000,1000,1000,1000
2026-10-07T07:26:57.643Z,1791358017643,46948,2129,42578,2,ARMED,37343,46948,46947,false,,false,true,0.11,2.82,1.59,-0.004,-0.016,0.013,0,0,0,0.004,0.016,-0.013,0,0,0,1000,1000,1000,1000
2026-10-07T07:26:57.663Z,1791358017663,46968,2130,42578,2,ARMED,37362,46968,46968,false,,false,true,0.09,2.82,1.7,0.018,-0.072,0.028,0,0,0,-0.018,0.072,-0.028,0,0,0,1000,1000,1000,1000
2026-10-07T07:26:57.685Z,1791358017685,46988,2131,42578,2,ARMED,37379,46988,46985,false,,false,true,0.1,2.76,1.72,0.005,-0.014,0.006,0,0,0,-0.005,0.014,-0.006,0,0,0,1000,1000,1000,1000
2026-10-07T07:26:57.703Z,1791358017703,47008,2132,42578,2,ARMED,37397,47008,47008,false,,false,true,0.09,2.73,1.72,0.003,0.004,0.003,0,0,0,-0.003,-0.004,-0.003,0,0,0,1000,1000,1000,1000
2026-10-07T07:26:57.723Z,1791358017723,47028,2133,42578,2,ARMED,37415,47028,47026,false,,false,true,0.09,2.71,1.73,-0.005,0.002,0.002,0,0,0,0.005,-0.002,-0.002,0,0,0,1000,1000,1000,1000
2026-10-07T07:26:57.746Z,1791358017746,47048,2134,42578,2,ARMED,37432,47048,47047,false,,false,true,0.09,2.71,1.73,0.001,-0.011,0.004,0,0,0,-0.001,0.011,-0.004,0,0,0,1000,1000,1000,1000
2026-10-07T07:26:57.763Z,1791358017763,47068,2135,42578,2,ARMED,37451,47068,47068,false,,false,true,0.08,2.71,1.72,-0.004,-0.01,-0.001,0,0,0,0.004,0.01,0.001,0,0,0,1000,1000,1000,1000
2026-10-07T07:26:57.785Z,1791358017785,47088,2136,42578,2,ARMED,37468,47088,47085,false,,false,true,0.08,2.7,1.72,0.002,0.011,-0.001,0,0,0,-0.002,-0.011,0.001,0,0,0,1000,1000,1000,1000
2026-10-07T07:26:57.801Z,1791358017801,47108,2137,42578,2,ARMED,37486,47108,47108,false,,false,true,0.07,2.71,1.72,0.005,0.018,-0.003,0,0,0,-0.005,-0.018,0.003,0,0,0,1000,1000,1000,1000
2026-10-07T07:26:57.823Z,1791358017823,47128,2138,42578,2,ARMED,37504,47128,47128,false,,false,true,0.07,2.73,1.71,-0.006,0.039,-0.002,0,0,0,0.006,-0.039,0.002,0,0,0,1000,1000,1000,1000
2026-10-07T07:26:57.844Z,1791358017844,47148,2139,42578,2,ARMED,37521,47148,47147,false,,false,true,0.04,2.81,1.7,0.014,-0.039,-0.045,0,0,0,-0.014,0.039,0.045,0,0,0,1000,1000,1000,1000
2026-10-07T07:26:57.864Z,1791358017864,47168,2140,42578,2,ARMED,37540,47168,47168,false,,false,true,0.07,2.82,1.69,0.016,0.018,-0.006,0,0,0,-0.016,-0.018,0.006,0,0,0,1000,1000,1000,1000
2026-10-07T07:26:57.884Z,1791358017884,47188,2141,42578,2,ARMED,37557,47188,47185,false,,false,true,0.05,2.81,1.65,0,0.03,-0.083,0,0,0,0,-0.03,0.083,0,0,0,1000,1000,1000,1000
2026-10-07T07:26:57.904Z,1791358017904,47208,2142,42578,2,ARMED,37575,47208,47208,false,,false,true,0.08,2.85,1.6,-0.002,0.002,-0.012,0,0,0,0.002,-0.002,0.012,0,0,0,1000,1000,1000,1000
2026-10-07T07:26:57.921Z,1791358017921,47228,2143,42578,2,ARMED,37593,47228,47228,false,,false,true,0.08,2.86,1.59,0.003,0.001,-0.02,0,0,0,-0.003,-0.001,0.02,0,0,0,1000,1000,1000,1000
2026-10-07T07:26:57.944Z,1791358017944,47248,2144,42578,2,ARMED,37610,47248,47247,false,,false,true,0.09,2.86,1.58,-0.006,-0.009,0,0,0,0,0.006,0.009,0,0,0,0,1000,1000,1000,1000
2026-10-07T07:26:57.964Z,1791358017964,47268,2145,42578,2,ARMED,37629,47268,47268,false,,false,true,0.09,2.86,1.55,-0.023,0.045,-0.014,0,0,0,0.023,-0.045,0.014,0,0,0,1000,1000,1000,1000
2026-10-07T07:26:57.983Z,1791358017983,47288,2146,42578,2,ARMED,37646,47288,47285,false,,false,true,0.09,2.88,1.55,0.011,0.045,0.001,0,0,0,-0.011,-0.045,-0.001,0,0,0,1000,1000,1000,1000
2026-10-07T07:26:58.003Z,1791358018003,47308,2147,42578,2,ARMED,37664,47308,47308,false,,false,true,0.1,2.93,1.55,0.002,0.035,-0.002,0,0,0,-0.002,-0.035,0.002,0,0,0,1000,1000,1000,1000
2026-10-07T07:26:58.023Z,1791358018023,47328,2148,42578,2,ARMED,37682,47328,47328,false,,false,true,0.1,2.98,1.55,-0.015,-0.128,-0.008,0,0,0,0.015,0.128,0.008,0,0,0,1000,1000,1000,1000
2026-10-07T07:26:58.043Z,1791358018043,47348,2149,42578,2,ARMED,37699,47348,47347,false,,false,true,0.08,2.79,1.55,-0.011,0.137,-0.001,0,0,0,0.011,-0.137,0.001,0,0,0,1000,1000,1000,1000
2026-10-07T07:26:58.063Z,1791358018063,47368,2150,42578,2,ARMED,37718,47368,47368,false,,false,true,0.1,2.81,1.55,-0.032,0.059,0.035,0,0,0,0.032,-0.059,-0.035,0,0,0,1000,1000,1000,1000
2026-10-07T07:26:58.084Z,1791358018084,47388,2151,42578,2,ARMED,37735,47388,47385,false,,false,true,0.07,2.86,1.58,0.005,-0.022,-0.002,0,0,0,-0.005,0.022,0.002,0,0,0,1000,1000,1000,1000
2026-10-07T07:26:58.103Z,1791358018103,47408,2152,42578,2,ARMED,37753,47408,47408,false,,false,true,0.07,2.84,1.58,-0.006,-0.008,0.002,0,0,0,0.006,0.008,-0.002,0,0,0,1000,1000,1000,1000
2026-10-07T07:26:58.123Z,1791358018123,47428,2153,42578,2,ARMED,37771,47428,47428,false,,false,true,0.07,2.82,1.58,0.004,0.008,0,0,0,0,-0.004,-0.008,0,0,0,0,1000,1000,1000,1000
2026-10-07T07:26:58.146Z,1791358018146,47448,2154,42578,2,ARMED,37788,47448,47447,false,,false,true,0.07,2.83,1.58,0.003,0.003,-0.002,0,0,0,-0.003,-0.003,0.002,0,0,0,1000,1000,1000,1000
2026-10-07T07:26:58.164Z,1791358018164,47468,2155,42578,2,ARMED,37807,47468,47468,false,,false,true,0.07,2.83,1.58,0.003,0.014,-0.006,0,0,0,-0.003,-0.014,0.006,0,0,0,1000,1000,1000,1000
2026-10-07T07:26:58.182Z,1791358018182,47488,2156,42578,2,ARMED,37824,47488,47485,false,,false,true,0.08,2.85,1.57,0.005,-0.005,-0.008,0,0,0,-0.005,0.005,0.008,0,0,0,1000,1000,1000,1000
2026-10-07T07:26:58.202Z,1791358018202,47508,2157,42578,2,ARMED,37842,47508,47508,false,,false,true,0.08,2.85,1.57,0.002,-0.01,-0.004,0,0,0,-0.002,0.01,0.004,0,0,0,1000,1000,1000,1000
2026-10-07T07:26:58.222Z,1791358018222,47528,2158,42578,2,ARMED,37860,47528,47528,false,,false,true,0.09,2.84,1.56,-0.004,-0.012,0.001,0,0,0,0.004,0.012,-0.001,0,0,0,1000,1000,1000,1000
2026-10-07T07:26:58.246Z,1791358018246,47548,2159,42578,2,ARMED,37877,47548,47547,false,,false,true,0.08,2.82,1.57,0.001,-0.001,-0.002,0,0,0,-0.001,0.001,0.002,0,0,0,1000,1000,1000,1000
2026-10-07T07:26:58.263Z,1791358018263,47568,2160,42578,2,ARMED,37896,47568,47568,false,,false,true,0.08,2.85,1.57,0.001,-0.013,-0.004,0,0,0,-0.001,0.013,0.004,0,0,0,1000,1000,1000,1000
2026-10-07T07:26:58.283Z,1791358018283,47588,2161,42578,2,ARMED,37913,47588,47585,false,,false,true,0.07,2.86,1.56,0.011,0.015,-0.003,0,0,0,-0.011,-0.015,0.003,0,0,0,1000,1000,1000,1000
2026-10-07T07:26:58.304Z,1791358018304,47608,2162,42578,2,ARMED,37931,47608,47608,false,,false,true,0.08,2.84,1.56,-0.004,0.028,-0.001,0,0,0,0.004,-0.028,0.001,0,0,0,1000,1000,1000,1000
2026-10-07T07:26:58.324Z,1791358018324,47628,2163,42578,2,ARMED,37949,47628,47628,false,,false,true,0.09,2.85,1.56,-0.004,0.009,-0.002,0,0,0,0.004,-0.009,0.002,0,0,0,1000,1000,1000,1000
2026-10-07T07:26:58.341Z,1791358018341,47649,2164,42578,2,ARMED,37967,47649,47648,false,,false,true,0.08,2.85,1.56,-0.007,-0.006,0.001,0,0,0,0.007,0.006,-0.001,0,0,0,1000,1000,1000,1000
2026-10-07T07:26:58.363Z,1791358018363,47668,2165,42578,2,ARMED,37986,47668,47668,false,,false,true,0.08,2.85,1.56,0,0.004,-0.002,0,0,0,0,-0.004,0.002,0,0,0,1000,1000,1000,1000
2026-10-07T07:26:58.384Z,1791358018384,47688,2166,42578,2,ARMED,38003,47688,47685,false,,false,true,0.08,2.85,1.56,-0.001,0.011,-0.002,0,0,0,0.001,-0.011,0.002,0,0,0,1000,1000,1000,1000
2026-10-07T07:26:58.401Z,1791358018401,47708,2167,42578,2,ARMED,38021,47708,47708,false,,false,true,0.07,2.87,1.55,0.009,0.011,-0.017,0,0,0,-0.009,-0.011,0.017,0,0,0,1000,1000,1000,1000
2026-10-07T07:26:58.420Z,1791358018420,47728,2168,42578,2,ARMED,38039,47728,47728,false,,false,true,0.08,2.87,1.55,0.002,0.011,-0.003,0,0,0,-0.002,-0.011,0.003,0,0,0,1000,1000,1000,1000
2026-10-07T07:26:58.442Z,1791358018442,47748,2169,42578,2,ARMED,38056,47748,47747,false,,false,true,0.08,2.88,1.55,0.003,0.004,-0.002,0,0,0,-0.003,-0.004,0.002,0,0,0,1000,1000,1000,1000
2026-10-07T07:26:58.463Z,1791358018463,47768,2170,42578,2,ARMED,38075,47768,47768,false,,false,true,0.08,2.88,1.54,0.002,-0.006,-0.002,0,0,0,-0.002,0.006,0.002,0,0,0,1000,1000,1000,1000
2026-10-07T07:26:58.480Z,1791358018480,47788,2171,42578,2,ARMED,38092,47788,47785,false,,false,true,0.08,2.89,1.54,0.001,0.015,-0.008,0,0,0,-0.001,-0.015,0.008,0,0,0,1000,1000,1000,1000
2026-10-07T07:26:58.503Z,1791358018503,47808,2172,42578,2,ARMED,38110,47808,47808,false,,false,true,0.1,2.87,1.53,-0.011,-0.004,0.002,0,0,0,0.011,0.004,-0.002,0,0,0,1000,1000,1000,1000
2026-10-07T07:26:58.522Z,1791358018522,47828,2173,42578,2,ARMED,38128,47828,47828,false,,false,true,0.07,2.87,1.53,-0.007,-0.012,0.002,0,0,0,0.007,0.012,-0.002,0,0,0,1000,1000,1000,1000
2026-10-07T07:26:58.540Z,1791358018540,47848,2174,42578,2,ARMED,38145,47848,47847,false,,false,true,0.08,2.86,1.54,-0.002,-0.011,-0.002,0,0,0,0.002,0.011,0.002,0,0,0,1000,1000,1000,1000
2026-10-07T07:26:58.566Z,1791358018566,47868,2175,42578,2,ARMED,38164,47868,47868,false,,false,true,0.07,2.85,1.54,-0.004,0,0.005,0,0,0,0.004,0,-0.005,0,0,0,1000,1000,1000,1000
2026-10-07T07:26:58.581Z,1791358018581,47888,2176,42578,2,ARMED,38181,47888,47885,false,,false,true,0.07,2.85,1.54,-0.004,-0.007,-0.004,0,0,0,0.004,0.007,0.004,0,0,0,1000,1000,1000,1000
2026-10-07T07:26:58.601Z,1791358018601,47908,2177,42578,2,ARMED,38199,47908,47907,false,,false,true,0.07,2.85,1.54,-0.003,-0.012,0.002,0,0,0,0.003,0.012,-0.002,0,0,0,1000,1000,1000,1000
2026-10-07T07:26:58.625Z,1791358018625,47928,2178,42578,2,ARMED,38217,47928,47928,false,,false,true,0.07,2.84,1.54,0.001,0.02,0.002,0,0,0,-0.001,-0.02,-0.002,0,0,0,1000,1000,1000,1000
2026-10-07T07:26:58.645Z,1791358018645,47948,2179,42578,2,ARMED,38234,47948,47947,false,,false,true,0.07,2.85,1.54,0.001,0.025,0,0,0,0,-0.001,-0.025,0,0,0,0,1000,1000,1000,1000
2026-10-07T07:26:58.666Z,1791358018666,47968,2180,42578,2,ARMED,38253,47968,47968,false,,false,true,0.08,2.89,1.54,-0.003,-0.003,-0.001,0,0,0,0.003,0.003,0.001,0,0,0,1000,1000,1000,1000
2026-10-07T07:26:58.681Z,1791358018681,47988,2181,42578,2,ARMED,38270,47988,47985,false,,false,true,0.08,2.9,1.54,0.022,0.025,-0.002,0,0,0,-0.022,-0.025,0.002,0,0,0,1000,1000,1000,1000
2026-10-07T07:26:58.701Z,1791358018701,48008,2182,42578,2,ARMED,38288,48008,48007,false,,false,true,0.07,2.96,1.52,0.029,0.037,-0.047,0,0,0,-0.029,-0.037,0.047,0,0,0,1000,1000,1000,1000
2026-10-07T07:26:58.722Z,1791358018722,48028,2183,42578,2,ARMED,38306,48028,48028,false,,false,true,0.11,3.01,1.49,-0.005,-0.038,-0.004,0,0,0,0.005,0.038,0.004,0,0,0,1000,1000,1000,1000
2026-10-07T07:26:58.742Z,1791358018742,48048,2184,42578,2,ARMED,38324,48048,48048,false,,false,true,0.12,2.98,1.49,0.01,-0.014,0.001,0,0,0,-0.01,0.014,-0.001,0,0,0,1000,1000,1000,1000
2026-10-07T07:26:58.763Z,1791358018763,48068,2185,42578,2,ARMED,38343,48068,48068,false,,false,true,0.11,3,1.5,-0.003,0.051,-0.002,0,0,0,0.003,-0.051,0.002,0,0,0,1000,1000,1000,1000
2026-10-07T07:26:58.785Z,1791358018785,48088,2186,42578,2,ARMED,38360,48088,48085,false,,false,true,0.13,2.99,1.49,0.021,0.065,-0.006,0,0,0,-0.021,-0.065,0.006,0,0,0,1000,1000,1000,1000
2026-10-07T07:26:58.800Z,1791358018800,48108,2187,42578,2,ARMED,38378,48108,48108,false,,false,true,0.12,2.98,1.49,-0.009,0.043,0.005,0,0,0,0.009,-0.043,-0.005,0,0,0,1000,1000,1000,1000
2026-10-07T07:26:58.820Z,1791358018820,48128,2188,42578,2,ARMED,38396,48128,48128,false,,false,true,0.17,3,1.49,0.041,-0.014,0.005,0,0,0,-0.041,0.014,-0.005,0,0,0,1000,1000,1000,1000
2026-10-07T07:26:58.840Z,1791358018840,48148,2189,42578,2,ARMED,38414,48148,48148,false,,false,true,0.18,3,1.49,-0.003,0.002,0.003,0,0,0,0.003,-0.002,-0.003,0,0,0,1000,1000,1000,1000
2026-10-07T07:26:58.863Z,1791358018863,48168,2190,42578,2,ARMED,38432,48168,48168,false,,false,true,0.2,3,1.5,0.014,0.012,0.003,0,0,0,-0.014,-0.012,-0.003,0,0,0,1000,1000,1000,1000
2026-10-07T07:26:58.883Z,1791358018883,48188,2191,42578,2,ARMED,38449,48188,48185,false,,false,true,0.22,3.02,1.5,0.023,0.026,0.003,0,0,0,-0.023,-0.026,-0.003,0,0,0,1000,1000,1000,1000
2026-10-07T07:26:58.902Z,1791358018902,48208,2192,42578,2,ARMED,38467,48208,48207,false,,false,true,0.26,3.07,1.49,0,0.016,-0.007,0,0,0,0,-0.016,0.007,0,0,0,1000,1000,1000,1000
2026-10-07T07:26:58.926Z,1791358018926,48228,2193,42578,2,ARMED,38485,48228,48228,false,,false,true,0.22,3.06,1.49,0.003,0.02,-0.004,0,0,0,-0.003,-0.02,0.004,0,0,0,1000,1000,1000,1000
2026-10-07T07:26:58.942Z,1791358018942,48248,2194,42578,2,ARMED,38502,48248,48247,false,,false,true,0.24,3.09,1.49,0.016,0.016,0.003,0,0,0,-0.016,-0.016,-0.003,0,0,0,1000,1000,1000,1000
2026-10-07T07:26:58.963Z,1791358018963,48268,2195,42578,2,ARMED,38521,48268,48268,false,,false,true,0.28,3.11,1.48,0.018,0.008,-0.004,0,0,0,-0.018,-0.008,0.004,0,0,0,1000,1000,1000,1000
2026-10-07T07:26:58.980Z,1791358018980,48288,2196,42578,2,ARMED,38538,48288,48285,false,,false,true,0.31,3.1,1.48,0.015,0.01,0.004,0,0,0,-0.015,-0.01,-0.004,0,0,0,1000,1000,1000,1000
2026-10-07T07:26:59.000Z,1791358019000,48308,2197,42578,2,ARMED,38556,48308,48308,false,,false,true,0.31,3.1,1.48,0.015,-0.003,0.003,0,0,0,-0.015,0.003,-0.003,0,0,0,1000,1000,1000,1000
2026-10-07T07:26:59.028Z,1791358019028,48328,2198,42578,2,ARMED,38574,48328,48328,false,,false,true,0.31,3.1,1.48,0.03,0.003,0.001,0,0,0,-0.03,-0.003,-0.001,0,0,0,1000,1000,1000,1000
2026-10-07T07:26:59.042Z,1791358019042,48348,2199,42578,2,ARMED,38591,48348,48347,false,,false,true,0.32,3.09,1.48,0.027,0.015,0.005,0,0,0,-0.027,-0.015,-0.005,0,0,0,1000,1000,1000,1000
2026-10-07T07:26:59.064Z,1791358019064,48368,2200,42578,2,ARMED,38610,48368,48368,false,,false,true,0.36,3.13,1.49,0.017,0.012,0.003,0,0,0,-0.017,-0.012,-0.003,0,0,0,1000,1000,1000,1000
2026-10-07T07:26:59.081Z,1791358019081,48388,2201,42578,2,ARMED,38627,48388,48385,false,,false,true,0.4,3.17,1.49,0.007,0.006,-0.003,0,0,0,-0.007,-0.006,0.003,0,0,0,1000,1000,1000,1000
2026-10-07T07:26:59.103Z,1791358019103,48408,2202,42578,2,ARMED,38645,48408,48408,false,,false,true,0.41,3.16,1.49,0.015,0.009,0.006,0,0,0,-0.015,-0.009,-0.006,0,0,0,1000,1000,1000,1000
2026-10-07T07:26:59.121Z,1791358019121,48428,2203,42578,2,ARMED,38663,48428,48428,false,,false,true,0.43,3.15,1.5,0.006,0.006,0.003,0,0,0,-0.006,-0.006,-0.003,0,0,0,1000,1000,1000,1000
2026-10-07T07:26:59.140Z,1791358019140,48448,2204,42578,2,ARMED,38680,48448,48447,false,,false,true,0.42,3.19,1.5,-0.011,-0.007,-0.004,0,0,0,0.011,0.007,0.004,0,0,0,1000,1000,1000,1000
2026-10-07T07:26:59.163Z,1791358019163,48468,2205,42578,2,ARMED,38699,48468,48468,false,,false,true,0.41,3.17,1.49,-0.019,-0.013,-0.005,0,0,0,0.019,0.013,0.005,0,0,0,1000,1000,1000,1000
2026-10-07T07:26:59.180Z,1791358019180,48488,2206,42578,2,ARMED,38716,48488,48485,false,,false,true,0.37,3.14,1.49,-0.029,-0.02,-0.001,0,0,0,0.029,0.02,0.001,0,0,0,1000,1000,1000,1000
2026-10-07T07:26:59.200Z,1791358019200,48508,2207,42578,2,ARMED,38734,48508,48508,false,,false,true,0.33,3.11,1.49,-0.039,-0.028,-0.003,0,0,0,0.039,0.028,0.003,0,0,0,1000,1000,1000,1000
2026-10-07T07:26:59.225Z,1791358019225,48528,2208,42578,2,ARMED,38752,48528,48528,false,,false,true,0.27,3.05,1.49,-0.06,-0.058,0.005,0,0,0,0.06,0.058,-0.005,0,0,0,1000,1000,1000,1000
2026-10-07T07:26:59.240Z,1791358019240,48548,2209,42578,2,ARMED,38769,48548,48547,false,,false,true,0.12,2.98,1.49,-0.057,-0.05,0.006,0,0,0,0.057,0.05,-0.006,0,0,0,1000,1000,1000,1000
2026-10-07T07:26:59.265Z,1791358019265,48568,2210,42578,2,ARMED,38788,48568,48568,false,,false,true,0.06,2.9,1.49,-0.047,-0.015,-0.002,0,0,0,0.047,0.015,0.002,0,0,0,1000,1000,1000,1000
2026-10-07T07:26:59.281Z,1791358019281,48588,2211,42578,2,ARMED,38805,48588,48585,false,,false,true,0.16,2.93,1.5,-0.02,-0.02,-0.004,0,0,0,0.02,0.02,0.004,0,0,0,1000,1000,1000,1000
2026-10-07T07:26:59.301Z,1791358019301,48608,2212,42578,2,ARMED,38823,48608,48608,false,,false,true,0.16,2.94,1.5,-0.006,-0.014,-0.007,0,0,0,0.006,0.014,0.007,0,0,0,1000,1000,1000,1000
2026-10-07T07:26:59.323Z,1791358019323,48628,2213,42578,2,ARMED,38841,48628,48628,false,,false,true,0.13,2.91,1.49,-0.001,-0.004,-0.001,0,0,0,0.001,0.004,0.001,0,0,0,1000,1000,1000,1000
2026-10-07T07:26:59.341Z,1791358019341,48648,2214,42578,2,ARMED,38858,48648,48647,false,,false,true,0.13,2.92,1.49,-0.003,-0.012,0.004,0,0,0,0.003,0.012,-0.004,0,0,0,1000,1000,1000,1000
2026-10-07T07:26:59.363Z,1791358019363,48668,2215,42578,2,ARMED,38877,48668,48668,false,,false,true,0.13,2.91,1.49,-0.011,-0.006,-0.005,0,0,0,0.011,0.006,0.005,0,0,0,1000,1000,1000,1000
2026-10-07T07:26:59.383Z,1791358019383,48688,2216,42578,2,ARMED,38894,48688,48685,false,,false,true,0.12,2.9,1.49,-0.009,0.002,-0.001,0,0,0,0.009,-0.002,0.001,0,0,0,1000,1000,1000,1000
2026-10-07T07:26:59.402Z,1791358019402,48708,2217,42578,2,ARMED,38912,48708,48708,false,,false,true,0.11,2.89,1.49,0.004,-0.004,0.004,0,0,0,-0.004,0.004,-0.004,0,0,0,1000,1000,1000,1000
2026-10-07T07:26:59.428Z,1791358019428,48728,2218,42578,2,ARMED,38930,48728,48728,false,,false,true,0.11,2.9,1.49,0.001,0.006,-0.002,0,0,0,-0.001,-0.006,0.002,0,0,0,1000,1000,1000,1000
2026-10-07T07:26:59.449Z,1791358019449,48748,2219,42578,2,ARMED,38947,48748,48747,false,,false,true,0.11,2.86,1.5,-0.01,-0.045,0.02,0,0,0,0.01,0.045,-0.02,0,0,0,1000,1000,1000,1000
2026-10-07T07:26:59.463Z,1791358019463,48768,2220,42578,2,ARMED,38966,48768,48768,false,,false,true,0.09,2.86,1.52,0.003,0.024,0.001,0,0,0,-0.003,-0.024,-0.001,0,0,0,1000,1000,1000,1000
2026-10-07T07:26:59.480Z,1791358019480,48788,2221,42578,2,ARMED,38983,48788,48785,false,,false,true,0.09,2.91,1.53,-0.001,-0.067,0,0,0,0,0.001,0.067,0,0,0,0,1000,1000,1000,1000
2026-10-07T07:26:59.505Z,1791358019505,48808,2222,42578,2,ARMED,39001,48808,48808,false,,false,true,0.08,2.91,1.52,0.018,-0.039,0.001,0,0,0,-0.018,0.039,-0.001,0,0,0,1000,1000,1000,1000
2026-10-07T07:26:59.521Z,1791358019521,48828,2223,42578,2,ARMED,39019,48828,48828,false,,false,true,0.08,2.91,1.53,-0.005,0.027,-0.004,0,0,0,0.005,-0.027,0.004,0,0,0,1000,1000,1000,1000
2026-10-07T07:26:59.541Z,1791358019541,48848,2224,42578,2,ARMED,39036,48848,48847,false,,false,true,0.1,2.87,1.52,0.001,0.044,-0.009,0,0,0,-0.001,-0.044,0.009,0,0,0,1000,1000,1000,1000
2026-10-07T07:26:59.568Z,1791358019568,48868,2225,42578,2,ARMED,39055,48868,48868,false,,false,true,0.07,2.9,1.52,-0.016,0.012,0.002,0,0,0,0.016,-0.012,-0.002,0,0,0,1000,1000,1000,1000
2026-10-07T07:26:59.582Z,1791358019582,48888,2226,42578,2,ARMED,39072,48888,48885,false,,false,true,0.07,2.89,1.52,0.01,-0.022,-0.004,0,0,0,-0.01,0.022,0.004,0,0,0,1000,1000,1000,1000
2026-10-07T07:26:59.601Z,1791358019601,48908,2227,42578,2,ARMED,39090,48908,48907,false,,false,true,0.08,2.9,1.52,-0.004,-0.007,0.003,0,0,0,0.004,0.007,-0.003,0,0,0,1000,1000,1000,1000
2026-10-07T07:26:59.620Z,1791358019620,48928,2228,42578,2,ARMED,39108,48928,48928,false,,false,true,0.09,2.89,1.52,0.004,-0.004,-0.002,0,0,0,-0.004,0.004,0.002,0,0,0,1000,1000,1000,1000
2026-10-07T07:26:59.644Z,1791358019644,48949,2229,42578,2,ARMED,39126,48949,48948,false,,false,true,0.09,2.89,1.52,-0.007,0.016,-0.001,0,0,0,0.007,-0.016,0.001,0,0,0,1000,1000,1000,1000
2026-10-07T07:26:59.664Z,1791358019664,48968,2230,42578,2,ARMED,39145,48968,48968,false,,false,true,0.09,2.89,1.52,-0.002,0.006,-0.006,0,0,0,0.002,-0.006,0.006,0,0,0,1000,1000,1000,1000
2026-10-07T07:26:59.685Z,1791358019685,48988,2231,42578,2,ARMED,39162,48988,48985,false,,false,true,0.08,2.89,1.52,-0.004,0.004,0.002,0,0,0,0.004,-0.004,-0.002,0,0,0,1000,1000,1000,1000
2026-10-07T07:26:59.700Z,1791358019700,49008,2232,42578,2,ARMED,39180,49008,49008,false,,false,true,0.08,2.89,1.52,0.004,0.003,-0.003,0,0,0,-0.004,-0.003,0.003,0,0,0,1000,1000,1000,1000
2026-10-07T07:26:59.722Z,1791358019722,49028,2233,42578,2,ARMED,39198,49028,49028,false,,false,true,0.08,2.89,1.52,0.003,-0.006,0.006,0,0,0,-0.003,0.006,-0.006,0,0,0,1000,1000,1000,1000
2026-10-07T07:26:59.742Z,1791358019742,49048,2234,42578,2,ARMED,39215,49048,49047,false,,false,true,0.08,2.89,1.52,0.001,-0.003,0.002,0,0,0,-0.001,0.003,-0.002,0,0,0,1000,1000,1000,1000
2026-10-07T07:26:59.768Z,1791358019768,49068,2235,42578,2,ARMED,39234,49068,49068,false,,false,true,0.09,2.89,1.52,0.002,0,0.003,0,0,0,-0.002,0,-0.003,0,0,0,1000,1000,1000,1000
2026-10-07T07:26:59.780Z,1791358019780,49088,2236,42578,2,ARMED,39251,49088,49085,false,,false,true,0.09,2.89,1.52,-0.003,-0.002,-0.004,0,0,0,0.003,0.002,0.004,0,0,0,1000,1000,1000,1000
2026-10-07T07:26:59.802Z,1791358019802,49108,2237,42578,2,ARMED,39269,49108,49108,false,,false,true,0.09,2.89,1.52,-0.006,0.001,-0.002,0,0,0,0.006,-0.001,0.002,0,0,0,1000,1000,1000,1000
2026-10-07T07:26:59.822Z,1791358019822,49128,2238,42578,2,ARMED,39287,49128,49128,false,,false,true,0.08,2.88,1.52,-0.004,-0.001,0.001,0,0,0,0.004,0.001,-0.001,0,0,0,1000,1000,1000,1000
2026-10-07T07:26:59.841Z,1791358019841,49150,2239,42578,2,ARMED,39306,49150,49148,false,,false,true,0.07,2.88,1.51,0.002,-0.002,0.005,0,0,0,-0.002,0.002,-0.005,0,0,0,1000,1000,1000,1000
2026-10-07T07:26:59.867Z,1791358019867,49169,2240,42578,2,ARMED,39325,49169,49168,false,,false,true,0.08,2.88,1.52,0.004,0.003,0.006,0,0,0,-0.004,-0.003,-0.006,0,0,0,1000,1000,1000,1000
2026-10-07T07:26:59.880Z,1791358019880,49189,2241,42578,2,ARMED,39342,49189,49188,false,,false,true,0.08,2.88,1.52,-0.001,0.001,0.001,0,0,0,0.001,-0.001,-0.001,0,0,0,1000,1000,1000,1000
2026-10-07T07:26:59.900Z,1791358019900,49209,2242,42578,2,ARMED,39360,49209,49208,false,,false,true,0.08,2.88,1.52,-0.002,0.002,0,0,0,0,0.002,-0.002,0,0,0,0,1000,1000,1000,1000
2026-10-07T07:26:59.920Z,1791358019920,49229,2243,42578,2,ARMED,39378,49229,49228,false,,false,true,0.08,2.87,1.52,-0.001,-0.002,-0.002,0,0,0,0.001,0.002,0.002,0,0,0,1000,1000,1000,1000
2026-10-07T07:26:59.942Z,1791358019942,49249,2244,42578,2,ARMED,39395,49249,49247,false,,false,true,0.08,2.88,1.52,-0.004,-0.002,-0.003,0,0,0,0.004,0.002,0.003,0,0,0,1000,1000,1000,1000
2026-10-07T07:26:59.968Z,1791358019968,49269,2245,42578,2,ARMED,39414,49269,49268,false,,false,true,0.07,2.88,1.52,0,-0.002,-0.001,0,0,0,0,0.002,0.001,0,0,0,1000,1000,1000,1000
2026-10-07T07:26:59.980Z,1791358019980,49289,2246,42578,2,ARMED,39431,49289,49288,false,,false,true,0.08,2.88,1.52,-0.001,-0.003,0.004,0,0,0,0.001,0.003,-0.004,0,0,0,1000,1000,1000,1000
2026-10-07T07:27:00.005Z,1791358020005,49309,2247,42578,2,ARMED,39449,49309,49308,false,,false,true,0.08,2.87,1.52,0.002,-0.003,0.002,0,0,0,-0.002,0.003,-0.002,0,0,0,1000,1000,1000,1000
2026-10-07T07:27:00.023Z,1791358020023,49329,2248,42578,2,ARMED,39467,49329,49329,false,,false,true,0.08,2.88,1.52,0.001,0.001,0.003,0,0,0,-0.001,-0.001,-0.003,0,0,0,1000,1000,1000,1000
2026-10-07T07:27:00.053Z,1791358020053,49349,2249,42578,2,ARMED,39484,49349,49347,false,,false,true,0.08,2.88,1.52,-0.001,0.004,-0.001,0,0,0,0.001,-0.004,0.001,0,0,0,1000,1000,1000,1000
2026-10-07T07:27:00.070Z,1791358020070,49369,2250,42578,2,ARMED,39503,49369,49368,false,,false,true,0.08,2.88,1.52,0,0.002,-0.002,0,0,0,0,-0.002,0.002,0,0,0,1000,1000,1000,1000
2026-10-07T07:27:00.080Z,1791358020080,49389,2251,42578,2,ARMED,39520,49389,49388,false,,false,true,0.07,2.89,1.52,-0.002,0,-0.003,0,0,0,0.002,0,0.003,0,0,0,1000,1000,1000,1000
2026-10-07T07:27:00.102Z,1791358020102,49409,2252,42578,2,ARMED,39538,49409,49408,false,,false,true,0.07,2.88,1.52,0,-0.004,0.001,0,0,0,0,0.004,-0.001,0,0,0,1000,1000,1000,1000
2026-10-07T07:27:00.125Z,1791358020125,49429,2253,42578,2,ARMED,39556,49429,49428,false,,false,true,0.07,2.88,1.52,0.001,-0.003,-0.003,0,0,0,-0.001,0.003,0.003,0,0,0,1000,1000,1000,1000
2026-10-07T07:27:00.142Z,1791358020142,49449,2254,42578,2,ARMED,39573,49449,49447,false,,false,true,0.07,2.89,1.51,0,-0.002,0.001,0,0,0,0,0.002,-0.001,0,0,0,1000,1000,1000,1000
2026-10-07T07:27:00.167Z,1791358020167,49469,2255,42578,2,ARMED,39592,49469,49468,false,,false,true,0.07,2.88,1.51,0.003,0.002,0,0,0,0,-0.003,-0.002,0,0,0,0,1000,1000,1000,1000
2026-10-07T07:27:00.180Z,1791358020180,49489,2256,42578,2,ARMED,39609,49489,49488,false,,false,true,0.07,2.88,1.51,-0.002,0.002,0,0,0,0,0.002,-0.002,0,0,0,0,1000,1000,1000,1000
2026-10-07T07:27:00.200Z,1791358020200,49509,2257,42578,2,ARMED,39627,49509,49508,false,,false,true,0.07,2.88,1.51,0,0.005,-0.001,0,0,0,0,-0.005,0.001,0,0,0,1000,1000,1000,1000
2026-10-07T07:27:00.221Z,1791358020221,49529,2258,42578,2,ARMED,39645,49529,49528,false,,false,true,0.07,2.88,1.52,-0.002,-0.001,-0.001,0,0,0,0.002,0.001,0.001,0,0,0,1000,1000,1000,1000
2026-10-07T07:27:00.244Z,1791358020244,49549,2259,42578,2,ARMED,39662,49549,49547,false,,false,true,0.07,2.88,1.51,-0.001,-0.004,0.001,0,0,0,0.001,0.004,-0.001,0,0,0,1000,1000,1000,1000
2026-10-07T07:27:00.266Z,1791358020266,49569,2260,42578,2,ARMED,39681,49569,49568,false,,false,true,0.07,2.89,1.51,-0.002,-0.001,0.001,0,0,0,0.002,0.001,-0.001,0,0,0,1000,1000,1000,1000
2026-10-07T07:27:00.285Z,1791358020285,49589,2261,42578,2,ARMED,39698,49589,49588,false,,false,true,0.07,2.88,1.51,-0.001,-0.001,0,0,0,0,0.001,0.001,0,0,0,0,1000,1000,1000,1000
2026-10-07T07:27:00.301Z,1791358020301,49609,2262,42578,2,ARMED,39716,49609,49608,false,,false,true,0.07,2.88,1.51,0.002,0.002,-0.002,0,0,0,-0.002,-0.002,0.002,0,0,0,1000,1000,1000,1000
2026-10-07T07:27:00.322Z,1791358020322,49629,2263,42578,2,ARMED,39734,49629,49629,false,,false,true,0.07,2.88,1.51,-0.002,0.003,-0.002,0,0,0,0.002,-0.003,0.002,0,0,0,1000,1000,1000,1000
2026-10-07T07:27:00.348Z,1791358020348,49649,2264,42578,2,ARMED,39751,49649,49647,false,,false,true,0.07,2.89,1.51,-0.002,0.001,-0.001,0,0,0,0.002,-0.001,0.001,0,0,0,1000,1000,1000,1000
2026-10-07T07:27:00.365Z,1791358020365,49669,2265,42578,2,ARMED,39770,49669,49668,false,,false,true,0.07,2.88,1.51,0,0.001,-0.001,0,0,0,0,-0.001,0.001,0,0,0,1000,1000,1000,1000
2026-10-07T07:27:00.381Z,1791358020381,49689,2266,42578,2,ARMED,39787,49689,49688,false,,false,true,0.07,2.88,1.51,0.001,-0.001,-0.002,0,0,0,-0.001,0.001,0.002,0,0,0,1000,1000,1000,1000
2026-10-07T07:27:00.403Z,1791358020403,49709,2267,42578,2,ARMED,39805,49709,49708,false,,false,true,0.07,2.88,1.51,0,0.001,0.003,0,0,0,0,-0.001,-0.003,0,0,0,1000,1000,1000,1000
2026-10-07T07:27:00.420Z,1791358020420,49729,2268,42578,2,ARMED,39823,49729,49727,false,,false,true,0.07,2.88,1.51,0.003,0.001,0.001,0,0,0,-0.003,-0.001,-0.001,0,0,0,1000,1000,1000,1000
2026-10-07T07:27:00.442Z,1791358020442,49749,2269,42578,2,ARMED,39840,49749,49747,false,,false,true,0.07,2.88,1.51,0,-0.001,0.001,0,0,0,0,0.001,-0.001,0,0,0,1000,1000,1000,1000
2026-10-07T07:27:00.468Z,1791358020468,49769,2270,42578,2,ARMED,39859,49769,49768,false,,false,true,0.07,2.88,1.5,0,0.005,-0.003,0,0,0,0,-0.005,0.003,0,0,0,1000,1000,1000,1000
2026-10-07T07:27:00.484Z,1791358020484,49789,2271,42578,2,ARMED,39876,49789,49788,false,,false,true,0.07,2.88,1.5,0.001,0.001,-0.001,0,0,0,-0.001,-0.001,0.001,0,0,0,1000,1000,1000,1000
2026-10-07T07:27:00.504Z,1791358020504,49809,2272,42578,2,ARMED,39894,49809,49807,false,,false,true,0.07,2.88,1.5,0.002,0.001,0.001,0,0,0,-0.002,-0.001,-0.001,0,0,0,1000,1000,1000,1000
2026-10-07T07:27:00.521Z,1791358020521,49829,2273,42578,2,ARMED,39912,49829,49828,false,,false,true,0.07,2.88,1.5,-0.002,0.001,-0.003,0,0,0,0.002,-0.001,0.003,0,0,0,1000,1000,1000,1000
2026-10-07T07:27:00.541Z,1791358020541,49849,2274,42578,2,ARMED,39930,49849,49848,false,,false,true,0.08,2.88,1.5,-0.001,-0.001,-0.001,0,0,0,0.001,0.001,0.001,0,0,0,1000,1000,1000,1000
2026-10-07T07:27:00.564Z,1791358020564,49869,2275,42578,2,ARMED,39948,49869,49868,false,,false,true,0.08,2.88,1.5,-0.003,0.002,0.002,0,0,0,0.003,-0.002,-0.002,0,0,0,1000,1000,1000,1000
2026-10-07T07:27:00.582Z,1791358020582,49889,2276,42578,2,ARMED,39965,49889,49888,false,,false,true,0.08,2.88,1.5,-0.002,0.001,-0.001,0,0,0,0.002,-0.001,0.001,0,0,0,1000,1000,1000,1000
2026-10-07T07:27:00.606Z,1791358020606,49909,2277,42578,2,ARMED,39983,49909,49907,false,,false,true,0.08,2.88,1.5,-0.002,-0.001,0.001,0,0,0,0.002,0.001,-0.001,0,0,0,1000,1000,1000,1000
2026-10-07T07:27:00.628Z,1791358020628,49929,2278,42578,2,ARMED,40001,49929,49928,false,,false,true,0.08,2.88,1.5,0.002,0.002,-0.003,0,0,0,-0.002,-0.002,0.003,0,0,0,1000,1000,1000,1000
2026-10-07T07:27:00.640Z,1791358020640,49949,2279,42578,2,ARMED,40019,49949,49948,false,,false,true,0.08,2.89,1.5,0,0.002,-0.001,0,0,0,0,-0.002,0.001,0,0,0,1000,1000,1000,1000
2026-10-07T07:27:00.672Z,1791358020672,49969,2280,42578,2,ARMED,40038,49969,49968,false,,false,true,0.08,2.89,1.51,0.001,-0.001,0.001,0,0,0,-0.001,0.001,-0.001,0,0,0,1000,1000,1000,1000
2026-10-07T07:27:00.683Z,1791358020683,49989,2281,42578,2,ARMED,40055,49989,49988,false,,false,true,0.08,2.88,1.51,-0.001,-0.002,0.001,0,0,0,0.001,0.002,-0.001,0,0,0,1000,1000,1000,1000
2026-10-07T07:27:00.700Z,1791358020700,50009,2282,42578,2,ARMED,40073,50009,50008,false,,false,true,0.09,2.88,1.51,0.001,-0.001,0.001,0,0,0,-0.001,0.001,-0.001,0,0,0,1000,1000,1000,1000
2026-10-07T07:27:00.722Z,1791358020722,50029,2283,42578,2,ARMED,40091,50029,50028,false,,false,true,0.09,2.88,1.51,0,0.003,0.001,0,0,0,0,-0.003,-0.001,0,0,0,1000,1000,1000,1000
2026-10-07T07:27:00.740Z,1791358020740,50049,2284,42578,2,ARMED,40108,50049,50047,false,,false,true,0.09,2.89,1.51,0,0.001,-0.002,0,0,0,0,-0.001,0.002,0,0,0,1000,1000,1000,1000
2026-10-07T07:27:00.765Z,1791358020765,50069,2285,42578,2,ARMED,40127,50069,50068,false,,false,true,0.09,2.88,1.51,0,-0.001,0.001,0,0,0,0,0.001,-0.001,0,0,0,1000,1000,1000,1000
2026-10-07T07:27:00.781Z,1791358020781,50089,2286,42578,2,ARMED,40144,50089,50088,false,,false,true,0.09,2.89,1.51,-0.003,0.001,0.001,0,0,0,0.003,-0.001,-0.001,0,0,0,1000,1000,1000,1000
2026-10-07T07:27:00.800Z,1791358020800,50109,2287,42578,2,ARMED,40162,50109,50107,false,,false,true,0.08,2.89,1.51,-0.001,0.002,0.002,0,0,0,0.001,-0.002,-0.002,0,0,0,1000,1000,1000,1000
2026-10-07T07:27:00.820Z,1791358020820,50129,2288,42578,2,ARMED,40180,50129,50128,false,,false,true,0.09,2.88,1.51,-0.001,0.001,0.002,0,0,0,0.001,-0.001,-0.002,0,0,0,1000,1000,1000,1000
2026-10-07T07:27:00.842Z,1791358020842,50149,2289,42578,2,ARMED,40197,50149,50147,false,,false,true,0.09,2.88,1.51,-0.003,0.003,0.002,0,0,0,0.003,-0.003,-0.002,0,0,0,1000,1000,1000,1000
2026-10-07T07:27:00.864Z,1791358020864,50169,2290,42578,2,ARMED,40216,50169,50168,false,,false,true,0.09,2.88,1.51,-0.001,0,-0.001,0,0,0,0.001,0,0.001,0,0,0,1000,1000,1000,1000
2026-10-07T07:27:00.892Z,1791358020892,50189,2291,42578,2,ARMED,40233,50189,50188,false,,false,true,0.09,2.88,1.51,-0.002,0.002,-0.001,0,0,0,0.002,-0.002,0.001,0,0,0,1000,1000,1000,1000
2026-10-07T07:27:00.900Z,1791358020900,50209,2292,42578,2,ARMED,40251,50209,50208,false,,false,true,0.09,2.89,1.51,-0.001,0.004,-0.003,0,0,0,0.001,-0.004,0.003,0,0,0,1000,1000,1000,1000
2026-10-07T07:27:00.921Z,1791358020921,50229,2293,42578,2,ARMED,40269,50229,50228,false,,false,true,0.09,2.88,1.51,0.001,-0.001,-0.002,0,0,0,-0.001,0.001,0.002,0,0,0,1000,1000,1000,1000
2026-10-07T07:27:00.940Z,1791358020940,50249,2294,42578,2,ARMED,40286,50249,50247,false,,false,true,0.09,2.88,1.51,0,0.002,0.002,0,0,0,0,-0.002,-0.002,0,0,0,1000,1000,1000,1000
2026-10-07T07:27:00.965Z,1791358020965,50269,2295,42578,2,ARMED,40305,50269,50268,false,,false,true,0.09,2.88,1.51,0,-0.002,0.001,0,0,0,0,0.002,-0.001,0,0,0,1000,1000,1000,1000
2026-10-07T07:27:00.979Z,1791358020979,50289,2296,42578,2,ARMED,40322,50289,50288,false,,false,true,0.09,2.88,1.51,-0.004,0.002,-0.001,0,0,0,0.004,-0.002,0.001,0,0,0,1000,1000,1000,1000
2026-10-07T07:27:01.000Z,1791358021000,50309,2297,42578,2,ARMED,40340,50309,50308,false,,false,true,0.09,2.88,1.5,0.001,0.002,0.001,0,0,0,-0.001,-0.002,-0.001,0,0,0,1000,1000,1000,1000
2026-10-07T07:27:01.020Z,1791358021020,50329,2298,42578,2,ARMED,40358,50329,50328,false,,false,true,0.08,2.88,1.51,0.001,0.003,0,0,0,0,-0.001,-0.003,0,0,0,0,1000,1000,1000,1000
2026-10-07T07:27:01.040Z,1791358021040,50351,2299,42578,2,ARMED,40377,50351,50350,false,,false,true,0.08,2.88,1.51,-0.001,-0.003,0.001,0,0,0,0.001,0.003,-0.001,0,0,0,1000,1000,1000,1000
2026-10-07T07:27:01.065Z,1791358021065,50370,2300,42578,2,ARMED,40396,50370,50370,false,,false,true,0.08,2.88,1.5,-0.002,0.001,-0.001,0,0,0,0.002,-0.001,0.001,0,0,0,1000,1000,1000,1000
2026-10-07T07:27:01.081Z,1791358021081,50390,2301,42578,2,ARMED,40413,50390,50390,false,,false,true,0.08,2.88,1.51,0,0.001,0.001,0,0,0,0,-0.001,-0.001,0,0,0,1000,1000,1000,1000
2026-10-07T07:27:01.104Z,1791358021104,50410,2302,42578,2,ARMED,40431,50410,50410,false,,false,true,0.07,2.88,1.51,0,-0.001,-0.001,0,0,0,0,0.001,0.001,0,0,0,1000,1000,1000,1000
2026-10-07T07:27:01.120Z,1791358021120,50430,2303,42578,2,ARMED,40449,50430,50430,false,,false,true,0.07,2.88,1.51,-0.001,0.002,0.001,0,0,0,0.001,-0.002,-0.001,0,0,0,1000,1000,1000,1000
2026-10-07T07:27:01.144Z,1791358021144,50451,2304,42578,2,ARMED,40467,50451,50450,false,,false,true,0.07,2.88,1.51,-0.001,0.002,0,0,0,0,0.001,-0.002,0,0,0,0,1000,1000,1000,1000
2026-10-07T07:27:01.165Z,1791358021165,50470,2305,42578,2,ARMED,40486,50470,50470,false,,false,true,0.07,2.87,1.51,0.001,-0.001,-0.001,0,0,0,-0.001,0.001,0.001,0,0,0,1000,1000,1000,1000
2026-10-07T07:27:01.180Z,1791358021180,50490,2306,42578,2,ARMED,40503,50490,50490,false,,false,true,0.07,2.87,1.51,0.001,0.002,0.001,0,0,0,-0.001,-0.002,-0.001,0,0,0,1000,1000,1000,1000
2026-10-07T07:27:01.200Z,1791358021200,50510,2307,42578,2,ARMED,40521,50510,50510,false,,false,true,0.07,2.87,1.51,-0.001,0.001,0.001,0,0,0,0.001,-0.001,-0.001,0,0,0,1000,1000,1000,1000
2026-10-07T07:27:01.220Z,1791358021220,50530,2308,42578,2,ARMED,40539,50530,50530,false,,false,true,0.07,2.87,1.5,-0.003,0.001,-0.002,0,0,0,0.003,-0.001,0.002,0,0,0,1000,1000,1000,1000
2026-10-07T07:27:01.243Z,1791358021243,50550,2309,42578,2,ARMED,40557,50550,50550,false,,false,true,0.08,2.87,1.5,0.001,-0.001,-0.002,0,0,0,-0.001,0.001,0.002,0,0,0,1000,1000,1000,1000
2026-10-07T07:27:01.268Z,1791358021268,50570,2310,42578,2,ARMED,40575,50570,50570,false,,false,true,0.08,2.87,1.5,-0.002,-0.001,-0.001,0,0,0,0.002,0.001,0.001,0,0,0,1000,1000,1000,1000
2026-10-07T07:27:01.286Z,1791358021286,50590,2311,42578,2,ARMED,40593,50590,50590,false,,false,true,0.08,2.88,1.5,-0.001,0.002,0.001,0,0,0,0.001,-0.002,-0.001,0,0,0,1000,1000,1000,1000
2026-10-07T07:27:01.300Z,1791358021300,50610,2312,42578,2,ARMED,40611,50610,50610,false,,false,true,0.08,2.88,1.51,-0.001,0.001,0,0,0,0,0.001,-0.001,0,0,0,0,1000,1000,1000,1000
2026-10-07T07:27:01.322Z,1791358021322,50630,2313,42578,2,ARMED,40629,50630,50630,false,,false,true,0.07,2.88,1.51,-0.002,-0.003,-0.002,0,0,0,0.002,0.003,0.002,0,0,0,1000,1000,1000,1000
2026-10-07T07:27:01.342Z,1791358021342,50650,2314,42578,2,ARMED,40646,50650,50650,false,,false,true,0.07,2.88,1.5,-0.001,0.001,-0.002,0,0,0,0.001,-0.001,0.002,0,0,0,1000,1000,1000,1000
2026-10-07T07:27:01.370Z,1791358021370,50670,2315,42578,2,ARMED,40665,50670,50670,false,,false,true,0.07,2.88,1.5,0.001,0.001,0.001,0,0,0,-0.001,-0.001,-0.001,0,0,0,1000,1000,1000,1000
2026-10-07T07:27:01.380Z,1791358021380,50690,2316,42578,2,ARMED,40683,50690,50690,false,,false,true,0.07,2.88,1.5,0.001,-0.002,0.001,0,0,0,-0.001,0.002,-0.001,0,0,0,1000,1000,1000,1000
2026-10-07T07:27:01.404Z,1791358021404,50710,2317,42578,2,ARMED,40701,50710,50710,false,,false,true,0.08,2.88,1.5,0.002,0.003,0.001,0,0,0,-0.002,-0.003,-0.001,0,0,0,1000,1000,1000,1000
2026-10-07T07:27:01.420Z,1791358021420,50730,2318,42578,2,ARMED,40719,50730,50730,false,,false,true,0.08,2.88,1.51,-0.001,-0.001,0.001,0,0,0,0.001,0.001,-0.001,0,0,0,1000,1000,1000,1000
2026-10-07T07:27:01.440Z,1791358021440,50751,2319,42578,2,ARMED,40737,50751,50750,false,,false,true,0.07,2.88,1.51,-0.002,-0.001,0,0,0,0,0.002,0.001,0,0,0,0,1000,1000,1000,1000
2026-10-07T07:27:01.466Z,1791358021466,50770,2320,42578,2,ARMED,40756,50770,50770,false,,false,true,0.07,2.88,1.51,-0.002,0.003,-0.001,0,0,0,0.002,-0.003,0.001,0,0,0,1000,1000,1000,1000
2026-10-07T07:27:01.481Z,1791358021481,50790,2321,42578,2,ARMED,40773,50790,50790,false,,false,true,0.07,2.88,1.5,0,0.001,-0.001,0,0,0,0,-0.001,0.001,0,0,0,1000,1000,1000,1000
2026-10-07T07:27:01.505Z,1791358021505,50810,2322,42578,2,ARMED,40791,50810,50810,false,,false,true,0.08,2.88,1.5,-0.002,0.001,0,0,0,0,0.002,-0.001,0,0,0,0,1000,1000,1000,1000
2026-10-07T07:27:01.520Z,1791358021520,50830,2323,42578,2,ARMED,40809,50830,50829,false,,false,true,0.08,2.88,1.5,-0.001,0.001,-0.002,0,0,0,0.001,-0.001,0.002,0,0,0,1000,1000,1000,1000
2026-10-07T07:27:01.540Z,1791358021540,50850,2324,42578,2,ARMED,40826,50850,50850,false,,false,true,0.08,2.88,1.5,-0.001,0,-0.001,0,0,0,0.001,0,0.001,0,0,0,1000,1000,1000,1000
2026-10-07T07:27:01.565Z,1791358021565,50870,2325,42578,2,ARMED,40845,50870,50870,false,,false,true,0.08,2.88,1.5,-0.004,-0.004,-0.002,0,0,0,0.004,0.004,0.002,0,0,0,1000,1000,1000,1000
2026-10-07T07:27:01.580Z,1791358021580,50890,2326,42578,2,ARMED,40862,50890,50890,false,,false,true,0.07,2.88,1.5,-0.001,0.004,0.001,0,0,0,0.001,-0.004,-0.001,0,0,0,1000,1000,1000,1000
2026-10-07T07:27:01.600Z,1791358021600,50910,2327,42578,2,ARMED,40880,50910,50910,false,,false,true,0.07,2.87,1.5,0.001,-0.002,0.002,0,0,0,-0.001,0.002,-0.002,0,0,0,1000,1000,1000,1000
2026-10-07T07:27:01.619Z,1791358021619,50930,2328,42578,2,ARMED,40898,50930,50930,false,,false,true,0.07,2.87,1.5,-0.002,0.002,0.001,0,0,0,0.002,-0.002,-0.001,0,0,0,1000,1000,1000,1000
2026-10-07T07:27:01.641Z,1791358021641,50950,2329,42578,2,ARMED,40915,50950,50948,false,,false,true,0.07,2.87,1.5,0.001,-0.001,0,0,0,0,-0.001,0.001,0,0,0,0,1000,1000,1000,1000
2026-10-07T07:27:01.667Z,1791358021667,50970,2330,42578,2,ARMED,40934,50970,50970,false,,false,true,0.07,2.87,1.5,0.001,0.001,0,0,0,0,-0.001,-0.001,0,0,0,0,1000,1000,1000,1000
2026-10-07T07:27:01.681Z,1791358021681,50990,2331,42578,2,ARMED,40951,50990,50990,false,,false,true,0.07,2.87,1.5,-0.001,-0.001,0.001,0,0,0,0.001,0.001,-0.001,0,0,0,1000,1000,1000,1000
2026-10-07T07:27:01.703Z,1791358021703,51010,2332,42578,2,ARMED,40969,51010,51010,false,,false,true,0.07,2.87,1.5,-0.003,0.001,0,0,0,0,0.003,-0.001,0,0,0,0,1000,1000,1000,1000
2026-10-07T07:27:01.726Z,1791358021726,51030,2333,42578,2,ARMED,40987,51030,51029,false,,false,true,0.07,2.87,1.51,-0.002,-0.002,0,0,0,0,0.002,0.002,0,0,0,0,1000,1000,1000,1000
2026-10-07T07:27:01.740Z,1791358021740,51050,2334,42578,2,ARMED,41004,51050,51048,false,,false,true,0.07,2.87,1.51,-0.003,-0.001,-0.001,0,0,0,0.003,0.001,0.001,0,0,0,1000,1000,1000,1000
2026-10-07T07:27:01.764Z,1791358021764,51070,2335,42578,2,ARMED,41023,51070,51070,false,,false,true,0.07,2.87,1.51,0.001,0.001,-0.001,0,0,0,-0.001,-0.001,0.001,0,0,0,1000,1000,1000,1000
2026-10-07T07:27:01.780Z,1791358021780,51090,2336,42578,2,ARMED,41040,51090,51090,false,,false,true,0.07,2.88,1.51,0.001,-0.001,0,0,0,0,-0.001,0.001,0,0,0,0,1000,1000,1000,1000
2026-10-07T07:27:01.800Z,1791358021800,51110,2337,42578,2,ARMED,41058,51110,51110,false,,false,true,0.07,2.88,1.51,-0.003,0.002,0,0,0,0,0.003,-0.002,0,0,0,0,1000,1000,1000,1000
2026-10-07T07:27:01.819Z,1791358021819,51130,2338,42578,2,ARMED,41076,51130,51129,false,,false,true,0.07,2.88,1.5,-0.001,0.002,0,0,0,0,0.001,-0.002,0,0,0,0,1000,1000,1000,1000
2026-10-07T07:27:01.842Z,1791358021842,51150,2339,42578,2,ARMED,41093,51150,51148,false,,false,true,0.07,2.88,1.51,-0.001,0,-0.001,0,0,0,0.001,0,0.001,0,0,0,1000,1000,1000,1000
2026-10-07T07:27:01.867Z,1791358021867,51170,2340,42578,2,ARMED,41112,51170,51170,false,,false,true,0.07,2.88,1.51,-0.001,0.003,0.001,0,0,0,0.001,-0.003,-0.001,0,0,0,1000,1000,1000,1000
2026-10-07T07:27:01.883Z,1791358021883,51190,2341,42578,2,ARMED,41130,51190,51190,false,,false,true,0.08,2.88,1.51,-0.003,0.001,-0.003,0,0,0,0.003,-0.001,0.003,0,0,0,1000,1000,1000,1000
2026-10-07T07:27:01.900Z,1791358021900,51210,2342,42578,2,ARMED,41148,51210,51210,false,,false,true,0.07,2.89,1.5,-0.001,-0.001,0,0,0,0,0.001,0.001,0,0,0,0,1000,1000,1000,1000
2026-10-07T07:27:01.919Z,1791358021919,51230,2343,42578,2,ARMED,41166,51230,51229,false,,false,true,0.07,2.88,1.5,-0.001,-0.001,-0.002,0,0,0,0.001,0.001,0.002,0,0,0,1000,1000,1000,1000
2026-10-07T07:27:01.940Z,1791358021940,51250,2344,42578,2,ARMED,41183,51250,51248,false,,false,true,0.07,2.88,1.5,-0.005,0.002,0,0,0,0,0.005,-0.002,0,0,0,0,1000,1000,1000,1000
2026-10-07T07:27:01.965Z,1791358021965,51270,2345,42578,2,ARMED,41202,51270,51270,false,,false,true,0.07,2.88,1.5,-0.001,0.001,-0.001,0,0,0,0.001,-0.001,0.001,0,0,0,1000,1000,1000,1000
2026-10-07T07:27:01.981Z,1791358021981,51290,2346,42578,2,ARMED,41219,51290,51290,false,,false,true,0.07,2.88,1.5,-0.001,0,-0.002,0,0,0,0.001,0,0.002,0,0,0,1000,1000,1000,1000
2026-10-07T07:27:02.003Z,1791358022003,51310,2347,42578,2,ARMED,41237,51310,51310,false,,false,true,0.07,2.88,1.5,-0.001,0,-0.001,0,0,0,0.001,0,0.001,0,0,0,1000,1000,1000,1000
2026-10-07T07:27:02.021Z,1791358022021,51330,2348,42578,2,ARMED,41255,51330,51330,false,,false,true,0.06,2.88,1.5,-0.001,-0.001,-0.001,0,0,0,0.001,0.001,0.001,0,0,0,1000,1000,1000,1000
2026-10-07T07:27:02.043Z,1791358022043,51350,2349,42578,2,ARMED,41272,51350,51348,false,,false,true,0.06,2.88,1.5,-0.001,-0.001,0.001,0,0,0,0.001,0.001,-0.001,0,0,0,1000,1000,1000,1000
2026-10-07T07:27:02.070Z,1791358022070,51370,2350,42578,2,ARMED,41291,51370,51370,false,,false,true,0.06,2.88,1.5,-0.003,0,-0.001,0,0,0,0.003,0,0.001,0,0,0,1000,1000,1000,1000
2026-10-07T07:27:02.080Z,1791358022080,51390,2351,42578,2,ARMED,41308,51390,51390,false,,false,true,0.06,2.88,1.5,0.003,0.002,-0.002,0,0,0,-0.003,-0.002,0.002,0,0,0,1000,1000,1000,1000
2026-10-07T07:27:02.102Z,1791358022102,51410,2352,42578,2,ARMED,41326,51410,51410,false,,false,true,0.06,2.88,1.5,-0.003,0.001,0,0,0,0,0.003,-0.001,0,0,0,0,1000,1000,1000,1000
2026-10-07T07:27:02.122Z,1791358022122,51430,2353,42578,2,ARMED,41344,51430,51430,false,,false,true,0.06,2.88,1.5,-0.002,0.001,0.002,0,0,0,0.002,-0.001,-0.002,0,0,0,1000,1000,1000,1000
2026-10-07T07:27:02.140Z,1791358022140,51450,2354,42578,2,ARMED,41361,51450,51449,false,,false,true,0.06,2.88,1.5,0.001,-0.001,-0.003,0,0,0,-0.001,0.001,0.003,0,0,0,1000,1000,1000,1000
2026-10-07T07:27:02.167Z,1791358022167,51470,2355,42578,2,ARMED,41380,51470,51470,false,,false,true,0.07,2.88,1.5,0.003,0,0.001,0,0,0,-0.003,0,-0.001,0,0,0,1000,1000,1000,1000
2026-10-07T07:27:02.180Z,1791358022180,51490,2356,42578,2,ARMED,41397,51490,51490,false,,false,true,0.07,2.89,1.5,0.002,0.002,0.001,0,0,0,-0.002,-0.002,-0.001,0,0,0,1000,1000,1000,1000
2026-10-07T07:27:02.208Z,1791358022208,51510,2357,42578,2,ARMED,41415,51510,51510,false,,false,true,0.07,2.88,1.5,0.002,-0.002,0.002,0,0,0,-0.002,0.002,-0.002,0,0,0,1000,1000,1000,1000
2026-10-07T07:27:02.224Z,1791358022224,51530,2358,42578,2,ARMED,41433,51530,51528,false,,false,true,0.07,2.88,1.5,-0.001,-0.001,0,0,0,0,0.001,0.001,0,0,0,0,1000,1000,1000,1000
2026-10-07T07:27:02.245Z,1791358022245,51550,2359,42578,2,ARMED,41450,51550,51548,false,,false,true,0.07,2.89,1.5,0.001,0,0,0,0,0,-0.001,0,0,0,0,0,1000,1000,1000,1000
2026-10-07T07:27:02.265Z,1791358022265,51570,2360,42578,2,ARMED,41469,51570,51570,false,,false,true,0.07,2.89,1.5,0,0,0.002,0,0,0,0,0,-0.002,0,0,0,1000,1000,1000,1000
2026-10-07T07:27:02.279Z,1791358022279,51590,2361,42578,2,ARMED,41486,51590,51590,false,,false,true,0.07,2.89,1.51,-0.001,-0.001,0,0,0,0,0.001,0.001,0,0,0,0,1000,1000,1000,1000
2026-10-07T07:27:02.305Z,1791358022305,51610,2362,42578,2,ARMED,41504,51610,51610,false,,false,true,0.08,2.89,1.51,-0.002,-0.001,0,0,0,0,0.002,0.001,0,0,0,0,1000,1000,1000,1000
2026-10-07T07:27:02.322Z,1791358022322,51630,2363,42578,2,ARMED,41522,51630,51629,false,,false,true,0.08,2.89,1.51,-0.001,-0.002,0,0,0,0,0.001,0.002,0,0,0,0,1000,1000,1000,1000
2026-10-07T07:27:02.342Z,1791358022342,51650,2364,42578,2,ARMED,41539,51650,51648,false,,false,true,0.08,2.88,1.51,-0.001,0.001,0.001,0,0,0,0.001,-0.001,-0.001,0,0,0,1000,1000,1000,1000
2026-10-07T07:27:02.365Z,1791358022365,51670,2365,42578,2,ARMED,41558,51670,51670,false,,false,true,0.08,2.89,1.51,-0.001,0.002,0.001,0,0,0,0.001,-0.002,-0.001,0,0,0,1000,1000,1000,1000
2026-10-07T07:27:02.381Z,1791358022381,51690,2366,42578,2,ARMED,41575,51690,51690,false,,false,true,0.08,2.89,1.51,-0.002,0.001,0.001,0,0,0,0.002,-0.001,-0.001,0,0,0,1000,1000,1000,1000
2026-10-07T07:27:02.399Z,1791358022399,51710,2367,42578,2,ARMED,41593,51710,51710,false,,false,true,0.08,2.89,1.51,0.003,0.002,0.002,0,0,0,-0.003,-0.002,-0.002,0,0,0,1000,1000,1000,1000
2026-10-07T07:27:02.420Z,1791358022420,51730,2368,42578,2,ARMED,41611,51730,51729,false,,false,true,0.08,2.88,1.51,-0.001,0.001,-0.002,0,0,0,0.001,-0.001,0.002,0,0,0,1000,1000,1000,1000
2026-10-07T07:27:02.443Z,1791358022443,51752,2369,42578,2,ARMED,41630,51752,51750,false,,false,true,0.08,2.89,1.51,-0.002,0.001,0,0,0,0,0.002,-0.001,0,0,0,0,1000,1000,1000,1000
2026-10-07T07:27:02.467Z,1791358022467,51771,2370,42578,2,ARMED,41649,51771,51770,false,,false,true,0.08,2.89,1.51,-0.001,-0.001,-0.002,0,0,0,0.001,0.001,0.002,0,0,0,1000,1000,1000,1000
2026-10-07T07:27:02.480Z,1791358022480,51791,2371,42578,2,ARMED,41666,51791,51790,false,,false,true,0.08,2.89,1.51,0.001,0.002,0.002,0,0,0,-0.001,-0.002,-0.002,0,0,0,1000,1000,1000,1000
2026-10-07T07:27:02.502Z,1791358022502,51811,2372,42578,2,ARMED,41684,51811,51810,false,,false,true,0.08,2.88,1.51,0.001,-0.001,-0.004,0,0,0,-0.001,0.001,0.004,0,0,0,1000,1000,1000,1000
2026-10-07T07:27:02.529Z,1791358022529,51831,2373,42578,2,ARMED,41702,51831,51829,false,,false,true,0.08,2.89,1.51,-0.002,0.002,0,0,0,0,0.002,-0.002,0,0,0,0,1000,1000,1000,1000
2026-10-07T07:27:02.540Z,1791358022540,51851,2374,42578,2,ARMED,41719,51851,51850,false,,false,true,0.08,2.89,1.51,0,0.002,0,0,0,0,0,-0.002,0,0,0,0,1000,1000,1000,1000
2026-10-07T07:27:02.567Z,1791358022567,51870,2375,42578,2,ARMED,41736,51870,51871,true,1,true,true,0.08,2.89,1.5,0.004,-0.001,0.001,-0.006,-0.202,0,-0.01,-0.201,-0.001,-0.65,-9.02,-0.04,1220,1238,1221,1239
2026-10-07T07:27:02.582Z,1791358022582,51891,2376,42578,2,ARMED,41754,51891,51892,true,1,true,true,0.08,2.89,1.5,-0.001,0.002,0,-0.005,-0.202,0,-0.004,-0.20400000000000001,0,-0.19,-9.42,0,1220,1239,1220,1239
2026-10-07T07:27:02.600Z,1791358022600,51910,2377,42578,2,ARMED,41771,51910,51911,true,1,true,true,0.07,2.89,1.5,-0.001,0.001,-0.001,-0.005,-0.202,0,-0.004,-0.203,0.001,-0.24,-9.23,0.04,1220,1239,1221,1239
2026-10-07T07:27:02.620Z,1791358022620,51931,2378,42578,2,ARMED,41790,51931,51932,true,1,true,true,0.08,2.89,1.5,0.001,0.003,-0.001,-0.006,-0.202,0,-0.007,-0.20500000000000002,0.001,-0.37,-9.68,0.02,1220,1239,1220,1240
2026-10-07T07:27:02.639Z,1791358022639,51951,2379,42578,2,ARMED,41807,51951,51952,true,1,true,true,0.08,2.89,1.5,-0.001,0.001,-0.001,-0.006,-0.202,0,-0.005,-0.203,0.001,-0.21,-9.51,0.02,1220,1239,1220,1239
2026-10-07T07:27:02.666Z,1791358022666,51970,2380,42578,2,ARMED,41825,51970,51971,true,1,true,true,0.08,2.89,1.5,-0.001,0.005,0,-0.006,-0.202,0,-0.005,-0.20700000000000002,0,-0.21,-10.1,0,1219,1240,1220,1240
2026-10-07T07:27:02.680Z,1791358022680,51991,2381,42578,2,ARMED,41843,51991,51992,true,1,true,true,0.08,2.89,1.5,0.002,0.005,0.004,-0.005,-0.202,0,-0.007,-0.20700000000000002,-0.004,-0.6,-10.2,-0.15,1219,1239,1220,1241
2026-10-07T07:27:02.701Z,1791358022701,52011,2382,42578,2,ARMED,41861,52011,52012,true,1,true,true,0.08,2.89,1.5,-0.004,0.012,-0.007,-0.005,-0.202,0,-0.001,-0.21400000000000002,0.007,0.17,-11.14,0.24,1218,1241,1219,1240
2026-10-07T07:27:02.720Z,1791358022720,52031,2383,42578,2,ARMED,41879,52031,52032,true,1,true,true,0.08,2.87,1.5,-0.005,0.008,0.01,-0.005,-0.2,0,0,-0.20800000000000002,-0.01,0.42,-11.33,-0.33,1219,1241,1218,1241
2026-10-07T07:27:02.742Z,1791358022742,52050,2384,42578,2,ARMED,41895,52050,52051,true,1,true,true,0.08,2.89,1.51,0.001,-0.032,-0.011,-0.006,-0.202,0,-0.007,-0.17,0.011,-0.29,-7.12,0.37,1222,1237,1223,1237
2026-10-07T07:27:02.767Z,1791358022767,52070,2385,42578,2,ARMED,41914,52070,52071,true,1,true,true,0.07,2.9,1.49,-0.007,-0.034,-0.01,-0.005,-0.202,0,0.002,-0.168,0.01,0.53,-6.69,0.36,1223,1237,1223,1235
2026-10-07T07:27:02.781Z,1791358022781,52091,2386,42578,2,ARMED,41932,52091,52092,true,1,true,true,0.08,2.9,1.5,0.007,-0.018,0.007,-0.006,-0.202,0,-0.013000000000000001,-0.18400000000000002,-0.007,-0.85,-8.08,-0.24,1221,1237,1222,1239
2026-10-07T07:27:02.804Z,1791358022804,52110,2387,42578,2,ARMED,41949,52110,52111,true,1,true,true,0.08,2.89,1.5,-0.009,-0.008,-0.011,-0.006,-0.202,0,0.002999999999999999,-0.194,0.011,0.76,-9.3,0.37,1221,1240,1220,1238
2026-10-07T07:27:02.821Z,1791358022821,52131,2388,42578,2,ARMED,41968,52131,52132,true,1,true,true,0.06,2.9,1.5,0.016,-0.01,0.021,-0.004,-0.202,0,-0.02,-0.192,-0.021,-2.15,-8.64,-0.72,1220,1235,1222,1241
2026-10-07T07:27:02.844Z,1791358022844,52150,2389,42578,2,ARMED,41984,52150,52151,true,1,true,true,0.06,2.9,1.51,0.003,-0.007,-0.01,-0.004,-0.202,0,-0.007,-0.195,0.01,-0.6,-9.03,0.33,1220,1238,1222,1239
2026-10-07T07:27:02.865Z,1791358022865,52170,2390,42578,2,ARMED,42003,52170,52171,true,1,true,true,0.06,2.88,1.5,0.001,-0.009,0.009,-0.004,-0.201,0,-0.005,-0.192,-0.009,-0.42,-9.43,-0.32,1220,1238,1220,1240
2026-10-07T07:27:02.879Z,1791358022879,52191,2391,42578,2,ARMED,42021,52191,52192,true,1,true,true,0.07,2.89,1.5,-0.004,-0.008,-0.002,-0.005,-0.202,0,-0.001,-0.194,0.002,0.16,-9.38,0.08,1220,1239,1220,1239
2026-10-07T07:27:02.900Z,1791358022900,52211,2392,42578,2,ARMED,42039,52211,52212,true,1,true,true,0.06,2.88,1.5,0.002,0.009,0.007,-0.004,-0.201,0,-0.006,-0.21000000000000002,-0.007,-0.39,-11.88,-0.26,1218,1241,1218,1242
2026-10-07T07:27:02.924Z,1791358022924,52231,2393,42578,2,ARMED,42057,52231,52232,true,1,true,true,0.08,2.9,1.5,-0.001,-0.007,-0.002,-0.005,-0.202,0,-0.004,-0.195,0.002,-0.2,-9.33,0.08,1220,1239,1221,1239
2026-10-07T07:27:02.940Z,1791358022940,52250,2394,42578,2,ARMED,42073,52250,52251,true,1,true,true,0.06,2.89,1.5,-0.012,0.005,-0.009,-0.004,-0.202,0,0.008,-0.20700000000000002,0.009,0.87,-11.01,0.3,1219,1242,1218,1239
2026-10-07T07:27:02.969Z,1791358022969,52270,2395,42578,2,ARMED,42092,52270,52271,true,1,true,true,0.06,2.89,1.5,0.004,0.003,0.002,-0.004,-0.202,0,-0.008,-0.20500000000000002,-0.002,-0.78,-10.73,-0.06,1218,1240,1220,1241
2026-10-07T07:27:02.980Z,1791358022980,52291,2396,42578,2,ARMED,42110,52291,52292,true,1,true,true,0.05,2.88,1.5,0.004,-0.003,-0.001,-0.004,-0.201,0,-0.008,-0.198,0.001,-1.01,-10.68,0.04,1218,1239,1220,1241
2026-10-07T07:27:03.000Z,1791358023000,52310,2397,42578,2,ARMED,42127,52310,52311,true,1,true,true,0.07,2.89,1.51,0.002,0.005,0.012,-0.005,-0.202,0,-0.007,-0.20700000000000002,-0.012,-0.42,-11.48,-0.43,1218,1240,1218,1242
2026-10-07T07:27:03.022Z,1791358023022,52331,2398,42578,2,ARMED,42146,52331,52332,true,1,true,true,0.06,2.91,1.5,-0.009,-0.001,-0.018,-0.004,-0.203,0,0.004999999999999999,-0.202,0.018,0.84,-10.69,0.64,1219,1242,1219,1239
2026-10-07T07:27:03.042Z,1791358023042,52349,2399,42578,2,ARMED,42162,52349,52350,true,1,true,true,0.05,2.86,1.49,-0.008,-0.011,0.029,-0.003,-0.2,0,0.005,-0.189,-0.029,0.14,-9.97,-1,1221,1239,1218,1240
2026-10-07T07:27:03.065Z,1791358023065,52370,2400,42578,2,ARMED,42181,52370,52371,true,1,true,true,0.07,2.93,1.52,0.005,0.014,-0.035,-0.005,-0.204,0,-0.01,-0.218,0.035,-0.49,-12.26,1.21,1216,1243,1219,1241
2026-10-07T07:27:03.081Z,1791358023081,52391,2401,42578,2,ARMED,42199,52391,52392,true,1,true,true,0.09,2.83,1.46,0.015,-0.024,0.031,-0.006,-0.197,0,-0.020999999999999998,-0.17300000000000001,-0.031,-2.06,-9.87,-1.09,1219,1236,1221,1243
2026-10-07T07:27:03.100Z,1791358023100,52410,2402,42578,2,ARMED,42216,52410,52411,true,1,true,true,-0.07,2.97,1.5,-0.031,-0.069,-0.049,0.005,-0.207,0,0.036,-0.13799999999999998,0.049,2.25,-2.6,1.71,1228,1236,1226,1228
2026-10-07T07:27:03.119Z,1791358023119,52431,2403,42578,2,ARMED,42235,52431,52432,true,1,true,true,0.18,2.88,1.47,-0.078,0.118,0.027,-0.012,-0.201,0,0.066,-0.319,-0.027,9.32,-21.03,-0.94,1219,1259,1198,1242
2026-10-07T07:27:03.142Z,1791358023142,52451,2404,42578,2,ARMED,42253,52451,52452,true,1,true,true,0.05,2.8,1.49,0.036,-0.004,-0.055,-0.003,-0.196,0,-0.039,-0.192,0.055,-4.25,-15.75,1.94,1208,1243,1220,1248
2026-10-07T07:27:03.165Z,1791358023165,52470,2405,42578,2,ARMED,42271,52470,52471,true,1,true,true,-0.05,3.06,1.48,-0.009,-0.161,-0.01,0.004,-0.213,0,0.013,-0.05199999999999999,0.01,-0.37,7.52,0.36,1236,1222,1238,1222
2026-10-07T07:27:03.184Z,1791358023184,52491,2406,42578,2,ARMED,42289,52491,52492,true,1,true,true,0.13,2.93,1.49,-0.071,0.165,0.012,-0.009,-0.204,0,0.06199999999999999,-0.369,-0.012,6.96,-23.02,-0.41,1214,1259,1199,1246
2026-10-07T07:27:03.203Z,1791358023203,52510,2407,42578,2,ARMED,42306,52510,52511,true,1,true,true,0.12,2.74,1.49,0.002,0.102,0.01,-0.008,-0.191,0,-0.01,-0.293,-0.01,0.07,-28.19,-0.35,1202,1258,1201,1258
2026-10-07T07:27:03.223Z,1791358023223,52531,2408,42578,2,ARMED,42325,52531,52532,true,1,true,true,0.14,2.84,1.5,0.093,-0.163,0.059,-0.01,-0.198,0,-0.103,-0.035,-0.059,-9.57,0.88,-2.05,1223,1217,1238,1240
2026-10-07T07:27:03.243Z,1791358023243,52550,2409,42578,2,ARMED,42341,52550,52551,true,1,true,true,0.08,2.94,1.49,0.001,-0.152,-0.021,-0.006,-0.205,0,-0.007,-0.05299999999999999,0.021,-1.14,7.61,0.73,1235,1222,1239,1222
2026-10-07T07:27:03.265Z,1791358023265,52570,2410,42578,2,ARMED,42360,52570,52571,true,1,true,true,0.06,2.83,1.51,-0.02,0.029,-0.065,-0.005,-0.197,0,0.015,-0.226,0.065,0.91,-10.77,2.27,1217,1244,1220,1237
2026-10-07T07:27:03.281Z,1791358023281,52591,2411,42578,2,ARMED,42378,52591,52592,true,1,true,true,0.1,2.83,1.54,-0.006,0.064,0.024,-0.007,-0.197,0,-0.001,-0.261,-0.024,-0.81,-16.18,-0.84,1213,1244,1213,1247
2026-10-07T07:27:03.301Z,1791358023301,52611,2412,42578,2,ARMED,42396,52611,52612,true,1,true,true,0.2,2.75,1.52,-0.089,0.201,0.051,-0.014,-0.192,0,0.075,-0.393,-0.051,9.82,-32.05,-1.77,1209,1270,1186,1254
2026-10-07T07:27:03.320Z,1791358023320,52631,2413,42578,2,ARMED,42414,52631,52632,true,1,true,true,0.18,2.64,1.52,0.062,0.078,-0.029,-0.012,-0.184,0,-0.074,-0.262,0.029,-5.39,-25.08,1.02,1198,1250,1211,1259
2026-10-07T07:27:03.341Z,1791358023341,52650,2414,42578,2,ARMED,42430,52650,52651,true,1,true,true,0.07,2.85,1.56,0.089,-0.282,-0.061,-0.005,-0.199,0,-0.094,0.08299999999999996,0.061,-9.12,14.85,2.13,1233,1208,1256,1222
2026-10-07T07:27:03.367Z,1791358023367,52670,2415,42578,2,ARMED,42449,52670,52671,true,1,true,true,0.04,2.99,1.58,0.005,-0.126,0.101,-0.003,-0.209,0,-0.008,-0.08299999999999999,-0.101,-3.81,9.17,-3.55,1239,1213,1239,1228
2026-10-07T07:27:03.382Z,1791358023382,52691,2416,42578,2,ARMED,42467,52691,52692,true,1,true,true,0.16,2.88,1.54,-0.117,0.241,0.154,-0.011,-0.201,0,0.10600000000000001,-0.442,-0.154,10.34,-29.97,-5.39,1215,1265,1184,1255
2026-10-07T07:27:03.402Z,1791358023402,52710,2417,42578,2,ARMED,42484,52710,52711,true,1,true,true,0.14,2.69,1.52,0.051,0.204,-0.038,-0.01,-0.188,0,-0.061,-0.392,0.038,-3.53,-40.52,1.32,1184,1268,1194,1272
2026-10-07T07:27:03.420Z,1791358023420,52731,2418,42578,2,ARMED,42503,52731,52732,true,1,true,true,0,2.76,1.55,0.075,-0.051,-0.157,0,-0.193,0,-0.075,-0.14200000000000002,0.157,-7.51,-15.36,5.49,1201,1243,1227,1247
2026-10-07T07:27:03.439Z,1791358023439,52749,2419,42578,2,ARMED,42519,52749,52750,true,1,true,true,-0.06,2.94,1.58,0.032,-0.219,0.073,0.004,-0.205,0,-0.028,0.014000000000000012,-0.073,-6.25,13.94,-2.56,1240,1207,1247,1224
2026-10-07T07:27:03.466Z,1791358023466,52770,2420,42578,2,ARMED,42538,52770,52771,true,1,true,true,0.07,2.89,1.58,-0.094,0.039,0.092,-0.005,-0.201,0,0.089,-0.24000000000000002,-0.092,7.74,-9.82,-3.21,1231,1244,1209,1235
2026-10-07T07:27:03.480Z,1791358023480,52791,2421,42578,2,ARMED,42556,52791,52792,true,1,true,true,0.14,2.73,1.58,-0.052,0.196,-0.038,-0.01,-0.19,0,0.041999999999999996,-0.386,0.038,6.11,-30.13,1.31,1204,1267,1195,1252
2026-10-07T07:27:03.499Z,1791358023499,52811,2422,42578,2,ARMED,42574,52811,52812,true,1,true,true,0.18,2.6,1.6,0.022,0.131,-0.007,-0.013,-0.182,0,-0.034999999999999996,-0.313,0.007,-1.4,-30.89,0.25,1197,1259,1200,1262
2026-10-07T07:27:03.520Z,1791358023520,52831,2423,42578,2,ARMED,42592,52831,52832,true,1,true,true,0.14,2.68,1.6,-0.015,-0.11,0.065,-0.01,-0.187,0,0.004999999999999999,-0.077,-0.065,1.26,-4.41,-2.31,1229,1233,1222,1235
2026-10-07T07:27:03.540Z,1791358023540,52850,2424,42578,2,ARMED,42608,52850,52851,true,1,true,true,0.09,2.75,1.58,0.006,-0.061,0.005,-0.006,-0.192,0,-0.012,-0.131,-0.005,-1.89,-3.75,-0.2,1224,1231,1228,1235
2026-10-07T07:27:03.572Z,1791358023572,52870,2425,42578,2,ARMED,42627,52870,52871,true,1,true,true,0.13,2.69,1.59,0.005,0.014,-0.092,-0.009,-0.188,0,-0.013999999999999999,-0.202,0.092,-1.25,-13.05,3.21,1212,1245,1221,1241
2026-10-07T07:27:03.584Z,1791358023584,52891,2426,42578,2,ARMED,42645,52891,52892,true,1,true,true,0.16,2.74,1.63,0.022,-0.072,-0.049,-0.011,-0.191,0,-0.033,-0.11900000000000001,0.049,-3.35,-5.08,1.69,1219,1233,1230,1236
2026-10-07T07:27:03.600Z,1791358023600,52910,2427,42578,2,ARMED,42662,52910,52911,true,1,true,true,0.2,2.78,1.65,-0.045,0.055,0.139,-0.014,-0.194,0,0.031,-0.249,-0.139,3.71,-14.52,-4.9,1224,1243,1206,1245
2026-10-07T07:27:03.622Z,1791358023622,52931,2428,42578,2,ARMED,42680,52931,52932,true,1,true,true,0.26,2.7,1.64,-0.019,0.19,0.065,-0.018,-0.188,0,0.0010000000000000009,-0.378,-0.065,2.49,-32.15,-2.29,1208,1268,1198,1267
2026-10-07T07:27:03.642Z,1791358023642,52950,2429,42578,2,ARMED,42696,52950,52951,true,1,true,true,0.13,2.73,1.64,0.073,-0.054,-0.117,-0.009,-0.191,0,-0.08199999999999999,-0.137,0.117,-7.36,-13.04,4.08,1211,1245,1234,1252
2026-10-07T07:27:03.664Z,1791358023664,52970,2430,42578,2,ARMED,42715,52970,52971,true,1,true,true,-0.01,2.96,1.7,0.111,-0.258,-0.031,0.001,-0.207,0,-0.11,0.05100000000000002,0.031,-14.75,14.24,1.05,1234,1207,1265,1235
2026-10-07T07:27:03.679Z,1791358023679,52991,2431,42578,2,ARMED,42733,52991,52992,true,1,true,true,-0.04,2.99,1.69,-0.05,-0.058,0.157,0.003,-0.209,0,0.053000000000000005,-0.151,-0.157,1.44,-0.13,-5.53,1242,1231,1228,1240
2026-10-07T07:27:03.702Z,1791358023702,53010,2432,42578,2,ARMED,42750,53010,53011,true,1,true,true,0.14,2.85,1.66,-0.171,0.256,0.01,-0.009,-0.199,0,0.162,-0.455,-0.01,19.59,-39.64,-0.38,1216,1294,1176,1256
2026-10-07T07:27:03.725Z,1791358023725,53031,2433,42578,2,ARMED,42769,53031,53032,true,1,true,true,0.14,2.8,1.66,0.001,0.121,-0.056,-0.01,-0.196,0,-0.011,-0.317,0.056,2.87,-31.99,1.93,1204,1272,1202,1263
2026-10-07T07:27:03.745Z,1791358023745,53050,2434,42578,2,ARMED,42785,53050,53051,true,1,true,true,0.02,2.91,1.69,0.106,-0.225,-0.062,-0.002,-0.203,0,-0.108,0.021999999999999992,0.062,-10.56,5.9,2.13,1229,1221,1254,1238
2026-10-07T07:27:03.767Z,1791358023767,53070,2435,42578,2,ARMED,42804,53070,53071,true,1,true,true,-0.02,2.97,1.68,0.071,-0.218,0.077,0.002,-0.207,0,-0.06899999999999999,0.01100000000000001,-0.077,-10.79,14.53,-2.73,1242,1207,1258,1234
2026-10-07T07:27:03.780Z,1791358023780,53091,2436,42578,2,ARMED,42822,53091,53092,true,1,true,true,0.03,2.87,1.68,-0.07,0.035,0.046,-0.002,-0.2,0,0.068,-0.23500000000000001,-0.046,5.2,-11.48,-1.63,1231,1250,1217,1243
2026-10-07T07:27:03.804Z,1791358023804,53110,2437,42578,2,ARMED,42839,53110,53111,true,1,true,true,0.13,2.73,1.7,-0.04,0.184,-0.064,-0.009,-0.191,0,0.031,-0.375,0.064,4.69,-32.25,2.2,1206,1275,1201,1261
2026-10-07T07:27:03.821Z,1791358023821,53131,2438,42578,2,ARMED,42858,53131,53132,true,1,true,true,0.11,2.71,1.74,0.009,0.129,-0.011,-0.008,-0.189,0,-0.017,-0.318,0.011,-1.73,-29.37,0.33,1204,1263,1208,1266
2026-10-07T07:27:03.842Z,1791358023842,53150,2439,42578,2,ARMED,42874,53150,53151,true,1,true,true,0.11,2.73,1.74,-0.019,0.005,0.096,-0.008,-0.191,0,0.011,-0.196,-0.096,1.83,-16.59,-3.39,1224,1250,1214,1254
2026-10-07T07:27:03.866Z,1791358023866,53170,2440,42578,2,ARMED,42893,53170,53171,true,1,true,true,0.16,2.75,1.74,-0.001,-0.028,0.044,-0.011,-0.192,0,-0.009999999999999998,-0.164,-0.044,0.92,-12.95,-1.57,1225,1248,1220,1249
2026-10-07T07:27:03.884Z,1791358023884,53191,2441,42578,2,ARMED,42911,53191,53192,true,1,true,true,0.09,2.77,1.74,0.093,-0.142,-0.072,-0.006,-0.193,0,-0.099,-0.05100000000000002,0.072,-9.07,-2.55,2.48,1221,1231,1244,1245
2026-10-07T07:27:03.900Z,1791358023900,53210,2442,42578,2,ARMED,42928,53210,53211,true,1,true,true,-0.01,2.93,1.79,0.1,-0.201,-0.021,0.001,-0.204,0,-0.099,-0.002999999999999975,0.021,-12.94,9.31,0.68,1231,1214,1258,1238
2026-10-07T07:27:03.919Z,1791358023919,53231,2443,42578,2,ARMED,42947,53231,53232,true,1,true,true,0.04,2.9,1.79,-0.065,0.003,0.138,-0.003,-0.203,0,0.062,-0.20600000000000002,-0.138,3.42,-7.16,-4.87,1237,1241,1220,1244
2026-10-07T07:27:03.939Z,1791358023939,53250,2444,42578,2,ARMED,42963,53250,53251,true,1,true,true,0.16,2.76,1.74,-0.087,0.332,0.085,-0.011,-0.193,0,0.076,-0.525,-0.085,8.76,-46.57,-3,1201,1288,1177,1276
2026-10-07T07:27:03.968Z,1791358023968,53270,2445,42578,2,ARMED,42982,53270,53271,true,1,true,true,0.15,2.71,1.74,0.031,0.155,-0.102,-0.01,-0.189,0,-0.041,-0.344,0.102,-1.28,-37.77,3.52,1193,1275,1202,1271
2026-10-07T07:27:03.985Z,1791358023985,53291,2446,42578,2,ARMED,43000,53291,53292,true,1,true,true,0.01,2.75,1.78,0.086,-0.098,-0.16,-0.001,-0.192,0,-0.087,-0.094,0.16,-8.24,-10.84,5.56,1211,1244,1238,1249
2026-10-07T07:27:04.000Z,1791358024000,53310,2447,42578,2,ARMED,43017,53310,53311,true,1,true,true,-0.08,2.9,1.8,0.068,-0.243,0.048,0.006,-0.202,0,-0.062000000000000006,0.04099999999999998,-0.048,-9.67,12.36,-1.73,1240,1212,1256,1234
2026-10-07T07:27:04.019Z,1791358024019,53331,2448,42578,2,ARMED,43036,53331,53332,true,1,true,true,-0.04,2.86,1.78,-0.061,-0.122,0.102,0.003,-0.2,0,0.064,-0.07800000000000001,-0.102,3.81,3.16,-3.62,1246,1232,1231,1232
2026-10-07T07:27:04.039Z,1791358024039,53350,2449,42578,2,ARMED,43052,53350,53351,true,1,true,true,0.1,2.74,1.79,-0.095,0.166,-0.032,-0.007,-0.191,0,0.088,-0.357,0.032,10.7,-29.38,1.09,1216,1277,1196,1253
2026-10-07T07:27:04.067Z,1791358024067,53370,2450,42578,2,ARMED,43071,53370,53371,true,1,true,true,0.13,2.67,1.83,0.027,0.127,-0.006,-0.009,-0.186,0,-0.036,-0.313,0.006,-2.41,-31.5,0.17,1201,1265,1206,1269
2026-10-07T07:27:04.081Z,1791358024081,53391,2451,42578,2,ARMED,43089,53391,53392,true,1,true,true,0.09,2.73,1.84,0.009,-0.055,0.096,-0.006,-0.19,0,-0.015,-0.135,-0.096,-1.33,-11.65,-3.43,1226,1242,1222,1252
2026-10-07T07:27:04.100Z,1791358024100,53410,2452,42578,2,ARMED,43106,53410,53411,true,1,true,true,0.11,2.74,1.83,-0.018,0.005,0.054,-0.008,-0.191,0,0.009999999999999998,-0.196,-0.054,1.78,-15.07,-1.93,1224,1250,1217,1251
2026-10-07T07:27:04.122Z,1791358024122,53431,2453,42578,2,ARMED,43124,53431,53432,true,1,true,true,0.14,2.69,1.84,0.018,0.01,-0.048,-0.01,-0.188,0,-0.027999999999999997,-0.198,0.048,-2.44,-17,1.62,1220,1257,1228,1259
2026-10-07T07:27:04.139Z,1791358024139,53449,2454,42578,2,ARMED,43140,53449,53450,true,1,true,true,0.07,2.79,1.88,0.023,-0.12,-0.034,-0.005,-0.195,0,-0.028,-0.07500000000000001,0.034,-4.08,-2.57,1.13,1233,1241,1244,1247
2026-10-07T07:27:04.165Z,1791358024165,53471,2455,42578,2,ARMED,43159,53471,53472,true,1,true,true,0.03,2.89,1.91,-0.045,-0.106,0.002,-0.002,-0.201,0,0.043,-0.09500000000000001,-0.002,2.25,0.24,-0.14,1250,1249,1245,1245
2026-10-07T07:27:04.182Z,1791358024182,53490,2456,42578,2,ARMED,43175,53490,53491,true,1,true,true,0.19,2.78,1.89,-0.136,0.192,0.085,-0.013,-0.194,0,0.12300000000000001,-0.386,-0.085,14.77,-32.43,-3.04,1238,1297,1202,1273
2026-10-07T07:27:04.201Z,1791358024201,53510,2457,42578,2,ARMED,43193,53510,53511,true,1,true,true,0.22,2.72,1.86,0.002,0.135,0.013,-0.016,-0.19,0,-0.018000000000000002,-0.325,-0.013,2.69,-33.43,-0.52,1222,1288,1216,1284
2026-10-07T07:27:04.220Z,1791358024220,53531,2458,42578,2,ARMED,43211,53531,53532,true,1,true,true,0.13,2.76,1.88,0.084,-0.032,-0.158,-0.009,-0.192,0,-0.093,-0.16,0.158,-7.01,-17.59,5.45,1228,1274,1253,1278
2026-10-07T07:27:04.239Z,1791358024239,53550,2459,42578,2,ARMED,43227,53550,53551,true,1,true,true,-0.02,2.85,1.92,0.129,-0.215,0.014,0.001,-0.199,0,-0.128,0.015999999999999986,-0.014,-15.07,7.36,-0.57,1257,1241,1286,1272
2026-10-07T07:27:04.267Z,1791358024267,53570,2460,42578,2,ARMED,43245,53570,53571,true,1,true,true,-0.06,2.92,1.9,0.031,-0.103,0.071,0.004,-0.204,0,-0.027,-0.10099999999999999,-0.071,-7.09,0.38,-2.54,1260,1254,1269,1273
2026-10-07T07:27:04.279Z,1791358024279,53591,2461,42578,2,ARMED,43262,53591,53592,true,1,true,true,0.01,2.87,1.89,-0.047,0.063,0.067,-0.001,-0.2,0,0.046,-0.263,-0.067,2.5,-17.79,-2.39,1257,1288,1247,1288
2026-10-07T07:27:04.299Z,1791358024299,53610,2462,42578,2,ARMED,43278,53610,53611,true,1,true,true,0.05,2.76,1.9,-0.08,0.104,-0.061,-0.003,-0.193,0,0.077,-0.297,0.061,7.22,-26.44,2.06,1254,1311,1244,1293
2026-10-07T07:27:04.320Z,1791358024320,53630,2463,42578,2,ARMED,43296,53630,53631,true,1,true,true,0.08,2.78,1.95,-0.016,0.014,-0.048,-0.006,-0.194,0,0.01,-0.20800000000000002,0.048,0.73,-17.74,1.62,1257,1296,1259,1291
2026-10-07T07:27:04.339Z,1791358024339,53651,2464,42578,2,ARMED,43314,53651,53652,true,1,true,true,0.05,2.85,2,-0.069,0.047,-0.039,-0.003,-0.199,0,0.066,-0.246,0.039,6.16,-18.49,1.28,1268,1307,1258,1293
2026-10-07T07:27:04.365Z,1791358024365,53670,2465,42578,2,ARMED,43331,53670,53671,true,1,true,true,0.1,2.8,2.02,-0.087,0.141,0.097,-0.007,-0.196,0,0.07999999999999999,-0.33699999999999997,-0.097,7.92,-29.79,-3.49,1269,1321,1246,1313
2026-10-07T07:27:04.379Z,1791358024379,53691,2466,42578,2,ARMED,43349,53691,53692,true,1,true,true,0.13,2.79,2.01,-0.153,0.183,0.122,-0.009,-0.195,0,0.144,-0.378,-0.122,15.57,-33.47,-4.35,1274,1332,1234,1309
2026-10-07T07:27:04.400Z,1791358024400,53710,2467,42578,2,ARMED,43365,53710,53711,true,1,true,true,0.21,2.74,1.98,-0.063,0.227,0.013,-0.014,-0.191,0,0.049,-0.41800000000000004,-0.013,8.49,-42.16,-0.54,1260,1343,1242,1327
2026-10-07T07:27:04.420Z,1791358024420,53732,2468,42578,2,ARMED,43384,53732,53732,true,0,true,true,0.23,2.78,1.95,-0.091,0.25,-0.004,-0.016,-0.194,0,0.075,-0.444,0.004,12.07,-44.84,0.06,1266,1356,1242,1331
2026-10-07T07:27:04.442Z,1791358024442,53752,2469,42578,2,ARMED,43402,53752,53752,true,0,true,true,0.22,2.75,1.91,0.026,0.193,-0.072,-0.015,-0.192,0,-0.040999999999999995,-0.385,0.072,0.46,-39.52,2.47,1257,1341,1261,1335
2026-10-07T07:27:04.472Z,1791358024472,53771,2470,42578,2,ARMED,43420,53771,53772,true,1,true,true,0.16,2.74,1.91,0.067,0.123,-0.121,-0.011,-0.191,0,-0.078,-0.314,0.121,-4.99,-33.89,4.18,1261,1338,1280,1339
2026-10-07T07:27:04.480Z,1791358024480,53791,2471,42578,2,ARMED,43438,53791,53792,true,1,true,true,0.12,2.76,1.91,0.049,0.122,-0.157,-0.009,-0.193,0,-0.058,-0.315,0.157,-3.74,-33.1,5.43,1262,1339,1281,1336
2026-10-07T07:27:04.500Z,1791358024500,53810,2472,42578,2,ARMED,43455,53810,53811,true,1,true,true,0.06,2.76,1.93,0.114,0.069,-0.087,-0.004,-0.192,0,-0.11800000000000001,-0.261,0.087,-10.6,-28.25,2.98,1268,1331,1296,1346
2026-10-07T07:27:04.521Z,1791358024521,53830,2473,42578,2,ARMED,43473,53830,53831,true,1,true,true,-0.04,2.72,1.96,0.169,0.055,-0.01,0.003,-0.19,0,-0.166,-0.245,0.01,-17.52,-24.68,0.28,1274,1323,1309,1358
2026-10-07T07:27:04.539Z,1791358024539,53850,2474,42578,2,ARMED,43489,53850,53851,true,1,true,true,-0.08,2.7,2,0.142,0.074,0.08,0.005,-0.189,0,-0.13699999999999998,-0.263,-0.08,-14.98,-27.36,-2.88,1282,1331,1307,1367
2026-10-07T07:27:04.570Z,1791358024570,53870,2475,42578,2,ARMED,43508,53870,53871,true,1,true,true,-0.07,2.7,2.03,0.006,0.084,0.084,0.005,-0.189,0,-0.001,-0.273,-0.084,-1.2,-27.14,-3.01,1296,1345,1293,1353
2026-10-07T07:27:04.586Z,1791358024586,53891,2476,42578,2,ARMED,43525,53891,53892,true,1,true,true,-0.04,2.75,2.07,-0.037,0.091,0.121,0.003,-0.192,0,0.04,-0.28300000000000003,-0.121,3.35,-24.51,-4.32,1311,1351,1295,1353
2026-10-07T07:27:04.599Z,1791358024599,53910,2477,42578,2,ARMED,43541,53910,53911,true,1,true,true,0.04,2.75,2.11,-0.139,0.165,0.123,-0.003,-0.192,0,0.136,-0.357,-0.123,15.58,-31.36,-4.42,1322,1376,1282,1354
2026-10-07T07:27:04.621Z,1791358024621,53930,2478,42578,2,ARMED,43559,53930,53931,true,1,true,true,0.04,2.76,2.16,-0.158,0.104,0.164,-0.003,-0.193,0,0.155,-0.297,-0.164,17.42,-24.2,-5.87,1332,1369,1286,1346
2026-10-07T07:27:04.642Z,1791358024642,53951,2479,42578,2,ARMED,43578,53951,53952,true,1,true,true,-0.01,2.78,2.21,-0.211,-0.076,0.158,0.001,-0.194,0,0.212,-0.11800000000000001,-0.158,22.03,-3.93,-5.65,1363,1359,1307,1327
2026-10-07T07:27:04.665Z,1791358024665,53970,2480,42578,2,ARMED,43594,53970,53971,true,1,true,true,-0.03,2.84,2.26,-0.173,-0.117,0.231,0.002,-0.198,0,0.175,-0.081,-0.231,18.44,0.34,-8.23,1372,1355,1319,1334
2026-10-07T07:27:04.683Z,1791358024683,53991,2481,42578,2,ARMED,43612,53991,53992,true,1,true,true,-0.19,2.86,2.32,-0.242,-0.273,0.171,0.013,-0.2,0,0.255,0.07300000000000001,-0.171,23.9,15.59,-6.14,1390,1347,1330,1311
2026-10-07T07:27:04.702Z,1791358024702,54010,2482,42578,2,ARMED,43628,54010,54011,true,1,true,true,-0.23,2.78,2.3,-0.138,-0.208,0.134,0.016,-0.194,0,0.15400000000000003,0.013999999999999985,-0.134,11.29,6.82,-4.81,1374,1350,1341,1337
2026-10-07T07:27:04.719Z,1791358024719,54031,2483,42578,2,ARMED,43646,54031,54032,true,1,true,true,-0.23,2.72,2.33,0.078,-0.204,0.142,0.016,-0.19,0,-0.062,0.013999999999999985,-0.142,-13.14,5.02,-5.1,1353,1333,1369,1370
2026-10-07T07:27:04.738Z,1791358024738,54052,2484,42578,2,ARMED,43664,54052,54052,true,0,true,true,-0.22,2.68,2.39,0.113,-0.037,0.14,0.015,-0.187,0,-0.098,-0.15,-0.14,-13.79,-13.22,-5.07,1334,1351,1352,1388
2026-10-07T07:27:04.768Z,1791358024768,54071,2485,42578,2,ARMED,43682,54071,54072,true,1,true,true,-0.19,2.68,2.42,0.379,-0.068,0.08,0.013,-0.187,0,-0.366,-0.119,-0.08,-39.64,-14.74,-2.95,1311,1334,1384,1419
2026-10-07T07:27:04.779Z,1791358024779,54092,2486,42578,2,ARMED,43700,54092,54092,true,0,true,true,-0.22,2.7,2.58,0.267,0.144,0.219,0.016,-0.189,0,-0.251,-0.33299999999999996,-0.219,-29.06,-32.84,-7.86,1314,1364,1356,1438
2026-10-07T07:27:04.800Z,1791358024800,54111,2487,42578,2,ARMED,43718,54111,54112,true,1,true,true,-0.18,2.67,2.52,-0.102,0.213,-0.113,0.012,-0.187,0,0.11399999999999999,-0.4,0.113,17.57,-40.22,3.77,1341,1429,1314,1387
2026-10-07T07:27:04.821Z,1791358024821,54131,2488,42578,2,ARMED,43735,54131,54132,true,1,true,true,-0.25,2.72,2.58,-0.255,0.013,0.061,0.018,-0.19,0,0.273,-0.203,-0.061,25.82,-13.93,-2.31,1388,1411,1332,1364
2026-10-07T07:27:04.839Z,1791358024839,54150,2489,42578,2,ARMED,43751,54150,54151,true,1,true,true,-0.24,2.68,2.75,-0.18,-0.31,-0.034,0.017,-0.187,0,0.197,0.123,0.034,15.79,15.04,0.98,1409,1381,1380,1348
2026-10-07T07:27:04.865Z,1791358024865,54170,2490,42578,2,ARMED,43770,54170,54171,true,1,true,true,-0.19,2.62,2.87,0.319,-0.194,0.014,0.013,-0.183,0,-0.306,0.01100000000000001,-0.014,-40.82,-0.21,-0.72,1339,1338,1419,1421
2026-10-07T07:27:04.880Z,1791358024880,54191,2491,42578,2,ARMED,43787,54191,54192,true,1,true,true,-0.11,2.68,3.04,0.247,0.144,0.085,0.007,-0.187,0,-0.24,-0.33099999999999996,-0.085,-26.53,-35.74,-3.23,1326,1391,1373,1451
2026-10-07T07:27:04.902Z,1791358024902,54210,2492,42578,2,ARMED,43804,54210,54211,true,1,true,true,-0.11,2.8,2.94,-0.11,0.291,0.054,0.008,-0.195,0,0.118,-0.486,-0.054,17.91,-48.51,-2.15,1357,1449,1317,1418
2026-10-07T07:27:04.922Z,1791358024922,54231,2493,42578,2,ARMED,43823,54231,54232,true,1,true,true,-0.23,2.98,3.04,-0.363,-0.366,0.276,0.016,-0.208,0,0.379,0.158,-0.276,35.16,15.77,-9.91,1452,1400,1362,1350
2026-10-07T07:27:04.941Z,1791358024941,54250,2494,42578,2,ARMED,43839,54250,54251,true,1,true,true,-0.24,2.99,3.16,-0.176,-0.14,0.024,0.017,-0.209,0,0.193,-0.06899999999999998,-0.024,12.08,0.82,-1.14,1411,1407,1384,1385
2026-10-07T07:27:04.971Z,1791358024971,54270,2495,42578,2,ARMED,43857,54270,54271,true,1,true,true,-0.28,2.88,3.11,-0.158,-0.533,0.166,0.02,-0.201,0,0.178,0.332,-0.166,5.93,29.72,-6.09,1438,1367,1414,1367
2026-10-07T07:27:04.979Z,1791358024979,54291,2496,42578,2,ARMED,43876,54291,54292,true,1,true,true,-0.31,3.01,3.11,0.151,0.383,0.089,0.022,-0.21,0,-0.129,-0.593,-0.089,-22.6,-56.4,-3.41,1327,1433,1365,1485
2026-10-07T07:27:05.003Z,1791358025003,54311,2497,42578,2,ARMED,43893,54311,54312,true,1,true,true,-0.29,3.08,2.93,0.507,-0.046,-0.198,0.02,-0.215,0,-0.487,-0.16899999999999998,0.198,-59.86,-11.81,6.7,1330,1367,1463,1473
2026-10-07T07:27:05.021Z,1791358025021,54331,2498,42578,2,ARMED,43911,54331,54332,true,1,true,true,-0.21,3.09,3.22,-0.349,0.114,0.006,0.015,-0.216,0,0.364,-0.33,-0.006,46.98,-22.72,-0.5,1433,1477,1338,1384
2026-10-07T07:27:05.043Z,1791358025043,54350,2499,42578,2,ARMED,43926,54350,54351,true,1,true,true,-0.31,3.09,3.14,-0.329,-0.434,-0.018,0.021,-0.216,0,0.35000000000000003,0.218,0.018,38.49,23.96,0.33,1476,1429,1400,1351
2026-10-07T07:27:05.068Z,1791358025068,54370,2500,42578,2,ARMED,43944,54370,54371,true,1,true,true,-0.31,3.17,3.12,-0.246,0.266,0.088,0.022,-0.221,0,0.268,-0.487,-0.088,21.35,-49.61,-3.35,1395,1487,1345,1451
2026-10-07T07:27:05.086Z,1791358025086,54392,2501,42578,2,ARMED,43962,54392,54392,true,0,true,true,-0.24,3.23,3.27,0.322,0.759,0.223,0.017,-0.226,0,-0.305,-0.985,-0.223,-34.66,-97.09,-8.11,1302,1480,1355,1565
2026-10-07T07:27:05.106Z,1791358025106,54410,2502,42578,2,ARMED,43979,54410,54411,true,1,true,true,-0.29,3.16,3.18,-0.34,-0.344,-0.281,0.02,-0.221,0,0.36000000000000004,0.12299999999999997,0.281,35.83,13.99,9.56,1466,1457,1413,1366
2026-10-07T07:27:05.134Z,1791358025134,54431,2503,42578,2,ARMED,43998,54431,54432,true,1,true,true,-0.15,3.14,3.2,0.233,-0.059,-0.053,0.01,-0.219,0,-0.223,-0.16,0.053,-22.03,-16.19,1.57,1391,1427,1439,1468
2026-10-07T07:27:05.142Z,1791358025142,54450,2504,42578,2,ARMED,44014,54450,54451,true,1,true,true,0,2.99,3.05,0.946,-0.056,0.046,0,-0.209,0,-0.946,-0.153,-0.046,-102.31,-21.79,-1.87,1309,1349,1510,1557
2026-10-07T07:27:05.168Z,1791358025168,54471,2505,42578,2,ARMED,44034,54471,54472,true,1,true,true,-0.12,3.23,2.77,0.123,-0.086,0.179,0.008,-0.225,0,-0.11499999999999999,-0.139,-0.179,-20.38,-11.25,-6.48,1412,1421,1440,1475
2026-10-07T07:27:05.178Z,1791358025178,54491,2506,42578,2,ARMED,44052,54491,54492,true,1,true,true,-0.08,3.88,2.77,-0.21,0.552,-0.522,0.006,-0.271,0,0.216,-0.8230000000000001,0.522,17.57,-49.9,18.05,1387,1523,1388,1451
2026-10-07T07:27:05.201Z,1791358025201,54510,2507,42578,2,ARMED,44069,54510,54511,true,1,true,true,-0.02,3.53,2.89,0.397,-0.816,0.239,0.002,-0.247,0,-0.395,0.569,-0.239,-53.29,44.26,-8.62,1437,1331,1526,1455
2026-10-07T07:27:05.220Z,1791358025220,54531,2508,42578,2,ARMED,44088,54531,54532,true,1,true,true,-0.01,3.53,2.4,0.155,1.05,-0.211,0.001,-0.247,0,-0.154,-1.2970000000000002,0.211,-10.16,-108.86,7.24,1311,1543,1346,1549
2026-10-07T07:27:05.239Z,1791358025239,54549,2509,42578,2,ARMED,44104,54549,54550,true,1,true,true,-0.2,3.27,2.7,0.627,-0.265,-0.214,0.014,-0.228,0,-0.613,0.037000000000000005,0.214,-74.73,-4.26,7.3,1351,1374,1515,1509
2026-10-07T07:27:05.267Z,1791358025267,54570,2510,42578,2,ARMED,44123,54570,54571,true,1,true,true,-0.13,3.07,2.36,-0.558,0.247,-0.038,0.009,-0.214,0,0.5670000000000001,-0.46099999999999997,0.038,48.38,-50.36,1.2,1434,1537,1339,1438
2026-10-07T07:27:05.278Z,1791358025278,54591,2511,42578,2,ARMED,44141,54591,54592,true,1,true,true,0.15,3.19,2.19,0.048,0.278,-0.375,-0.01,-0.223,0,-0.058,-0.501,0.375,-9.04,-50.45,13.02,1365,1491,1409,1483
2026-10-07T07:27:05.299Z,1791358025299,54610,2512,42578,2,ARMED,44158,54610,54611,true,1,true,true,0.01,3.65,2.2,0.03,0.825,0.149,-0.001,-0.254,0,-0.031,-1.079,-0.149,-13.39,-80.55,-5.33,1348,1499,1365,1536
2026-10-07T07:27:05.321Z,1791358025321,54631,2513,42578,2,ARMED,44177,54631,54632,true,1,true,true,-0.04,3.1,1.96,0.002,-0.421,0.22,0.003,-0.217,0,0.001,0.204,-0.22,-6.77,-2.42,-7.78,1436,1425,1434,1454
2026-10-07T07:27:05.340Z,1791358025340,54651,2514,42578,2,ARMED,44194,54651,54652,true,1,true,true,-0.06,3.12,1.96,0.171,0.085,0.048,0.005,-0.218,0,-0.166,-0.303,-0.048,-39.5,-32,-1.75,1367,1428,1443,1510
2026-10-07T07:27:05.366Z,1791358025366,54670,2515,42578,2,ARMED,44212,54670,54671,true,1,true,true,0.11,3.47,1.6,0.332,0.553,-0.788,-0.007,-0.242,0,-0.339,-0.795,0.788,-16.45,-55.64,27.57,1337,1504,1425,1482
2026-10-07T07:27:05.381Z,1791358025381,54691,2516,42578,2,ARMED,44230,54691,54692,true,1,true,true,0.09,3.48,1.52,0.286,-0.239,-0.22,-0.007,-0.243,0,-0.293,-0.0040000000000000036,0.22,-36.32,-4.65,7.7,1388,1413,1476,1470
2026-10-07T07:27:05.401Z,1791358025401,54710,2517,42578,2,ARMED,44247,54710,54711,true,1,true,true,-0.04,3.32,1.07,-0.035,0.355,-0.263,0.002,-0.232,0,0.037000000000000005,-0.587,0.263,-0.41,-46.46,9.28,1381,1492,1400,1475
2026-10-07T07:27:05.419Z,1791358025419,54731,2518,42578,2,ARMED,44266,54731,54732,true,1,true,true,0.36,3.09,0.81,-0.883,0.905,0.192,-0.025,-0.216,0,0.858,-1.121,-0.192,113.81,-113.67,-6.59,1444,1658,1203,1443
2026-10-07T07:27:05.444Z,1791358025444,54749,2519,42578,2,ARMED,44282,54749,54750,true,1,true,true,0.32,2.99,0.49,-0.365,-0.891,0.524,-0.023,-0.209,0,0.34199999999999997,0.682,-0.524,47.05,56.77,-18.16,1559,1409,1429,1351
2026-10-07T07:27:05.471Z,1791358025471,54770,2520,42578,2,ARMED,44301,54770,54771,true,1,true,true,0.34,2.64,0.36,-0.203,0.548,-0.504,-0.024,-0.184,0,0.17900000000000002,-0.732,0.504,20.43,-82.87,17.86,1357,1558,1352,1482
2026-10-07T07:27:05.478Z,1791358025478,54791,2521,42578,2,ARMED,44319,54791,54792,true,1,true,true,0.84,2.9,0.07,-0.656,0.216,-0.146,-0.059,-0.202,0,0.597,-0.41800000000000004,0.146,79.78,-41.14,5.38,1470,1563,1321,1393
2026-10-07T07:27:05.503Z,1791358025503,54810,2522,42578,2,ARMED,44336,54810,54811,true,1,true,true,0.74,2.87,-0.26,0.126,-0.332,-0.374,-0.052,-0.2,0,-0.178,0.132,0.374,-19.15,20.22,13.41,1425,1411,1490,1423
2026-10-07T07:27:05.522Z,1791358025522,54830,2523,42578,2,ARMED,44354,54830,54831,true,1,true,true,0.75,2.97,-0.37,-0.643,0.259,-0.573,-0.052,-0.207,0,0.591,-0.46599999999999997,0.573,46.21,-47.51,20.4,1415,1551,1364,1418
2026-10-07T07:27:05.546Z,1791358025546,54850,2524,42578,2,ARMED,44371,54850,54851,true,1,true,true,0.84,2.43,-0.83,0.831,-0.367,-0.008,-0.059,-0.17,0,-0.8899999999999999,0.19699999999999998,0.008,-86,-18.87,0.7,1331,1371,1505,1541
2026-10-07T07:27:05.565Z,1791358025565,54870,2525,42578,2,ARMED,44390,54870,54871,true,1,true,true,0.54,2.64,-0.98,0.592,0.148,-0.343,-0.037,-0.185,0,-0.629,-0.33299999999999996,0.343,-97.53,-28.6,12.46,1298,1381,1518,1551
2026-10-07T07:27:05.581Z,1791358025581,54891,2526,42578,2,ARMED,44408,54891,54892,true,1,true,true,0.78,3.18,-1.8,-0.331,-0.448,-0.549,-0.055,-0.222,0,0.276,0.226,0.549,17.49,37.7,19.79,1472,1437,1477,1362
2026-10-07T07:27:05.601Z,1791358025601,54910,2527,42578,2,ARMED,44425,54910,54911,true,1,true,true,0.83,3.36,-1.79,-0.071,0.148,-0.544,-0.058,-0.234,0,0.01299999999999999,-0.382,0.544,-1.14,-47.61,19.62,1369,1503,1410,1466
2026-10-07T07:27:05.623Z,1791358025623,54930,2528,42578,2,ARMED,44443,54930,54931,true,1,true,true,0.91,3.6,-2.13,0.235,-0.823,-1.12,-0.063,-0.251,0,-0.298,0.572,1.12,-18.88,54.85,39.83,1433,1403,1551,1361
2026-10-07T07:27:05.638Z,1791358025638,54951,2529,42578,2,ARMED,44461,54951,54952,true,1,true,true,0.88,3.15,-2.59,0.241,0.542,0.148,-0.061,-0.22,0,-0.302,-0.762,-0.148,-31.45,-82.46,-4.47,1328,1484,1382,1555
2026-10-07T07:27:05.671Z,1791358025671,54970,2530,42578,2,ARMED,44479,54970,54971,true,1,true,true,0.88,3.87,-3,0.325,0.11,-0.327,-0.062,-0.27,0,-0.387,-0.38,0.327,-38.01,-18.44,12.23,1368,1430,1469,1481
2026-10-07T07:27:05.679Z,1791358025679,54991,2531,42578,2,ARMED,44497,54991,54992,true,1,true,true,0.98,3.37,-3.14,-0.884,-0.082,-0.451,-0.068,-0.235,0,0.8160000000000001,-0.15299999999999997,0.451,95.59,-19.88,16.62,1496,1569,1338,1345
2026-10-07T07:27:05.701Z,1791358025701,55010,2532,42578,2,ARMED,44514,55010,55011,true,1,true,true,0.74,3.51,-3.64,-0.513,-0.516,-0.309,-0.051,-0.245,0,0.462,0.271,0.309,46.57,36.69,11.73,1509,1459,1439,1342
2026-10-07T07:27:05.725Z,1791358025725,55031,2533,42578,2,ARMED,44533,55031,55032,true,1,true,true,0.79,3.38,-3.86,-0.002,0.623,-0.314,-0.055,-0.236,0,-0.053,-0.859,0.314,3.72,-94.72,11.94,1334,1547,1351,1516
2026-10-07T07:27:05.742Z,1791358025742,55052,2534,42578,2,ARMED,44551,55052,55052,true,0,true,true,0.61,3.65,-4.34,0.783,-0.411,-0.495,-0.043,-0.255,0,-0.8260000000000001,0.15599999999999997,0.495,-107.66,13.76,18.37,1325,1334,1577,1513
2026-10-07T07:27:05.767Z,1791358025767,55071,2535,42578,2,ARMED,44570,55071,55072,true,1,true,true,0.58,3.49,-4.66,0.134,0.07,-0.263,-0.041,-0.243,0,-0.17500000000000002,-0.313,0.263,-21.42,-22.55,10.29,1383,1448,1446,1471
2026-10-07T07:27:05.778Z,1791358025778,55091,2536,42578,2,ARMED,44588,55091,55092,true,1,true,true,0.69,3.83,-4.85,0.098,-0.081,-0.556,-0.048,-0.267,0,-0.14600000000000002,-0.186,0.556,-16.07,-9.58,20.57,1391,1451,1464,1442
2026-10-07T07:27:05.799Z,1791358025799,55111,2537,42578,2,ARMED,44606,55111,55112,true,1,true,true,0.57,3.9,-5.22,-0.312,0.029,-0.111,-0.04,-0.272,0,0.272,-0.30100000000000005,0.111,35.91,-22.2,5.08,1446,1500,1384,1418
2026-10-07T07:27:05.822Z,1791358025822,55130,2538,42578,2,ARMED,44623,55130,55131,true,1,true,true,0.33,3.97,-5.72,-1.125,-0.067,-0.651,-0.023,-0.277,0,1.102,-0.21000000000000002,0.651,122.38,-18.57,24.07,1517,1602,1320,1309
2026-10-07T07:27:05.841Z,1791358025841,55151,2539,42578,2,ARMED,44641,55151,55152,true,1,true,true,0.14,3.66,-5.86,0.036,0.238,-0.072,-0.01,-0.256,0,-0.046,-0.494,0.072,-36.8,-64.35,3.83,1332,1468,1413,1534
2026-10-07T07:27:05.864Z,1791358025864,55170,2540,42578,2,ARMED,44659,55170,55171,true,1,true,true,0.1,3.87,-6.57,0.129,0.623,-0.44,-0.007,-0.27,0,-0.136,-0.893,0.44,-23.14,-86.21,16.83,1311,1517,1391,1530
2026-10-07T07:27:05.883Z,1791358025883,55191,2541,42578,2,ARMED,44677,55191,55192,true,1,true,true,0.02,3.88,-6.63,0.832,-0.667,-0.99,-0.002,-0.271,0,-0.834,0.396,0.99,-87.49,36.3,36.08,1350,1349,1597,1452
2026-10-07T07:27:05.900Z,1791358025900,55211,2542,42578,2,ARMED,44695,55211,55212,true,1,true,true,0.13,3.97,-7.2,-0.499,-0.262,-0.177,-0.009,-0.277,0,0.49,-0.015000000000000013,0.177,35.93,9.06,7.72,1474,1472,1418,1384
2026-10-07T07:27:05.922Z,1791358025922,55230,2543,42578,2,ARMED,44712,55230,55231,true,1,true,true,0.37,3.99,-7.28,-0.163,0.297,-0.086,-0.026,-0.278,0,0.137,-0.575,0.086,6.66,-61.7,4.55,1377,1510,1373,1488
2026-10-07T07:27:05.942Z,1791358025942,55251,2544,42578,2,ARMED,44730,55251,55252,true,1,true,true,0.52,4,-7.85,0.566,0.002,-0.169,-0.036,-0.279,0,-0.602,-0.281,0.169,-52.69,-41.03,7.56,1336,1433,1456,1523
2026-10-07T07:27:05.965Z,1791358025965,55270,2545,42578,2,ARMED,44748,55270,55271,true,1,true,true,0.26,4.39,-8.38,0.785,-0.039,-1.101,-0.018,-0.307,0,-0.803,-0.268,1.101,-81.21,-9.95,40.28,1306,1406,1549,1488
2026-10-07T07:27:05.981Z,1791358025981,55291,2546,42578,2,ARMED,44766,55291,55292,true,1,true,true,0.32,4.16,-8.76,0.137,0.515,-0.411,-0.022,-0.291,0,-0.159,-0.806,0.411,-7.42,-84.59,16.19,1329,1530,1376,1513
2026-10-07T07:27:06.003Z,1791358026003,55311,2547,42578,2,ARMED,44784,55311,55312,true,1,true,true,0.16,4.28,-9.05,-0.308,-0.268,-1.291,-0.011,-0.299,0,0.297,-0.030999999999999972,1.291,27.94,-3.44,47.04,1414,1515,1453,1365
2026-10-07T07:27:06.025Z,1791358026025,55330,2548,42578,2,ARMED,44802,55330,55331,true,1,true,true,0.18,3.7,-9.57,0.004,0.093,-0.341,-0.012,-0.258,0,-0.016,-0.351,0.341,-9.38,-54.33,13.89,1359,1496,1406,1487
2026-10-07T07:27:06.040Z,1791358026040,55351,2549,42578,2,ARMED,44820,55351,55352,true,1,true,true,-0.1,3.88,-9.98,-0.621,-0.037,-0.185,0.007,-0.271,0,0.628,-0.234,0.185,45.17,-23.78,8.49,1450,1514,1377,1407
2026-10-07T07:27:06.066Z,1791358026066,55370,2550,42578,2,ARMED,44838,55370,55371,true,1,true,true,0.54,3.86,-10.17,-0.259,0.426,-0.524,-0.038,-0.269,0,0.221,-0.6950000000000001,0.524,52.42,-74.34,20.4,1395,1584,1331,1439
2026-10-07T07:27:06.080Z,1791358026080,55391,2551,42578,2,ARMED,44856,55391,55392,true,1,true,true,0.42,3.98,-10.55,-1.108,-0.661,-0.323,-0.029,-0.278,0,1.0790000000000002,0.383,0.323,128.15,52.37,13.43,1604,1526,1375,1243
2026-10-07T07:27:06.099Z,1791358026099,55410,2552,42578,2,ARMED,44873,55410,55411,true,1,true,true,0.46,3.8,-11.1,-1.358,0.085,-0.504,-0.032,-0.266,0,1.326,-0.35100000000000003,0.504,139.26,-40.19,19.88,1516,1636,1277,1318
2026-10-07T07:27:06.119Z,1791358026119,55431,2553,42578,2,ARMED,44892,55431,55431,true,0,true,true,0.33,4.03,-11.72,0.94,-0.503,-0.125,-0.023,-0.281,0,-0.963,0.22199999999999998,0.125,-82.95,42.77,6.7,1390,1318,1569,1470
2026-10-07T07:27:06.142Z,1791358026142,55451,2554,42578,2,ARMED,44909,55451,55452,true,1,true,true,0.5,4.17,-12.06,0.122,-0.059,0.45,-0.035,-0.291,0,-0.157,-0.23199999999999998,-0.45,-4.76,-10.29,-13.35,1435,1429,1418,1465
2026-10-07T07:27:06.165Z,1791358026165,55470,2555,42578,2,ARMED,44927,55470,55471,true,1,true,true,0.89,3.34,-12.75,-0.043,-0.491,-0.727,-0.062,-0.233,0,-0.019000000000000003,0.258,0.727,16.49,-1.79,27.94,1424,1483,1447,1394
2026-10-07T07:27:06.179Z,1791358026179,55491,2556,42578,2,ARMED,44945,55491,55492,true,1,true,true,1.13,3.5,-13.26,0.834,-0.329,-0.637,-0.079,-0.244,0,-0.9129999999999999,0.08500000000000002,0.637,-74.99,25.95,24.9,1363,1361,1563,1461
2026-10-07T07:27:06.201Z,1791358026201,55510,2557,42578,2,ARMED,44962,55510,55511,true,1,true,true,1.37,3.03,-13.57,-0.158,0.159,0.092,-0.096,-0.211,0,0.062,-0.37,-0.092,20.26,-57.76,-0.56,1400,1514,1358,1475
2026-10-07T07:27:06.222Z,1791358026222,55531,2558,42578,2,ARMED,44981,55531,55532,true,1,true,true,1.27,3.1,-13.77,-0.077,0.434,-0.27,-0.088,-0.216,0,-0.010999999999999996,-0.65,0.27,3.48,-70.39,12.14,1358,1523,1375,1492
2026-10-07T07:27:06.239Z,1791358026239,55551,2559,42578,2,ARMED,44998,55551,55552,true,1,true,true,1.18,3.32,-14.09,0.252,0.228,-0.267,-0.083,-0.232,0,-0.335,-0.46,0.267,-42.94,-49.04,12.07,1333,1455,1443,1517
2026-10-07T07:27:06.268Z,1791358026268,55570,2560,42578,2,ARMED,45016,55570,55571,true,1,true,true,1.11,3.4,-14.47,-0.517,0.257,-0.441,-0.077,-0.237,0,0.44,-0.494,0.441,49.21,-33.23,18.25,1435,1538,1373,1403
2026-10-07T07:27:06.280Z,1791358026280,55591,2561,42578,2,ARMED,45034,55591,55592,true,1,true,true,1.01,3.14,-14.85,0.775,-0.175,-0.264,-0.07,-0.219,0,-0.845,-0.04400000000000001,0.264,-96.9,-24.35,12.13,1304,1377,1522,1546
2026-10-07T07:27:06.302Z,1791358026302,55610,2562,42578,2,ARMED,45051,55610,55611,true,1,true,true,0.77,3.35,-15.21,0.281,1.108,-0.506,-0.053,-0.234,0,-0.334,-1.342,0.506,-54.35,-122.35,20.65,1240,1526,1390,1593
2026-10-07T07:27:06.320Z,1791358026320,55632,2563,42578,2,ARMED,45070,55632,55632,true,0,true,true,0.46,3.38,-15.35,0.565,-0.527,-0.812,-0.032,-0.236,0,-0.597,0.29100000000000004,0.812,-77.62,16.45,31.38,1350,1380,1568,1473
2026-10-07T07:27:06.344Z,1791358026344,55651,2564,42578,2,ARMED,45087,55651,55652,true,1,true,true,0.41,3.19,-15.77,-0.361,-0.079,-0.047,-0.029,-0.223,0,0.33199999999999996,-0.14400000000000002,0.047,30.93,-31.29,4.67,1438,1510,1385,1438
2026-10-07T07:27:06.366Z,1791358026366,55670,2565,42578,2,ARMED,45105,55670,55671,true,1,true,true,0.23,3.24,-16.03,-0.57,0.296,-0.386,-0.016,-0.226,0,0.5539999999999999,-0.522,0.386,38.8,-66.53,16.6,1398,1565,1354,1454
2026-10-07T07:27:06.378Z,1791358026378,55691,2566,42578,2,ARMED,45123,55691,55692,true,1,true,true,0.6,3.52,-16.34,0.574,0.151,-0.532,-0.042,-0.246,0,-0.616,-0.397,0.532,-59.77,-50,21.74,1311,1455,1474,1531
2026-10-07T07:27:06.400Z,1791358026400,55710,2567,42578,2,ARMED,45140,55710,55711,true,1,true,true,0.64,3.48,-16.79,0.357,0.026,-0.416,-0.044,-0.243,0,-0.40099999999999997,-0.269,0.416,-33.9,-21.27,17.76,1370,1448,1473,1480
2026-10-07T07:27:06.419Z,1791358026419,55731,2568,42578,2,ARMED,45159,55731,55732,true,1,true,true,0.59,3.58,-17.23,-0.022,-0.086,-0.348,-0.041,-0.25,0,-0.019000000000000003,-0.164,0.348,0.9,-20.71,15.47,1408,1480,1437,1447
2026-10-07T07:27:06.443Z,1791358026443,55751,2569,42578,2,ARMED,45176,55751,55752,true,1,true,true,0.43,3.88,-17.67,0.603,0.377,-0.357,-0.03,-0.271,0,-0.633,-0.648,0.357,-76.05,-59.68,15.84,1291,1442,1475,1563
2026-10-07T07:27:06.470Z,1791358026470,55770,2570,42578,2,ARMED,45194,55770,55771,true,1,true,true,0.43,3.49,-18.12,1.303,-0.242,-0.946,-0.03,-0.244,0,-1.333,-0.0020000000000000018,0.946,-132.1,-10.82,36.55,1263,1358,1601,1549
2026-10-07T07:27:06.478Z,1791358026478,55791,2571,42578,2,ARMED,45212,55791,55792,true,1,true,true,0.54,3.21,-18.3,0.14,0.14,-0.708,-0.038,-0.224,0,-0.17800000000000002,-0.364,0.708,-16.27,-30.8,28.24,1367,1486,1456,1462
2026-10-07T07:27:06.500Z,1791358026500,55811,2572,42578,2,ARMED,45230,55811,55812,true,1,true,true,0.35,3.17,-18.48,-0.516,0.063,-0.89,-0.024,-0.221,0,0.492,-0.28400000000000003,0.89,45.55,-21.63,34.65,1432,1545,1410,1384
2026-10-07T07:27:06.518Z,1791358026518,55830,2573,42578,2,ARMED,45247,55830,55831,true,1,true,true,0.13,3.1,-19.37,-0.677,-0.19,-0.122,-0.009,-0.216,0,0.668,-0.025999999999999995,0.122,68.95,1.36,7.93,1505,1518,1383,1365
2026-10-07T07:27:06.543Z,1791358026543,55849,2574,42578,2,ARMED,45264,55849,55850,true,1,true,true,0.09,3.27,-19.24,-0.611,-0.16,-0.385,-0.006,-0.228,0,0.605,-0.068,0.385,53.72,10.04,17.12,1489,1504,1416,1362
2026-10-07T07:27:06.566Z,1791358026566,55870,2575,42578,2,ARMED,45283,55870,55871,true,1,true,true,0.42,3.25,-19.65,0.114,0.284,-0.612,-0.029,-0.227,0,-0.14300000000000002,-0.511,0.612,-7.79,-65.59,25.15,1344,1526,1410,1491
2026-10-07T07:27:06.578Z,1791358026578,55891,2576,42578,2,ARMED,45301,55891,55892,true,1,true,true,0.39,3.48,-20.1,0.319,-0.538,-0.097,-0.027,-0.243,0,-0.34600000000000003,0.29500000000000004,0.097,-22.05,42.23,7.18,1456,1386,1514,1415
2026-10-07T07:27:06.600Z,1791358026600,55910,2577,42578,2,ARMED,45318,55910,55911,true,1,true,true,0.21,3.4,-20.43,-0.173,-0.057,-0.081,-0.015,-0.237,0,0.15799999999999997,-0.18,0.081,29.1,-33.89,6.68,1431,1512,1386,1441
2026-10-07T07:27:06.620Z,1791358026620,55930,2578,42578,2,ARMED,45336,55930,55931,true,1,true,true,0.07,3.61,-20.67,0.5,-0.371,-0.296,-0.005,-0.252,0,-0.505,0.119,0.296,-61.01,11.78,14.24,1379,1384,1530,1478
2026-10-07T07:27:06.639Z,1791358026639,55949,2579,42578,2,ARMED,45353,55949,55950,true,1,true,true,-0.14,3.7,-21.37,0.431,-0.786,0.685,0.01,-0.259,0,-0.421,0.527,-0.685,-64.2,46.43,-19.96,1445,1312,1533,1481
2026-10-07T07:27:06.665Z,1791358026665,55970,2580,42578,2,ARMED,45372,55970,55971,true,1,true,true,-0.35,3.6,-21.86,-0.709,0.342,-1.11,0.025,-0.251,0,0.734,-0.593,1.11,44.73,-51.76,42.94,1393,1582,1389,1407
2026-10-07T07:27:06.682Z,1791358026682,55991,2581,42578,2,ARMED,45390,55991,55992,true,1,true,true,-0.32,3.02,-21.92,-0.092,0.092,-0.603,0.022,-0.211,0,0.11399999999999999,-0.303,0.603,-7.13,-60.81,25.23,1350,1522,1414,1485
2026-10-07T07:27:06.698Z,1791358026698,56010,2582,42578,2,ARMED,45407,56010,56011,true,1,true,true,-0.13,3.2,-22.42,-0.187,-0.327,-0.351,0.009,-0.223,0,0.196,0.10400000000000001,0.351,29.64,24.99,16.48,1481,1464,1455,1372
2026-10-07T07:27:06.721Z,1791358026721,56030,2583,42578,2,ARMED,45425,56030,56031,true,1,true,true,-0.29,3.05,-22.75,-0.7,0.049,-0.121,0.02,-0.213,0,0.72,-0.262,0.121,72.17,-27.27,8.48,1479,1551,1352,1389
2026-10-07T07:27:06.741Z,1791358026741,56051,2584,42578,2,ARMED,45444,56051,56052,true,1,true,true,-0.05,3.08,-23.3,0.328,0.024,-0.362,0.003,-0.215,0,-0.325,-0.239,0.362,-30.26,-37.78,17.03,1358,1467,1452,1494
2026-10-07T07:27:06.764Z,1791358026764,56070,2585,42578,2,ARMED,45462,56070,56071,true,1,true,true,0,3.16,-23.6,0.253,0.551,-0.383,0,-0.221,0,-0.253,-0.772,0.383,-16.33,-83.23,17.81,1325,1527,1394,1525
2026-10-07T07:27:06.780Z,1791358026780,56091,2586,42578,2,ARMED,45480,56091,56092,true,1,true,true,-0.19,3.26,-24.15,0.381,0.113,-0.445,0.013,-0.227,0,-0.368,-0.34,0.445,-48.07,-44.33,20.06,1330,1459,1467,1515
2026-10-07T07:27:06.799Z,1791358026799,56110,2587,42578,2,ARMED,45497,56110,56111,true,1,true,true,-0.5,3.65,-24.81,-1.067,0.223,-0.668,0.035,-0.255,0,1.1019999999999999,-0.478,0.668,85.21,-33.67,28,1466,1590,1352,1363
2026-10-07T07:27:06.822Z,1791358026822,56130,2588,42578,2,ARMED,45515,56130,56131,true,1,true,true,-0.34,3.65,-24.98,-0.294,0.75,-1.222,0.023,-0.255,0,0.317,-1.005,1.222,21.76,-117.17,47.4,1300,1629,1351,1491
2026-10-07T07:27:06.840Z,1791358026840,56151,2589,42578,2,ARMED,45533,56151,56152,true,1,true,true,-0.42,3.41,-25.57,-0.607,-0.157,0.044,0.029,-0.238,0,0.636,-0.08099999999999999,-0.044,61.9,-20.84,3.2,1486,1534,1369,1404
2026-10-07T07:27:06.864Z,1791358026864,56170,2590,42578,2,ARMED,45549,56170,56171,true,1,true,true,-0.52,3.43,-26.02,-0.507,-0.42,-0.599,0.036,-0.239,0,0.543,0.181,0.599,47.67,17.26,25.79,1493,1511,1450,1364
2026-10-07T07:27:06.882Z,1791358026882,56191,2591,42578,2,ARMED,45567,56191,56192,true,1,true,true,0.08,3.42,-26.67,0.81,0.37,-0.261,-0.006,-0.239,0,-0.8160000000000001,-0.609,0.261,-73.34,-76.73,14.06,1290,1472,1465,1590
2026-10-07T07:27:06.898Z,1791358026898,56210,2592,42578,2,ARMED,45584,56210,56211,true,1,true,true,-0.15,3.63,-27.43,0.338,0.238,-0.52,0.011,-0.253,0,-0.327,-0.491,0.52,-35.05,-41.38,23.28,1360,1490,1477,1513
2026-10-07T07:27:06.919Z,1791358026919,56231,2593,42578,2,ARMED,45603,56231,56232,true,1,true,true,-0.23,3.63,-28,0.007,0.042,-0.324,0.016,-0.253,0,0.009000000000000001,-0.295,0.324,-0.98,-28.44,16.51,1420,1510,1455,1479
2026-10-07T07:27:06.940Z,1791358026940,56249,2594,42578,2,ARMED,45618,56249,56250,true,1,true,true,-0.2,3.71,-28.55,0.033,0.554,-0.48,0.014,-0.259,0,-0.019000000000000003,-0.8130000000000001,0.48,-9.12,-85.19,22.06,1349,1564,1412,1538
2026-10-07T07:27:06.964Z,1791358026964,56270,2595,42578,2,ARMED,45637,56270,56271,true,1,true,true,-0.13,3.59,-29.24,0.271,-0.491,-0.128,0.009,-0.251,0,-0.262,0.24,0.128,-26.8,0.4,9.85,1430,1448,1503,1482
2026-10-07T07:27:06.978Z,1791358026978,56291,2596,42578,2,ARMED,45655,56291,56292,true,1,true,true,-0.29,4.09,-30.29,-0.235,-0.255,-1.245,0.02,-0.285,0,0.255,-0.02999999999999997,1.245,26.14,11.99,49.15,1455,1529,1501,1379
2026-10-07T07:27:07.001Z,1791358027001,56310,2597,42578,2,ARMED,45672,56310,56311,true,1,true,true,-0.39,3.75,-30.57,-0.029,0.611,-0.944,0.027,-0.262,0,0.056,-0.873,0.944,-6.07,-107.3,38.67,1314,1606,1403,1541
2026-10-07T07:27:07.019Z,1791358027019,56330,2598,42578,2,ARMED,45690,56330,56331,true,1,true,true,-0.52,4.05,-31.4,0.139,0.725,0.081,0.037,-0.283,0,-0.10200000000000001,-1.008,-0.081,-21.19,-91.45,2.93,1350,1539,1399,1576
2026-10-07T07:27:07.039Z,1791358027039,56351,2599,42578,2,ARMED,45708,56351,56352,true,1,true,true,-0.83,3.8,-31.99,-0.769,0.221,-0.949,0.058,-0.265,0,0.8270000000000001,-0.486,0.949,70.21,-75.6,39.07,1421,1651,1359,1432
2026-10-07T07:27:07.065Z,1791358027065,56370,2600,42578,2,ARMED,45726,56370,56371,true,1,true,true,-0.63,3.85,-32.85,-0.306,-0.003,-0.584,0.044,-0.268,0,0.35,-0.265,0.584,41.28,-38.67,26.45,1442,1572,1412,1437
2026-10-07T07:27:07.080Z,1791358027080,56391,2601,42578,2,ARMED,45744,56391,56392,true,1,true,true,-0.92,3.94,-33.38,-0.807,0.398,-0.714,0.064,-0.275,0,0.871,-0.673,0.714,85.24,-67.47,31.08,1453,1650,1344,1417
2026-10-07T07:27:07.098Z,1791358027098,56411,2602,42578,2,ARMED,45762,56411,56412,true,1,true,true,-1.27,3.79,-34.45,-0.28,0.029,-0.709,0.088,-0.265,0,0.368,-0.29400000000000004,0.709,21.73,-40.87,31.12,1416,1560,1434,1454
2026-10-07T07:27:07.121Z,1791358027121,56430,2603,42578,2,ARMED,45779,56430,56431,true,1,true,true,-1.58,4.24,-34.94,0.117,0.22,-0.961,0.11,-0.296,0,-0.007000000000000006,-0.516,0.961,-31.92,-48.48,40.01,1345,1522,1489,1506
2026-10-07T07:27:07.142Z,1791358027142,56449,2604,42578,2,ARMED,45796,56449,56450,true,1,true,true,-1.46,4.03,-36.05,0.289,-0.467,-0.362,0.102,-0.281,0,-0.187,0.186,0.362,-22.84,6.18,19.24,1430,1456,1514,1463
2026-10-07T07:27:07.167Z,1791358027167,56470,2605,42578,2,ARMED,45815,56470,56471,true,1,true,true,-1.79,4.58,-36.89,-0.001,-0.232,-1.03,0.125,-0.32,0,0.126,-0.088,1.03,-7.87,12.84,42.76,1428,1488,1529,1418
2026-10-07T07:27:07.179Z,1791358027179,56491,2606,42578,2,ARMED,45833,56491,56492,true,1,true,true,-1.98,4.29,-37.73,-0.04,0.801,-0.658,0.138,-0.3,0,0.17800000000000002,-1.101,0.658,-2.47,-127.27,29.91,1306,1621,1371,1566
2026-10-07T07:27:07.199Z,1791358027199,56510,2607,42578,2,ARMED,45850,56510,56511,true,1,true,true,-2.11,4.47,-38.63,0.479,0.212,-0.604,0.147,-0.312,0,-0.33199999999999996,-0.524,0.604,-47.02,-47.3,28.18,1343,1494,1494,1532
2026-10-07T07:27:07.220Z,1791358027220,56531,2608,42578,2,ARMED,45869,56531,56532,true,1,true,true,-2.18,4.31,-39.45,0.121,-0.599,-0.571,0.152,-0.301,0,0.031,0.298,0.571,-8.18,23.32,27.17,1454,1461,1524,1424
2026-10-07T07:27:07.238Z,1791358027238,56551,2609,42578,2,ARMED,45886,56551,56552,true,1,true,true,-2.09,4.22,-40.4,0.291,0.508,-0.734,0.146,-0.295,0,-0.145,-0.8029999999999999,0.734,-41.7,-86.68,33.01,1304,1544,1454,1561
2026-10-07T07:27:07.268Z,1791358027268,56570,2610,42578,2,ARMED,45904,56570,56571,true,1,true,true,-2.15,4.21,-41.17,0.441,-0.23,-0.982,0.15,-0.294,0,-0.29100000000000004,-0.06399999999999997,0.982,-48.1,-20.95,41.83,1355,1481,1535,1493
2026-10-07T07:27:07.279Z,1791358027279,56591,2611,42578,2,ARMED,45922,56591,56592,true,1,true,true,-2.09,4.36,-42.12,-0.624,-0.2,-0.547,0.146,-0.304,0,0.77,-0.10399999999999998,0.547,60.45,5.12,26.78,1505,1548,1437,1373
2026-10-07T07:27:07.300Z,1791358027300,56611,2612,42578,2,ARMED,45940,56611,56612,true,1,true,true,-2.02,4.01,-43.18,0.4,0.069,-0.75,0.141,-0.28,0,-0.259,-0.34900000000000003,0.75,-30,-59.38,34.08,1342,1529,1471,1521
2026-10-07T07:27:07.320Z,1791358027320,56630,2613,42578,2,ARMED,45957,56630,56631,true,1,true,true,-2.25,4.1,-43.91,-0.02,-0.958,-1.132,0.157,-0.286,0,0.177,0.6719999999999999,1.132,-5.85,63.43,47.58,1476,1444,1583,1361
2026-10-07T07:27:07.339Z,1791358027339,56652,2614,42578,2,ARMED,45976,56652,56652,true,0,true,true,-2.63,3.68,-44.95,-0.418,-0.219,-0.345,0.184,-0.257,0,0.602,-0.038000000000000006,0.345,35.57,-9.96,20.2,1471,1532,1440,1420
2026-10-07T07:27:07.363Z,1791358027363,56671,2615,42578,2,ARMED,45995,56671,56672,true,1,true,true,-2.92,3.51,-46.1,0.221,0.438,-1.227,0.204,-0.245,0,-0.017000000000000015,-0.683,1.227,-29.65,-84.2,51.26,1301,1572,1463,1528
2026-10-07T07:27:07.379Z,1791358027379,56691,2616,42578,2,ARMED,46012,56691,56692,true,1,true,true,-3.21,3.74,-46.77,-0.34,0.502,-0.934,0.224,-0.261,0,0.5640000000000001,-0.763,0.934,47.43,-85.6,41.15,1387,1640,1374,1463
2026-10-07T07:27:07.398Z,1791358027398,56711,2617,42578,2,ARMED,46030,56711,56712,true,1,true,true,-3.5,3.69,-47.96,-0.578,-0.493,-0.814,0.244,-0.257,0,0.822,0.236,0.814,69,36.36,37.15,1534,1536,1470,1323
2026-10-07T07:27:07.423Z,1791358027423,56730,2618,42578,2,ARMED,46047,56730,56731,true,1,true,true,-3.86,3.54,-48.94,-0.08,0.214,-0.739,0.269,-0.247,0,0.34900000000000003,-0.46099999999999997,0.739,14.81,-53.83,34.7,1392,1569,1432,1470
2026-10-07T07:27:07.443Z,1791358027443,56751,2619,42578,2,ARMED,46066,56751,56752,true,1,true,true,-3.61,3.4,-49.69,0.95,-0.278,-0.856,0.252,-0.237,0,-0.698,0.041000000000000036,0.856,-89.81,-17.68,38.91,1319,1433,1577,1534
2026-10-07T07:27:07.471Z,1791358027471,56771,2620,42578,3,FAILSAFE,46084,56771,56754,false,,false,true,-3.83,3.35,-50.81,0.241,0.328,-0.811,0,0,0,-0.241,-0.328,0.811,0,0,0,1000,1000,1000,1000
2026-10-07T07:27:07.479Z,1791358027479,56791,2621,42578,3,FAILSAFE,46101,56791,56774,false,,false,true,-5.09,3.24,-51.96,-0.277,0.06,-1.485,0,0,0,0.277,-0.06,1.485,0,0,0,1000,1000,1000,1000
2026-10-07T07:27:07.500Z,1791358027500,56811,2622,42578,3,FAILSAFE,46119,56811,56799,false,,false,true,-5.29,3.35,-53.36,-0.426,0.202,-1.008,0,0,0,0.426,-0.202,1.008,0,0,0,1000,1000,1000,1000
2026-10-07T07:27:07.519Z,1791358027519,56831,2623,42578,3,FAILSAFE,46137,56831,56824,false,,false,true,-5.58,3.24,-54.72,0.477,0.11,-1.131,0,0,0,-0.477,-0.11,1.131,0,0,0,1000,1000,1000,1000
2026-10-07T07:27:07.543Z,1791358027543,56852,2624,42578,3,FAILSAFE,46155,56852,56851,false,,false,true,-4.28,4.24,-55.56,2.785,0.47,-1.067,0,0,0,-2.785,-0.47,1.067,0,0,0,1000,1000,1000,1000
2026-10-07T07:27:07.569Z,1791358027569,56871,2625,42578,3,FAILSAFE,46174,56871,56851,false,,false,true,-1.02,5.69,-56.78,2.542,1.434,0.034,0,0,0,-2.542,-1.434,-0.034,0,0,0,1000,1000,1000,1000
2026-10-07T07:27:07.578Z,1791358027578,56891,2626,42578,3,FAILSAFE,46191,56891,56875,false,,false,true,1.33,5,-58.18,0.244,-2.524,-1.148,0,0,0,-0.244,2.524,1.148,0,0,0,1000,1000,1000,1000
2026-10-07T07:27:07.598Z,1791358027598,56911,2627,42578,3,FAILSAFE,46209,56911,56899,false,,false,true,3.95,3.8,-54.94,-0.925,1.675,-0.972,0,0,0,0.925,-1.675,0.972,0,0,0,1000,1000,1000,1000
2026-10-07T07:27:07.618Z,1791358027618,56931,2628,42578,3,FAILSAFE,46227,56931,56926,false,,false,true,2.3,4.43,-54.8,-2.247,-4.554,1.184,0,0,0,2.247,4.554,-1.184,0,0,0,1000,1000,1000,1000
2026-10-07T07:27:07.640Z,1791358027640,56951,2629,42578,3,FAILSAFE,46244,56951,56949,false,,false,true,2.91,1.58,-55.52,2.21,-2.352,-0.753,0,0,0,-2.21,2.352,0.753,0,0,0,1000,1000,1000,1000
2026-10-07T07:27:07.670Z,1791358027670,56971,2630,42578,3,FAILSAFE,46263,56971,56949,false,,false,true,4.5,1.75,-56.42,-0.671,1.511,-0.374,0,0,0,0.671,-1.511,0.374,0,0,0,1000,1000,1000,1000
2026-10-07T07:27:07.682Z,1791358027682,56991,2631,42578,3,FAILSAFE,46280,56991,56975,false,,false,true,3.84,2.92,-56.7,-0.105,-0.249,-0.497,0,0,0,0.105,0.249,0.497,0,0,0,1000,1000,1000,1000
2026-10-07T07:27:07.699Z,1791358027699,57011,2632,42578,3,FAILSAFE,46298,57011,57009,false,,false,true,3.52,2.88,-57.35,0.128,0.125,-0.233,0,0,0,-0.128,-0.125,0.233,0,0,0,1000,1000,1000,1000
2026-10-07T07:27:07.718Z,1791358027718,57031,2633,42578,3,FAILSAFE,46316,57031,57028,false,,false,true,3.18,2.76,-57.51,0.009,-0.19,-0.184,0,0,0,-0.009,0.19,0.184,0,0,0,1000,1000,1000,1000
2026-10-07T07:27:07.738Z,1791358027738,57051,2634,42578,3,FAILSAFE,46333,57051,57049,false,,false,true,3.1,2.13,-57.62,0.001,0.121,-0.056,0,0,0,-0.001,-0.121,0.056,0,0,0,1000,1000,1000,1000
2026-10-07T07:27:07.767Z,1791358027767,57071,2635,42578,3,FAILSAFE,46352,57071,57049,false,,false,true,3.11,2.13,-57.64,0.046,-0.086,0.028,0,0,0,-0.046,0.086,-0.028,0,0,0,1000,1000,1000,1000
2026-10-07T07:27:07.778Z,1791358027778,57091,2636,42578,3,FAILSAFE,46369,57091,57076,false,,false,true,2.9,2.19,-57.63,0.034,0.06,0.011,0,0,0,-0.034,-0.06,-0.011,0,0,0,1000,1000,1000,1000
2026-10-07T07:27:07.798Z,1791358027798,57111,2637,42578,3,FAILSAFE,46387,57111,57100,false,,false,true,2.82,1.97,-57.65,-0.044,-0.005,-0.018,0,0,0,0.044,0.005,0.018,0,0,0,1000,1000,1000,1000
2026-10-07T07:27:07.820Z,1791358027820,57131,2638,42578,3,FAILSAFE,46405,57131,57124,false,,false,true,2.62,2.1,-57.64,0.005,-0.031,0,0,0,0,-0.005,0.031,0,0,0,0,1000,1000,1000,1000
2026-10-07T07:27:07.846Z,1791358027846,57151,2639,42578,3,FAILSAFE,46422,57151,57149,false,,false,true,2.47,2.04,-57.66,-0.009,-0.037,-0.018,0,0,0,0.009,0.037,0.018,0,0,0,1000,1000,1000,1000
2026-10-07T07:27:07.869Z,1791358027869,57171,2640,42578,3,FAILSAFE,46441,57171,57149,false,,false,true,2.35,2.05,-57.66,0.02,0.04,0.013,0,0,0,-0.02,-0.04,-0.013,0,0,0,1000,1000,1000,1000
2026-10-07T07:27:07.879Z,1791358027879,57191,2641,42578,3,FAILSAFE,46458,57191,57175,false,,false,true,2.21,2.03,-57.67,-0.009,0.005,-0.009,0,0,0,0.009,-0.005,0.009,0,0,0,1000,1000,1000,1000
2026-10-07T07:27:07.899Z,1791358027899,57211,2642,42578,3,FAILSAFE,46476,57211,57201,false,,false,true,2.1,2.01,-57.67,-0.006,-0.001,-0.003,0,0,0,0.006,0.001,0.003,0,0,0,1000,1000,1000,1000
2026-10-07T07:27:07.920Z,1791358027920,57231,2643,42578,3,FAILSAFE,46494,57231,57224,false,,false,true,1.96,2.02,-57.68,0.002,-0.005,0.001,0,0,0,-0.002,0.005,-0.001,0,0,0,1000,1000,1000,1000
2026-10-07T07:27:07.941Z,1791358027941,57251,2644,42578,3,FAILSAFE,46511,57251,57249,false,,false,true,1.87,2.01,-57.68,0.006,0.011,0.007,0,0,0,-0.006,-0.011,-0.007,0,0,0,1000,1000,1000,1000
2026-10-07T07:27:07.971Z,1791358027971,57271,2645,42578,3,FAILSAFE,46530,57271,57249,false,,false,true,1.75,1.99,-57.69,-0.007,0.008,-0.003,0,0,0,0.007,-0.008,0.003,0,0,0,1000,1000,1000,1000
2026-10-07T07:27:07.979Z,1791358027979,57291,2646,42578,3,FAILSAFE,46547,57291,57276,false,,false,true,1.64,1.99,-57.69,0.013,0.007,0.004,0,0,0,-0.013,-0.007,-0.004,0,0,0,1000,1000,1000,1000
2026-10-07T07:27:08.001Z,1791358028001,57311,2647,42578,3,FAILSAFE,46565,57311,57305,false,,false,true,1.55,1.99,-57.69,-0.003,0.001,-0.002,0,0,0,0.003,-0.001,0.002,0,0,0,1000,1000,1000,1000
2026-10-07T07:27:08.025Z,1791358028025,57331,2648,42578,3,FAILSAFE,46583,57331,57324,false,,false,true,1.45,1.99,-57.7,-0.01,0.005,-0.005,0,0,0,0.01,-0.005,0.005,0,0,0,1000,1000,1000,1000
2026-10-07T07:27:08.038Z,1791358028038,57351,2649,42578,3,FAILSAFE,46600,57351,57349,false,,false,true,1.34,1.98,-57.7,0.001,0.009,-0.002,0,0,0,-0.001,-0.009,0.002,0,0,0,1000,1000,1000,1000
2026-10-07T07:27:08.067Z,1791358028067,57371,2650,42578,3,FAILSAFE,46619,57371,57349,false,,false,true,1.25,1.96,-57.71,0.005,0.005,0.003,0,0,0,-0.005,-0.005,-0.003,0,0,0,1000,1000,1000,1000
2026-10-07T07:27:08.086Z,1791358028086,57391,2651,42578,3,FAILSAFE,46636,57391,57378,false,,false,true,1.17,1.96,-57.71,-0.001,0.004,0,0,0,0,0.001,-0.004,0,0,0,0,1000,1000,1000,1000
2026-10-07T07:27:08.104Z,1791358028104,57411,2652,42578,3,FAILSAFE,46654,57411,57399,false,,false,true,1.09,1.95,-57.71,0.004,-0.001,-0.002,0,0,0,-0.004,0.001,0.002,0,0,0,1000,1000,1000,1000
2026-10-07T07:27:08.121Z,1791358028121,57431,2653,42578,3,FAILSAFE,46672,57431,57424,false,,false,true,1.01,1.94,-57.72,-0.005,0.009,-0.002,0,0,0,0.005,-0.009,0.002,0,0,0,1000,1000,1000,1000
2026-10-07T07:27:08.140Z,1791358028140,57451,2654,42578,3,FAILSAFE,46689,57451,57449,false,,false,true,0.94,1.94,-57.72,0,-0.002,-0.001,0,0,0,0,0.002,0.001,0,0,0,1000,1000,1000,1000
2026-10-07T07:27:08.167Z,1791358028167,57471,2655,42578,3,FAILSAFE,46708,57471,57449,false,,false,true,0.86,1.94,-57.72,0.006,0.002,0.002,0,0,0,-0.006,-0.002,-0.002,0,0,0,1000,1000,1000,1000
2026-10-07T07:27:08.180Z,1791358028180,57491,2656,42578,3,FAILSAFE,46725,57491,57475,false,,false,true,0.8,1.93,-57.72,-0.004,0.005,-0.002,0,0,0,0.004,-0.005,0.002,0,0,0,1000,1000,1000,1000
2026-10-07T07:27:08.198Z,1791358028198,57511,2657,42578,3,FAILSAFE,46743,57511,57499,false,,false,true,0.72,1.93,-57.73,-0.001,-0.007,-0.001,0,0,0,0.001,0.007,0.001,0,0,0,1000,1000,1000,1000
2026-10-07T07:27:08.220Z,1791358028220,57531,2658,42578,3,FAILSAFE,46761,57531,57524,false,,false,true,0.66,1.92,-57.73,-0.001,-0.005,-0.003,0,0,0,0.001,0.005,0.003,0,0,0,1000,1000,1000,1000
2026-10-07T07:27:08.239Z,1791358028239,57551,2659,42578,3,FAILSAFE,46778,57551,57549,false,,false,true,0.59,1.91,-57.73,-0.001,0.003,0.001,0,0,0,0.001,-0.003,-0.001,0,0,0,1000,1000,1000,1000
2026-10-07T07:27:08.265Z,1791358028265,57571,2660,42578,3,FAILSAFE,46797,57571,57549,false,,false,true,0.53,1.91,-57.73,0.001,0.001,-0.003,0,0,0,-0.001,-0.001,0.003,0,0,0,1000,1000,1000,1000
2026-10-07T07:27:08.278Z,1791358028278,57591,2661,42578,3,FAILSAFE,46814,57591,57577,false,,false,true,0.47,1.91,-57.73,-0.005,0.007,0.005,0,0,0,0.005,-0.007,-0.005,0,0,0,1000,1000,1000,1000
2026-10-07T07:27:08.299Z,1791358028299,57611,2662,42578,3,FAILSAFE,46832,57611,57600,false,,false,true,0.42,1.9,-57.74,0.002,0,-0.002,0,0,0,-0.002,0,0.002,0,0,0,1000,1000,1000,1000
2026-10-07T07:27:08.318Z,1791358028318,57631,2663,42578,3,FAILSAFE,46850,57631,57624,false,,false,true,0.36,1.9,-57.74,-0.003,0.001,0.004,0,0,0,0.003,-0.001,-0.004,0,0,0,1000,1000,1000,1000
2026-10-07T07:27:08.340Z,1791358028340,57651,2664,42578,3,FAILSAFE,46867,57651,57649,false,,false,true,0.31,1.9,-57.74,0.001,0.001,-0.004,0,0,0,-0.001,-0.001,0.004,0,0,0,1000,1000,1000,1000
2026-10-07T07:27:08.364Z,1791358028364,57671,2665,42578,3,FAILSAFE,46886,57671,57649,false,,false,true,0.26,1.9,-57.74,0,0.004,0.002,0,0,0,0,-0.004,-0.002,0,0,0,1000,1000,1000,1000
2026-10-07T07:27:08.379Z,1791358028379,57691,2666,42578,3,FAILSAFE,46903,57691,57675,false,,false,true,0.21,1.9,-57.74,-0.001,-0.001,-0.003,0,0,0,0.001,0.001,0.003,0,0,0,1000,1000,1000,1000
2026-10-07T07:27:08.398Z,1791358028398,57711,2667,42578,3,FAILSAFE,46921,57711,57700,false,,false,true,0.17,1.89,-57.75,-0.002,0,0.002,0,0,0,0.002,0,-0.002,0,0,0,1000,1000,1000,1000
2026-10-07T07:27:08.420Z,1791358028420,57731,2668,42578,3,FAILSAFE,46939,57731,57724,false,,false,true,0.12,1.89,-57.75,0.002,0.002,0,0,0,0,-0.002,-0.002,0,0,0,0,1000,1000,1000,1000
2026-10-07T07:27:08.439Z,1791358028439,57751,2669,42578,3,FAILSAFE,46956,57751,57749,false,,false,true,0.07,1.89,-57.75,0.001,0.001,-0.002,0,0,0,-0.001,-0.001,0.002,0,0,0,1000,1000,1000,1000
2026-10-07T07:27:08.467Z,1791358028467,57771,2670,42578,3,FAILSAFE,46975,57771,57749,false,,false,true,0.03,1.89,-57.75,-0.002,0.001,0.001,0,0,0,0.002,-0.001,-0.001,0,0,0,1000,1000,1000,1000
2026-10-07T07:27:08.481Z,1791358028481,57791,2671,42578,3,FAILSAFE,46992,57791,57777,false,,false,true,-0.01,1.88,-57.75,-0.005,-0.001,-0.002,0,0,0,0.005,0.001,0.002,0,0,0,1000,1000,1000,1000
2026-10-07T07:27:08.500Z,1791358028500,57811,2672,42578,3,FAILSAFE,47010,57811,57799,false,,false,true,-0.04,1.88,-57.75,0.001,0,-0.003,0,0,0,-0.001,0,0.003,0,0,0,1000,1000,1000,1000
2026-10-07T07:27:08.518Z,1791358028518,57831,2673,42578,3,FAILSAFE,47028,57831,57824,false,,false,true,-0.08,1.88,-57.76,0,0.001,-0.001,0,0,0,0,-0.001,0.001,0,0,0,1000,1000,1000,1000
2026-10-07T07:27:08.538Z,1791358028538,57851,2674,42578,3,FAILSAFE,47045,57851,57849,false,,false,true,-0.11,1.88,-57.76,-0.003,0.001,0,0,0,0,0.003,-0.001,0,0,0,0,1000,1000,1000,1000
2026-10-07T07:27:08.565Z,1791358028565,57871,2675,42578,3,FAILSAFE,47064,57871,57849,false,,false,true,-0.15,1.87,-57.76,0.002,0.001,0,0,0,0,-0.002,-0.001,0,0,0,0,1000,1000,1000,1000
2026-10-07T07:27:08.592Z,1791358028592,57891,2676,42578,3,FAILSAFE,47081,57891,57874,false,,false,true,-0.19,1.87,-57.76,-0.001,0.001,0.002,0,0,0,0.001,-0.001,-0.002,0,0,0,1000,1000,1000,1000
2026-10-07T07:27:08.597Z,1791358028597,57911,2677,42578,3,FAILSAFE,47099,57911,57901,false,,false,true,-0.22,1.87,-57.76,0.002,0.001,-0.001,0,0,0,-0.002,-0.001,0.001,0,0,0,1000,1000,1000,1000
2026-10-07T07:27:08.620Z,1791358028620,57931,2678,42578,3,FAILSAFE,47117,57931,57925,false,,false,true,-0.24,1.87,-57.76,0.001,0.003,0.002,0,0,0,-0.001,-0.003,-0.002,0,0,0,1000,1000,1000,1000
2026-10-07T07:27:08.642Z,1791358028642,57951,2679,42578,3,FAILSAFE,47134,57951,57950,false,,false,true,-0.28,1.86,-57.76,-0.003,-0.003,0.001,0,0,0,0.003,0.003,-0.001,0,0,0,1000,1000,1000,1000
2026-10-07T07:27:08.666Z,1791358028666,57971,2680,42578,3,FAILSAFE,47153,57971,57950,false,,false,true,-0.3,1.86,-57.76,0,0.001,-0.002,0,0,0,0,-0.001,0.002,0,0,0,1000,1000,1000,1000
2026-10-07T07:27:08.680Z,1791358028680,57991,2681,42578,3,FAILSAFE,47170,57991,57974,false,,false,true,-0.33,1.86,-57.76,-0.001,-0.002,-0.001,0,0,0,0.001,0.002,0.001,0,0,0,1000,1000,1000,1000
2026-10-07T07:27:08.698Z,1791358028698,58011,2682,42578,3,FAILSAFE,47188,58011,58001,false,,false,true,-0.35,1.86,-57.77,0.001,0.003,0.002,0,0,0,-0.001,-0.003,-0.002,0,0,0,1000,1000,1000,1000
2026-10-07T07:27:08.721Z,1791358028721,58031,2683,42578,3,FAILSAFE,47206,58031,58024,false,,false,true,-0.37,1.85,-57.77,-0.003,0.002,0.001,0,0,0,0.003,-0.002,-0.001,0,0,0,1000,1000,1000,1000
2026-10-07T07:27:08.738Z,1791358028738,58051,2684,42578,3,FAILSAFE,47224,58051,58024,false,,false,true,-0.4,1.85,-57.77,-0.004,0.001,0.002,0,0,0,0.004,-0.001,-0.002,0,0,0,1000,1000,1000,1000
2026-10-07T07:27:08.768Z,1791358028768,58071,2685,42578,3,FAILSAFE,47243,58071,58054,false,,false,true,-0.42,1.85,-57.77,-0.002,0,-0.001,0,0,0,0.002,0,0.001,0,0,0,1000,1000,1000,1000
2026-10-07T07:27:08.781Z,1791358028781,58091,2686,42578,3,FAILSAFE,47260,58091,58074,false,,false,true,-0.45,1.85,-57.77,-0.002,0.001,0.001,0,0,0,0.002,-0.001,-0.001,0,0,0,1000,1000,1000,1000
2026-10-07T07:27:08.802Z,1791358028802,58111,2687,42578,3,FAILSAFE,47278,58111,58100,false,,false,true,-0.47,1.85,-57.77,0.001,0,-0.001,0,0,0,-0.001,0,0.001,0,0,0,1000,1000,1000,1000
2026-10-07T07:27:08.821Z,1791358028821,58131,2688,42578,3,FAILSAFE,47296,58131,58124,false,,false,true,-0.49,1.85,-57.77,-0.001,0.004,0.002,0,0,0,0.001,-0.004,-0.002,0,0,0,1000,1000,1000,1000
2026-10-07T07:27:08.838Z,1791358028838,58151,2689,42578,3,FAILSAFE,47313,58151,58149,false,,false,true,-0.51,1.85,-57.77,0.001,0.002,-0.001,0,0,0,-0.001,-0.002,0.001,0,0,0,1000,1000,1000,1000
2026-10-07T07:27:08.863Z,1791358028863,58171,2690,42578,3,FAILSAFE,47332,58171,58149,false,,false,true,-0.53,1.84,-57.77,-0.002,0.002,-0.004,0,0,0,0.002,-0.002,0.004,0,0,0,1000,1000,1000,1000
2026-10-07T07:27:08.881Z,1791358028881,58191,2691,42578,3,FAILSAFE,47349,58191,58174,false,,false,true,-0.55,1.85,-57.77,-0.002,0.001,-0.002,0,0,0,0.002,-0.001,0.002,0,0,0,1000,1000,1000,1000
2026-10-07T07:27:08.899Z,1791358028899,58211,2692,42578,3,FAILSAFE,47367,58211,58199,false,,false,true,-0.57,1.84,-57.77,-0.002,-0.001,0.001,0,0,0,0.002,0.001,-0.001,0,0,0,1000,1000,1000,1000
2026-10-07T07:27:08.920Z,1791358028920,58231,2693,42578,3,FAILSAFE,47385,58231,58225,false,,false,true,-0.59,1.84,-57.78,0,-0.001,0.001,0,0,0,0,0.001,-0.001,0,0,0,1000,1000,1000,1000
2026-10-07T07:27:08.937Z,1791358028937,58251,2694,42578,3,FAILSAFE,47402,58251,58249,false,,false,true,-0.61,1.84,-57.78,-0.004,-0.001,-0.001,0,0,0,0.004,0.001,0.001,0,0,0,1000,1000,1000,1000
2026-10-07T07:27:08.967Z,1791358028967,58271,2695,42578,3,FAILSAFE,47421,58271,58249,false,,false,true,-0.62,1.84,-57.78,-0.002,0.001,0.001,0,0,0,0.002,-0.001,-0.001,0,0,0,1000,1000,1000,1000
2026-10-07T07:27:08.981Z,1791358028981,58291,2696,42578,3,FAILSAFE,47438,58291,58274,false,,false,true,-0.64,1.84,-57.78,0,0,0.001,0,0,0,0,0,-0.001,0,0,0,1000,1000,1000,1000
2026-10-07T07:27:09.001Z,1791358029001,58311,2697,42578,3,FAILSAFE,47456,58311,58299,false,,false,true,-0.65,1.83,-57.78,-0.001,0.001,-0.001,0,0,0,0.001,-0.001,0.001,0,0,0,1000,1000,1000,1000
2026-10-07T07:27:09.020Z,1791358029020,58331,2698,42578,3,FAILSAFE,47474,58331,58328,false,,false,true,-0.66,1.83,-57.78,-0.001,0.001,-0.001,0,0,0,0.001,-0.001,0.001,0,0,0,1000,1000,1000,1000
2026-10-07T07:27:09.040Z,1791358029040,58351,2699,42578,3,FAILSAFE,47491,58351,58349,false,,false,true,-0.68,1.83,-57.78,-0.001,0,0.001,0,0,0,0.001,0,-0.001,0,0,0,1000,1000,1000,1000
2026-10-07T07:27:09.067Z,1791358029067,58371,2700,42578,3,FAILSAFE,47510,58371,58349,false,,false,true,-0.7,1.83,-57.78,0,0.005,-0.001,0,0,0,0,-0.005,0.001,0,0,0,1000,1000,1000,1000
2026-10-07T07:27:09.079Z,1791358029079,58391,2701,42578,3,FAILSAFE,47527,58391,58375,false,,false,true,-0.71,1.83,-57.78,-0.001,0.001,-0.002,0,0,0,0.001,-0.001,0.002,0,0,0,1000,1000,1000,1000
2026-10-07T07:27:09.099Z,1791358029099,58411,2702,42578,3,FAILSAFE,47545,58411,58402,false,,false,true,-0.72,1.84,-57.78,0.002,-0.001,0,0,0,0,-0.002,0.001,0,0,0,0,1000,1000,1000,1000
2026-10-07T07:27:09.121Z,1791358029121,58431,2703,42578,3,FAILSAFE,47563,58431,58424,false,,false,true,-0.73,1.84,-57.78,-0.003,0.001,0,0,0,0,0.003,-0.001,0,0,0,0,1000,1000,1000,1000
2026-10-07T07:27:09.137Z,1791358029137,58451,2704,42578,3,FAILSAFE,47580,58451,58449,false,,false,true,-0.74,1.84,-57.78,0.003,0.001,-0.002,0,0,0,-0.003,-0.001,0.002,0,0,0,1000,1000,1000,1000
2026-10-07T07:27:09.165Z,1791358029165,58471,2705,42578,3,FAILSAFE,47599,58471,58449,false,,false,true,-0.75,1.84,-57.78,0.002,0.001,0,0,0,0,-0.002,-0.001,0,0,0,0,1000,1000,1000,1000
2026-10-07T07:27:09.179Z,1791358029179,58491,2706,42578,3,FAILSAFE,47616,58491,58474,false,,false,true,-0.75,1.84,-57.78,-0.001,-0.001,-0.002,0,0,0,0.001,0.001,0.002,0,0,0,1000,1000,1000,1000
2026-10-07T07:27:09.200Z,1791358029200,58511,2707,42578,3,FAILSAFE,47634,58511,58504,false,,false,true,-0.76,1.84,-57.78,0,0,0.001,0,0,0,0,0,-0.001,0,0,0,1000,1000,1000,1000
2026-10-07T07:27:09.221Z,1791358029221,58531,2708,42578,3,FAILSAFE,47652,58531,58524,false,,false,true,-0.77,1.84,-57.78,-0.002,0.001,-0.001,0,0,0,0.002,-0.001,0.001,0,0,0,1000,1000,1000,1000
2026-10-07T07:27:09.238Z,1791358029238,58551,2709,42578,3,FAILSAFE,47669,58551,58549,false,,false,true,-0.78,1.84,-57.78,-0.001,-0.001,0.001,0,0,0,0.001,0.001,-0.001,0,0,0,1000,1000,1000,1000
2026-10-07T07:27:09.265Z,1791358029265,58571,2710,42578,3,FAILSAFE,47688,58571,58549,false,,false,true,-0.79,1.84,-57.78,-0.001,0.001,0.001,0,0,0,0.001,-0.001,-0.001,0,0,0,1000,1000,1000,1000
2026-10-07T07:27:09.281Z,1791358029281,58591,2711,42578,3,FAILSAFE,47705,58591,58575,false,,false,true,-0.8,1.84,-57.78,-0.002,0.001,-0.002,0,0,0,0.002,-0.001,0.002,0,0,0,1000,1000,1000,1000
2026-10-07T07:27:09.298Z,1791358029298,58611,2712,42578,3,FAILSAFE,47723,58611,58601,false,,false,true,-0.81,1.83,-57.78,-0.001,0.001,0.001,0,0,0,0.001,-0.001,-0.001,0,0,0,1000,1000,1000,1000
2026-10-07T07:27:09.321Z,1791358029321,58631,2713,42578,3,FAILSAFE,47741,58631,58626,false,,false,true,-0.82,1.83,-57.78,0,-0.001,0.001,0,0,0,0,0.001,-0.001,0,0,0,1000,1000,1000,1000
2026-10-07T07:27:09.340Z,1791358029340,58651,2714,42578,3,FAILSAFE,47758,58651,58649,false,,false,true,-0.83,1.83,-57.78,0.002,-0.002,-0.002,0,0,0,-0.002,0.002,0.002,0,0,0,1000,1000,1000,1000
2026-10-07T07:27:09.364Z,1791358029364,58671,2715,42578,3,FAILSAFE,47777,58671,58649,false,,false,true,-0.84,1.83,-57.78,0,0.001,0,0,0,0,0,-0.001,0,0,0,0,1000,1000,1000,1000
2026-10-07T07:27:09.383Z,1791358029383,58691,2716,42578,3,FAILSAFE,47794,58691,58675,false,,false,true,-0.85,1.83,-57.78,-0.002,0,-0.001,0,0,0,0.002,0,0.001,0,0,0,1000,1000,1000,1000
2026-10-07T07:27:09.405Z,1791358029405,58711,2717,42578,3,FAILSAFE,47812,58711,58700,false,,false,true,-0.86,1.83,-57.79,-0.001,-0.001,-0.001,0,0,0,0.001,0.001,0.001,0,0,0,1000,1000,1000,1000
2026-10-07T07:27:09.422Z,1791358029422,58731,2718,42578,3,FAILSAFE,47830,58731,58725,false,,false,true,-0.86,1.83,-57.79,-0.001,0.003,0.001,0,0,0,0.001,-0.003,-0.001,0,0,0,1000,1000,1000,1000
2026-10-07T07:27:09.439Z,1791358029439,58751,2719,42578,3,FAILSAFE,47847,58751,58750,false,,false,true,-0.87,1.84,-57.79,0.001,0.003,0.004,0,0,0,-0.001,-0.003,-0.004,0,0,0,1000,1000,1000,1000
2026-10-07T07:27:09.465Z,1791358029465,58771,2720,42578,3,FAILSAFE,47866,58771,58750,false,,false,true,-0.87,1.83,-57.78,0.002,0.003,-0.001,0,0,0,-0.002,-0.003,0.001,0,0,0,1000,1000,1000,1000
2026-10-07T07:27:09.486Z,1791358029486,58791,2721,42578,3,FAILSAFE,47883,58791,58775,false,,false,true,-0.88,1.83,-57.78,0,0.001,0,0,0,0,0,-0.001,0,0,0,0,1000,1000,1000,1000
2026-10-07T07:27:09.498Z,1791358029498,58811,2722,42578,3,FAILSAFE,47901,58811,58801,false,,false,true,-0.88,1.83,-57.78,-0.001,0.001,-0.001,0,0,0,0.001,-0.001,0.001,0,0,0,1000,1000,1000,1000
2026-10-07T07:27:09.518Z,1791358029518,58831,2723,42578,3,FAILSAFE,47919,58831,58826,false,,false,true,-0.89,1.83,-57.78,-0.003,-0.001,-0.003,0,0,0,0.003,0.001,0.003,0,0,0,1000,1000,1000,1000
2026-10-07T07:27:09.537Z,1791358029537,58852,2724,42578,3,FAILSAFE,47937,58852,58851,false,,false,true,-0.9,1.84,-57.78,-0.001,0,0.003,0,0,0,0.001,0,-0.003,0,0,0,1000,1000,1000,1000
2026-10-07T07:27:09.563Z,1791358029563,58871,2725,42578,3,FAILSAFE,47956,58871,58851,false,,false,true,-0.9,1.83,-57.79,0.001,0.002,0.001,0,0,0,-0.001,-0.002,-0.001,0,0,0,1000,1000,1000,1000
2026-10-07T07:27:09.578Z,1791358029578,58891,2726,42578,3,FAILSAFE,47973,58891,58874,false,,false,true,-0.9,1.83,-57.79,-0.001,0.001,-0.002,0,0,0,0.001,-0.001,0.002,0,0,0,1000,1000,1000,1000
2026-10-07T07:27:09.598Z,1791358029598,58911,2727,42578,3,FAILSAFE,47991,58911,58900,false,,false,true,-0.9,1.83,-57.79,-0.001,0.002,-0.003,0,0,0,0.001,-0.002,0.003,0,0,0,1000,1000,1000,1000
2026-10-07T07:27:09.617Z,1791358029617,58931,2728,42578,3,FAILSAFE,48009,58931,58924,false,,false,true,-0.9,1.83,-57.79,0,-0.002,0.001,0,0,0,0,0.002,-0.001,0,0,0,1000,1000,1000,1000
2026-10-07T07:27:09.640Z,1791358029640,58951,2729,42578,3,FAILSAFE,48026,58951,58950,false,,false,true,-0.91,1.83,-57.79,-0.001,0.003,0,0,0,0,0.001,-0.003,0,0,0,0,1000,1000,1000,1000
2026-10-07T07:27:09.663Z,1791358029663,58971,2730,42578,3,FAILSAFE,48045,58971,58950,false,,false,true,-0.91,1.83,-57.79,0.001,0.001,0.002,0,0,0,-0.001,-0.001,-0.002,0,0,0,1000,1000,1000,1000
2026-10-07T07:27:09.679Z,1791358029679,58991,2731,42578,3,FAILSAFE,48062,58991,58975,false,,false,true,-0.91,1.83,-57.79,0,0.001,-0.002,0,0,0,0,-0.001,0.002,0,0,0,1000,1000,1000,1000
2026-10-07T07:27:09.698Z,1791358029698,59011,2732,42578,3,FAILSAFE,48080,59011,59002,false,,false,true,-0.91,1.83,-57.79,-0.002,0.002,0,0,0,0,0.002,-0.002,0,0,0,0,1000,1000,1000,1000
2026-10-07T07:27:09.719Z,1791358029719,59031,2733,42578,3,FAILSAFE,48098,59031,59025,false,,false,true,-0.92,1.83,-57.79,-0.002,0.003,0.001,0,0,0,0.002,-0.003,-0.001,0,0,0,1000,1000,1000,1000
2026-10-07T07:27:09.741Z,1791358029741,59053,2734,42578,3,FAILSAFE,48117,59053,59052,false,,false,true,-0.93,1.82,-57.79,0.001,0.002,-0.002,0,0,0,-0.001,-0.002,0.002,0,0,0,1000,1000,1000,1000
2026-10-07T07:27:09.765Z,1791358029765,59072,2735,42578,3,FAILSAFE,48136,59072,59052,false,,false,true,-0.93,1.83,-57.79,-0.002,-0.001,0,0,0,0,0.002,0.001,0,0,0,0,1000,1000,1000,1000
2026-10-07T07:27:09.780Z,1791358029780,59092,2736,42578,3,FAILSAFE,48153,59092,59076,false,,false,true,-0.93,1.83,-57.79,0,-0.002,0,0,0,0,0,0.002,0,0,0,0,1000,1000,1000,1000
2026-10-07T07:27:09.798Z,1791358029798,59112,2737,42578,3,FAILSAFE,48171,59112,59100,false,,false,true,-0.93,1.82,-57.79,0.002,-0.002,0.001,0,0,0,-0.002,0.002,-0.001,0,0,0,1000,1000,1000,1000
2026-10-07T07:27:09.820Z,1791358029820,59132,2738,42578,3,FAILSAFE,48189,59132,59127,false,,false,true,-0.93,1.82,-57.79,0,0.001,-0.001,0,0,0,0,-0.001,0.001,0,0,0,1000,1000,1000,1000
2026-10-07T07:27:09.844Z,1791358029844,59152,2739,42578,3,FAILSAFE,48206,59152,59150,false,,false,true,-0.94,1.83,-57.79,0.001,0.001,0.001,0,0,0,-0.001,-0.001,-0.001,0,0,0,1000,1000,1000,1000
2026-10-07T07:27:09.867Z,1791358029867,59172,2740,42578,3,FAILSAFE,48225,59172,59150,false,,false,true,-0.93,1.82,-57.79,0.001,-0.002,-0.003,0,0,0,-0.001,0.002,0.003,0,0,0,1000,1000,1000,1000
2026-10-07T07:27:09.879Z,1791358029879,59192,2741,42578,3,FAILSAFE,48242,59192,59176,false,,false,true,-0.94,1.82,-57.79,-0.001,-0.001,0.001,0,0,0,0.001,0.001,-0.001,0,0,0,1000,1000,1000,1000
2026-10-07T07:27:09.900Z,1791358029900,59212,2742,42578,3,FAILSAFE,48260,59212,59200,false,,false,true,-0.94,1.82,-57.79,-0.001,0.002,0.003,0,0,0,0.001,-0.002,-0.003,0,0,0,1000,1000,1000,1000
2026-10-07T07:27:09.925Z,1791358029925,59232,2743,42578,3,FAILSAFE,48278,59232,59227,false,,false,true,-0.94,1.82,-57.79,0,-0.003,0.001,0,0,0,0,0.003,-0.001,0,0,0,1000,1000,1000,1000
2026-10-07T07:27:09.940Z,1791358029940,59252,2744,42578,3,FAILSAFE,48296,59252,59227,false,,false,true,-0.94,1.82,-57.79,-0.001,0.001,-0.004,0,0,0,0.001,-0.001,0.004,0,0,0,1000,1000,1000,1000
2026-10-07T07:27:09.966Z,1791358029966,59272,2745,42578,3,FAILSAFE,48314,59272,59256,false,,false,true,-0.95,1.81,-57.79,0,-0.002,0.002,0,0,0,0,0.002,-0.002,0,0,0,1000,1000,1000,1000
2026-10-07T07:27:09.979Z,1791358029979,59292,2746,42578,3,FAILSAFE,48331,59292,59275,false,,false,true,-0.95,1.81,-57.79,-0.003,0.002,-0.003,0,0,0,0.003,-0.002,0.003,0,0,0,1000,1000,1000,1000
2026-10-07T07:27:09.998Z,1791358029998,59312,2747,42578,3,FAILSAFE,48349,59312,59302,false,,false,true,-0.95,1.81,-57.79,-0.001,0.002,-0.003,0,0,0,0.001,-0.002,0.003,0,0,0,1000,1000,1000,1000
2026-10-07T07:27:10.018Z,1791358030018,59334,2748,42578,3,FAILSAFE,48369,59334,59333,false,,false,true,-0.96,1.82,-57.79,0.001,0.002,0.002,0,0,0,-0.001,-0.002,-0.002,0,0,0,1000,1000,1000,1000
2026-10-07T07:27:10.040Z,1791358030040,59354,2749,42578,3,FAILSAFE,48387,59354,59353,false,,false,true,-0.96,1.82,-57.79,-0.001,-0.001,0.002,0,0,0,0.001,0.001,-0.002,0,0,0,1000,1000,1000,1000
2026-10-07T07:27:10.067Z,1791358030067,59373,2750,42578,3,FAILSAFE,48406,59373,59353,false,,false,true,-0.96,1.82,-57.79,0,0.004,-0.003,0,0,0,0,-0.004,0.003,0,0,0,1000,1000,1000,1000
2026-10-07T07:27:10.082Z,1791358030082,59393,2751,42578,3,FAILSAFE,48424,59393,59376,false,,false,true,-0.96,1.82,-57.79,-0.001,0.001,0,0,0,0,0.001,-0.001,0,0,0,0,1000,1000,1000,1000
2026-10-07T07:27:10.098Z,1791358030098,59413,2752,42578,3,FAILSAFE,48442,59413,59400,false,,false,true,-0.96,1.82,-57.79,-0.002,-0.003,-0.003,0,0,0,0.002,0.003,0.003,0,0,0,1000,1000,1000,1000
2026-10-07T07:27:10.122Z,1791358030122,59433,2753,42578,3,FAILSAFE,48460,59433,59425,false,,false,true,-0.97,1.82,-57.79,-0.001,0.001,-0.002,0,0,0,0.001,-0.001,0.002,0,0,0,1000,1000,1000,1000
2026-10-07T07:27:10.140Z,1791358030140,59453,2754,42578,3,FAILSAFE,48477,59453,59450,false,,false,true,-0.97,1.82,-57.79,-0.001,-0.002,-0.002,0,0,0,0.001,0.002,0.002,0,0,0,1000,1000,1000,1000
2026-10-07T07:27:10.167Z,1791358030167,59473,2755,42578,3,FAILSAFE,48496,59473,59450,false,,false,true,-0.97,1.81,-57.79,0.001,0.002,-0.003,0,0,0,-0.001,-0.002,0.003,0,0,0,1000,1000,1000,1000
2026-10-07T07:27:10.178Z,1791358030178,59493,2756,42578,3,FAILSAFE,48514,59493,59476,false,,false,true,-0.97,1.81,-57.79,-0.003,-0.001,0.002,0,0,0,0.003,0.001,-0.002,0,0,0,1000,1000,1000,1000
2026-10-07T07:27:10.204Z,1791358030204,59513,2757,42578,3,FAILSAFE,48532,59513,59500,false,,false,true,-0.97,1.81,-57.79,0.002,0.001,-0.002,0,0,0,-0.002,-0.001,0.002,0,0,0,1000,1000,1000,1000
2026-10-07T07:27:10.225Z,1791358030225,59533,2758,42578,3,FAILSAFE,48550,59533,59527,false,,false,true,-0.97,1.81,-57.8,-0.002,-0.001,-0.003,0,0,0,0.002,0.001,0.003,0,0,0,1000,1000,1000,1000
2026-10-07T07:27:10.240Z,1791358030240,59553,2759,42578,3,FAILSAFE,48567,59553,59550,false,,false,true,-0.97,1.81,-57.8,-0.002,-0.001,0.001,0,0,0,0.002,0.001,-0.001,0,0,0,1000,1000,1000,1000
2026-10-07T07:27:10.267Z,1791358030267,59573,2760,42578,3,FAILSAFE,48586,59573,59550,false,,false,true,-0.97,1.81,-57.8,-0.002,0,-0.002,0,0,0,0.002,0,0.002,0,0,0,1000,1000,1000,1000
2026-10-07T07:27:10.279Z,1791358030279,59593,2761,42578,3,FAILSAFE,48604,59593,59576,false,,false,true,-0.98,1.8,-57.8,-0.001,-0.001,0.001,0,0,0,0.001,0.001,-0.001,0,0,0,1000,1000,1000,1000
2026-10-07T07:27:10.298Z,1791358030298,59613,2762,42578,3,FAILSAFE,48622,59613,59600,false,,false,true,-0.98,1.8,-57.8,-0.002,0.001,-0.001,0,0,0,0.002,-0.001,0.001,0,0,0,1000,1000,1000,1000
2026-10-07T07:27:10.319Z,1791358030319,59635,2763,42578,3,FAILSAFE,48642,59635,59634,false,,false,true,-0.98,1.8,-57.8,-0.001,-0.002,0.001,0,0,0,0.001,0.002,-0.001,0,0,0,1000,1000,1000,1000
2026-10-07T07:27:10.338Z,1791358030338,59654,2764,42578,3,FAILSAFE,48659,59654,59650,false,,false,true,-0.99,1.8,-57.79,-0.003,0.002,0.003,0,0,0,0.003,-0.002,-0.003,0,0,0,1000,1000,1000,1000
2026-10-07T07:27:10.375Z,1791358030375,59676,2765,42578,3,FAILSAFE,48679,59676,59675,false,,false,true,-0.98,1.8,-57.79,-0.001,-0.001,0.001,0,0,0,0.001,0.001,-0.001,0,0,0,1000,1000,1000,1000
2026-10-07T07:27:10.399Z,1791358030399,59695,2766,42578,3,FAILSAFE,48697,59695,59675,false,,false,true,-0.99,1.81,-57.79,-0.001,0.001,0.003,0,0,0,0.001,-0.001,-0.003,0,0,0,1000,1000,1000,1000
2026-10-07T07:27:10.404Z,1791358030404,59715,2767,42578,3,FAILSAFE,48715,59715,59710,false,,false,true,-0.99,1.81,-57.79,-0.002,0,-0.002,0,0,0,0.002,0,0.002,0,0,0,1000,1000,1000,1000
2026-10-07T07:27:10.440Z,1791358030440,59735,2768,42578,3,FAILSAFE,48733,59735,59727,false,,false,true,-0.99,1.8,-57.79,0.003,0.002,-0.002,0,0,0,-0.003,-0.002,0.002,0,0,0,1000,1000,1000,1000
2026-10-07T07:27:10.459Z,1791358030459,59755,2769,42578,3,FAILSAFE,48750,59755,59750,false,,false,true,-0.98,1.8,-57.79,0,0.001,-0.001,0,0,0,0,-0.001,0.001,0,0,0,1000,1000,1000,1000
2026-10-07T07:27:10.466Z,1791358030466,59776,2770,42578,3,FAILSAFE,48769,59776,59775,false,,false,true,-0.99,1.8,-57.79,-0.001,-0.002,0.001,0,0,0,0.001,0.002,-0.001,0,0,0,1000,1000,1000,1000
2026-10-07T07:27:10.481Z,1791358030481,59795,2771,42578,3,FAILSAFE,48787,59795,59775,false,,false,true,-0.98,1.8,-57.8,-0.001,0,0,0,0,0,0.001,0,0,0,0,0,1000,1000,1000,1000
2026-10-07T07:27:10.502Z,1791358030502,59815,2772,42578,3,FAILSAFE,48805,59815,59801,false,,false,true,-0.98,1.8,-57.8,0,0.003,0.001,0,0,0,0,-0.003,-0.001,0,0,0,1000,1000,1000,1000
2026-10-07T07:27:10.529Z,1791358030529,59835,2773,42578,3,FAILSAFE,48823,59835,59825,false,,false,true,-0.98,1.8,-57.8,0,0.002,-0.003,0,0,0,0,-0.002,0.003,0,0,0,1000,1000,1000,1000
2026-10-07T07:27:10.572Z,1791358030572,59855,2774,42578,3,FAILSAFE,48840,59855,59850,false,,false,true,-0.98,1.8,-57.8,-0.002,0.001,0,0,0,0,0.002,-0.001,0,0,0,0,1000,1000,1000,1000
2026-10-07T07:27:10.574Z,1791358030574,59876,2775,42578,3,FAILSAFE,48859,59876,59875,false,,false,true,-0.98,1.8,-57.8,0.002,0,-0.003,0,0,0,-0.002,0,0.003,0,0,0,1000,1000,1000,1000
2026-10-07T07:27:10.581Z,1791358030581,59895,2776,42578,3,FAILSAFE,48877,59895,59875,false,,false,true,-0.98,1.8,-57.8,-0.005,0.002,0,0,0,0,0.005,-0.002,0,0,0,0,1000,1000,1000,1000
2026-10-07T07:27:10.599Z,1791358030599,59915,2777,42578,3,FAILSAFE,48895,59915,59907,false,,false,true,-0.98,1.8,-57.8,-0.001,-0.001,0,0,0,0,0.001,0.001,0,0,0,0,1000,1000,1000,1000
2026-10-07T07:27:10.632Z,1791358030632,59935,2778,42578,3,FAILSAFE,48913,59935,59928,false,,false,true,-0.99,1.8,-57.8,0.003,0.001,0.002,0,0,0,-0.003,-0.001,-0.002,0,0,0,1000,1000,1000,1000
2026-10-07T07:27:10.647Z,1791358030647,59955,2779,42578,3,FAILSAFE,48930,59955,59950,false,,false,true,-0.99,1.8,-57.79,-0.002,-0.002,0.002,0,0,0,0.002,0.002,-0.002,0,0,0,1000,1000,1000,1000
2026-10-07T07:27:10.670Z,1791358030670,59977,2780,42578,3,FAILSAFE,48950,59977,59976,false,,false,true,-0.99,1.8,-57.79,-0.001,0,-0.001,0,0,0,0.001,0,0.001,0,0,0,1000,1000,1000,1000
2026-10-07T07:27:10.691Z,1791358030691,59996,2781,42578,3,FAILSAFE,48968,59996,59976,false,,false,true,-0.99,1.79,-57.79,0.001,-0.001,0.002,0,0,0,-0.001,0.001,-0.002,0,0,0,1000,1000,1000,1000
2026-10-07T07:27:10.707Z,1791358030707,60016,2782,42578,3,FAILSAFE,48986,60016,60000,false,,false,true,-0.99,1.79,-57.79,0.002,0.002,0,0,0,0,-0.002,-0.002,0,0,0,0,1000,1000,1000,1000
2026-10-07T07:27:10.727Z,1791358030727,60036,2783,42578,3,FAILSAFE,49004,60036,60030,false,,false,true,-0.99,1.8,-57.79,-0.003,0.004,-0.002,0,0,0,0.003,-0.004,0.002,0,0,0,1000,1000,1000,1000
2026-10-07T07:27:10.751Z,1791358030751,60056,2784,42578,3,FAILSAFE,49021,60056,60050,false,,false,true,-0.99,1.8,-57.79,0.001,0.004,0.001,0,0,0,-0.001,-0.004,-0.001,0,0,0,1000,1000,1000,1000
2026-10-07T07:27:10.768Z,1791358030768,60076,2785,42578,3,FAILSAFE,49039,60076,60075,false,,false,true,-1,1.8,-57.79,0,0.001,0,0,0,0,0,-0.001,0,0,0,0,1000,1000,1000,1000
2026-10-07T07:27:10.788Z,1791358030788,60096,2786,42578,3,FAILSAFE,49057,60096,60075,false,,false,true,-1,1.8,-57.79,-0.001,0.002,-0.001,0,0,0,0.001,-0.002,0.001,0,0,0,1000,1000,1000,1000
2026-10-07T07:27:10.814Z,1791358030814,60116,2787,42578,3,FAILSAFE,49075,60116,60100,false,,false,true,-1,1.8,-57.79,-0.002,0.003,0,0,0,0,0.002,-0.003,0,0,0,0,1000,1000,1000,1000
2026-10-07T07:27:10.840Z,1791358030840,60136,2788,42578,3,FAILSAFE,49093,60136,60127,false,,false,true,-1,1.8,-57.8,-0.001,0,0.001,0,0,0,0.001,0,-0.001,0,0,0,1000,1000,1000,1000
2026-10-07T07:27:10.849Z,1791358030849,60156,2789,42578,3,FAILSAFE,49110,60156,60150,false,,false,true,-1,1.8,-57.8,-0.001,0.001,0,0,0,0,0.001,-0.001,0,0,0,0,1000,1000,1000,1000
2026-10-07T07:27:10.869Z,1791358030869,60176,2790,42578,3,FAILSAFE,49128,60176,60175,false,,false,true,-1,1.8,-57.8,0.001,0.003,-0.003,0,0,0,-0.001,-0.003,0.003,0,0,0,1000,1000,1000,1000
2026-10-07T07:27:10.887Z,1791358030887,60196,2791,42578,3,FAILSAFE,49146,60196,60175,false,,false,true,-1,1.8,-57.8,-0.001,0.003,-0.002,0,0,0,0.001,-0.003,0.002,0,0,0,1000,1000,1000,1000
2026-10-07T07:27:10.909Z,1791358030909,60216,2792,42578,3,FAILSAFE,49164,60216,60202,false,,false,true,-1,1.81,-57.8,-0.001,0.002,0.001,0,0,0,0.001,-0.002,-0.001,0,0,0,1000,1000,1000,1000
2026-10-07T07:27:10.928Z,1791358030928,60236,2793,42578,3,FAILSAFE,49182,60236,60225,false,,false,true,-1,1.81,-57.8,-0.001,0.001,0,0,0,0,0.001,-0.001,0,0,0,0,1000,1000,1000,1000
2026-10-07T07:27:10.947Z,1791358030947,60256,2794,42578,3,FAILSAFE,49199,60256,60251,false,,false,true,-0.99,1.81,-57.8,0,0.001,0.001,0,0,0,0,-0.001,-0.001,0,0,0,1000,1000,1000,1000
2026-10-07T07:27:10.968Z,1791358030968,60276,2795,42578,3,FAILSAFE,49217,60276,60275,false,,false,true,-0.99,1.81,-57.79,-0.001,0.002,0.001,0,0,0,0.001,-0.002,-0.001,0,0,0,1000,1000,1000,1000
2026-10-07T07:27:10.991Z,1791358030991,60296,2796,42578,3,FAILSAFE,49235,60296,60275,false,,false,true,-0.99,1.81,-57.79,-0.003,0.001,0.002,0,0,0,0.003,-0.001,-0.002,0,0,0,1000,1000,1000,1000
2026-10-07T07:27:11.019Z,1791358031019,60316,2797,42578,3,FAILSAFE,49253,60316,60300,false,,false,true,-0.98,1.81,-57.79,-0.001,-0.002,0.001,0,0,0,0.001,0.002,-0.001,0,0,0,1000,1000,1000,1000
2026-10-07T07:27:11.029Z,1791358031029,60336,2798,42578,3,FAILSAFE,49271,60336,60327,false,,false,true,-0.99,1.81,-57.79,0.002,0.001,-0.002,0,0,0,-0.002,-0.001,0.002,0,0,0,1000,1000,1000,1000
2026-10-07T07:27:11.055Z,1791358031055,60357,2799,42578,3,FAILSAFE,49289,60357,60356,false,,false,true,-0.99,1.81,-57.79,0,0.001,0.001,0,0,0,0,-0.001,-0.001,0,0,0,1000,1000,1000,1000
2026-10-07T07:27:11.067Z,1791358031067,60376,2800,42578,3,FAILSAFE,49307,60376,60375,false,,false,true,-0.99,1.81,-57.79,0.001,0.003,0.001,0,0,0,-0.001,-0.003,-0.001,0,0,0,1000,1000,1000,1000
2026-10-07T07:27:11.087Z,1791358031087,60396,2801,42578,3,FAILSAFE,49325,60396,60375,false,,false,true,-0.99,1.81,-57.79,-0.001,0,0.002,0,0,0,0.001,0,-0.002,0,0,0,1000,1000,1000,1000
2026-10-07T07:27:11.109Z,1791358031109,60416,2802,42578,3,FAILSAFE,49343,60416,60400,false,,false,true,-0.99,1.81,-57.79,-0.002,0.001,-0.001,0,0,0,0.002,-0.001,0.001,0,0,0,1000,1000,1000,1000
2026-10-07T07:27:11.127Z,1791358031127,60436,2803,42578,3,FAILSAFE,49361,60436,60425,false,,false,true,-0.99,1.81,-57.79,0,-0.001,0.001,0,0,0,0,0.001,-0.001,0,0,0,1000,1000,1000,1000
2026-10-07T07:27:11.151Z,1791358031151,60456,2804,42578,3,FAILSAFE,49378,60456,60450,false,,false,true,-0.99,1.81,-57.79,-0.002,-0.001,-0.001,0,0,0,0.002,0.001,0.001,0,0,0,1000,1000,1000,1000
2026-10-07T07:27:11.170Z,1791358031170,60476,2805,42578,3,FAILSAFE,49397,60476,60450,false,,false,true,-0.99,1.81,-57.79,-0.001,0,-0.001,0,0,0,0.001,0,0.001,0,0,0,1000,1000,1000,1000
2026-10-07T07:27:11.188Z,1791358031188,60496,2806,42578,3,FAILSAFE,49415,60496,60479,false,,false,true,-0.99,1.8,-57.79,0.002,-0.002,0.001,0,0,0,-0.002,0.002,-0.001,0,0,0,1000,1000,1000,1000
2026-10-07T07:27:11.209Z,1791358031209,60516,2807,42578,3,FAILSAFE,49433,60516,60500,false,,false,true,-0.99,1.81,-57.79,0.003,0.004,0.001,0,0,0,-0.003,-0.004,-0.001,0,0,0,1000,1000,1000,1000
2026-10-07T07:27:11.233Z,1791358031233,60536,2808,42578,3,FAILSAFE,49451,60536,60525,false,,false,true,-0.99,1.8,-57.79,-0.003,0.003,-0.002,0,0,0,0.003,-0.003,0.002,0,0,0,1000,1000,1000,1000
2026-10-07T07:27:11.251Z,1791358031251,60556,2809,42578,3,FAILSAFE,49468,60556,60551,false,,false,true,-0.99,1.8,-57.79,-0.003,0.002,-0.003,0,0,0,0.003,-0.002,0.003,0,0,0,1000,1000,1000,1000
2026-10-07T07:27:11.268Z,1791358031268,60576,2810,42578,3,FAILSAFE,49486,60576,60575,false,,false,true,-0.99,1.8,-57.79,0.001,-0.001,0.002,0,0,0,-0.001,0.001,-0.002,0,0,0,1000,1000,1000,1000
2026-10-07T07:27:11.297Z,1791358031297,60596,2811,42578,3,FAILSAFE,49504,60596,60575,false,,false,true,-0.99,1.8,-57.79,-0.001,-0.001,0.001,0,0,0,0.001,0.001,-0.001,0,0,0,1000,1000,1000,1000
2026-10-07T07:27:11.313Z,1791358031313,60616,2812,42578,3,FAILSAFE,49522,60616,60600,false,,false,true,-0.99,1.81,-57.78,0,0.001,0.001,0,0,0,0,-0.001,-0.001,0,0,0,1000,1000,1000,1000
2026-10-07T07:27:11.328Z,1791358031328,60636,2813,42578,3,FAILSAFE,49540,60636,60628,false,,false,true,-0.99,1.8,-57.79,-0.001,0.001,-0.003,0,0,0,0.001,-0.001,0.003,0,0,0,1000,1000,1000,1000
2026-10-07T07:27:11.349Z,1791358031349,60656,2814,42578,3,FAILSAFE,49557,60656,60650,false,,false,true,-0.99,1.81,-57.79,-0.004,0,-0.001,0,0,0,0.004,0,0.001,0,0,0,1000,1000,1000,1000
2026-10-07T07:27:11.373Z,1791358031373,60676,2815,42578,3,FAILSAFE,49575,60676,60675,false,,false,true,-1,1.81,-57.79,-0.002,0.003,-0.001,0,0,0,0.002,-0.003,0.001,0,0,0,1000,1000,1000,1000
2026-10-07T07:27:11.388Z,1791358031388,60696,2816,42578,3,FAILSAFE,49593,60696,60675,false,,false,true,-0.99,1.81,-57.78,0,0.001,0,0,0,0,0,-0.001,0,0,0,0,1000,1000,1000,1000
2026-10-07T07:27:11.412Z,1791358031412,60716,2817,42578,3,FAILSAFE,49611,60716,60700,false,,false,true,-1,1.81,-57.78,0.001,-0.001,0.001,0,0,0,-0.001,0.001,-0.001,0,0,0,1000,1000,1000,1000
2026-10-07T07:27:11.431Z,1791358031431,60736,2818,42578,3,FAILSAFE,49629,60736,60725,false,,false,true,-0.99,1.81,-57.79,0,0.001,-0.002,0,0,0,0,-0.001,0.002,0,0,0,1000,1000,1000,1000
2026-10-07T07:27:11.451Z,1791358031451,60756,2819,42578,3,FAILSAFE,49646,60756,60751,false,,false,true,-0.99,1.81,-57.79,-0.001,0.002,0.001,0,0,0,0.001,-0.002,-0.001,0,0,0,1000,1000,1000,1000
2026-10-07T07:27:11.469Z,1791358031469,60776,2820,42578,3,FAILSAFE,49664,60776,60775,false,,false,true,-0.99,1.8,-57.79,0.003,-0.002,0,0,0,0,-0.003,0.002,0,0,0,0,1000,1000,1000,1000
2026-10-07T07:27:11.490Z,1791358031490,60796,2821,42578,3,FAILSAFE,49682,60796,60775,false,,false,true,-0.99,1.8,-57.79,-0.002,-0.001,-0.004,0,0,0,0.002,0.001,0.004,0,0,0,1000,1000,1000,1000
2026-10-07T07:27:11.510Z,1791358031510,60816,2822,42578,3,FAILSAFE,49700,60816,60800,false,,false,true,-0.99,1.8,-57.79,0.002,0.001,-0.002,0,0,0,-0.002,-0.001,0.002,0,0,0,1000,1000,1000,1000
2026-10-07T07:27:11.533Z,1791358031533,60836,2823,42578,3,FAILSAFE,49718,60836,60825,false,,false,true,-1,1.8,-57.79,-0.002,0.001,-0.001,0,0,0,0.002,-0.001,0.001,0,0,0,1000,1000,1000,1000
2026-10-07T07:27:11.548Z,1791358031548,60856,2824,42578,3,FAILSAFE,49735,60856,60850,false,,false,true,-1,1.8,-57.79,-0.001,-0.001,-0.002,0,0,0,0.001,0.001,0.002,0,0,0,1000,1000,1000,1000
2026-10-07T07:27:11.568Z,1791358031568,60876,2825,42578,3,FAILSAFE,49753,60876,60875,false,,false,true,-1,1.8,-57.79,-0.001,0.002,0.003,0,0,0,0.001,-0.002,-0.003,0,0,0,1000,1000,1000,1000
2026-10-07T07:27:11.588Z,1791358031588,60896,2826,42578,3,FAILSAFE,49771,60896,60875,false,,false,true,-1.01,1.8,-57.79,0.001,0,0.001,0,0,0,-0.001,0,-0.001,0,0,0,1000,1000,1000,1000
2026-10-07T07:27:11.608Z,1791358031608,60916,2827,42578,3,FAILSAFE,49789,60916,60901,false,,false,true,-1.01,1.8,-57.79,-0.002,0.001,-0.002,0,0,0,0.002,-0.001,0.002,0,0,0,1000,1000,1000,1000
2026-10-07T07:27:11.637Z,1791358031637,60936,2828,42578,3,FAILSAFE,49807,60936,60925,false,,false,true,-1.01,1.8,-57.79,-0.001,0.002,-0.001,0,0,0,0.001,-0.002,0.001,0,0,0,1000,1000,1000,1000
2026-10-07T07:27:11.647Z,1791358031647,60956,2829,42578,3,FAILSAFE,49824,60956,60952,false,,false,true,-1.01,1.8,-57.79,-0.003,-0.002,-0.001,0,0,0,0.003,0.002,0.001,0,0,0,1000,1000,1000,1000
2026-10-07T07:27:11.668Z,1791358031668,60976,2830,42578,3,FAILSAFE,49842,60976,60975,false,,false,true,-1.02,1.8,-57.79,0.002,0.001,0.001,0,0,0,-0.002,-0.001,-0.001,0,0,0,1000,1000,1000,1000
2026-10-07T07:27:11.687Z,1791358031687,60996,2831,42578,3,FAILSAFE,49860,60996,60975,false,,false,true,-1.02,1.8,-57.79,-0.002,0.002,0.001,0,0,0,0.002,-0.002,-0.001,0,0,0,1000,1000,1000,1000
2026-10-07T07:27:11.715Z,1791358031715,61016,2832,42578,3,FAILSAFE,49878,61016,61001,false,,false,true,-1.02,1.8,-57.79,-0.001,-0.001,-0.001,0,0,0,0.001,0.001,0.001,0,0,0,1000,1000,1000,1000
2026-10-07T07:27:11.729Z,1791358031729,61036,2833,42578,3,FAILSAFE,49896,61036,61027,false,,false,true,-1.01,1.8,-57.79,-0.002,0.002,0.002,0,0,0,0.002,-0.002,-0.002,0,0,0,1000,1000,1000,1000
2026-10-07T07:27:11.749Z,1791358031749,61056,2834,42578,3,FAILSAFE,49913,61056,61050,false,,false,true,-1.01,1.8,-57.79,0.002,0,-0.001,0,0,0,-0.002,0,0.001,0,0,0,1000,1000,1000,1000
2026-10-07T07:27:11.773Z,1791358031773,61076,2835,42578,3,FAILSAFE,49932,61076,61050,false,,false,true,-1.01,1.79,-57.79,-0.003,-0.001,0.001,0,0,0,0.003,0.001,-0.001,0,0,0,1000,1000,1000,1000
2026-10-07T07:27:11.790Z,1791358031790,61096,2836,42578,3,FAILSAFE,49949,61096,61086,false,,false,true,-1.01,1.79,-57.79,-0.004,-0.001,-0.001,0,0,0,0.004,0.001,0.001,0,0,0,1000,1000,1000,1000
2026-10-07T07:27:11.810Z,1791358031810,61116,2837,42578,3,FAILSAFE,49967,61116,61104,false,,false,true,-1.01,1.79,-57.79,-0.003,0,0.001,0,0,0,0.003,0,-0.001,0,0,0,1000,1000,1000,1000
2026-10-07T07:27:11.832Z,1791358031832,61136,2838,42578,3,FAILSAFE,49985,61136,61125,false,,false,true,-1.02,1.79,-57.79,0.001,-0.001,-0.001,0,0,0,-0.001,0.001,0.001,0,0,0,1000,1000,1000,1000
