host_time_iso,host_time_ms,stm_time_ms,sequence,session_id,state,state_name,sample_id,sample_time_ms,motor_commit_time_ms,output_sample_matched,motor_commit_delay_ms,actuators_active,attitude_valid,roll_deg,pitch_deg,yaw_deg,gyro_roll_rad_s,gyro_pitch_rad_s,gyro_yaw_rad_s,setpoint_roll_rad_s,setpoint_pitch_rad_s,setpoint_yaw_rad_s,error_roll_rad_s,error_pitch_rad_s,error_yaw_rad_s,pid_roll,pid_pitch,pid_yaw,motor1_us,motor2_us,motor3_us,motor4_us
2026-10-06T13:54:36.637Z,1791294876637,17366,651,32960,1,DISARMED,11723,17366,17345,false,,false,true,1.12,1.53,0.22,-0.003,0,0.001,0,0,0,0.003,0,-0.001,0,0,0,1000,1000,1000,1000
2026-10-06T13:54:36.655Z,1791294876655,17386,652,32960,1,DISARMED,11740,17386,17371,false,,false,true,1.12,1.53,0.22,-0.002,-0.001,-0.002,0,0,0,0.002,0.001,0.002,0,0,0,1000,1000,1000,1000
2026-10-06T13:54:36.676Z,1791294876676,17407,653,32960,1,DISARMED,11759,17407,17406,false,,false,true,1.12,1.53,0.22,0.001,0,-0.001,0,0,0,-0.001,0,0.001,0,0,0,1000,1000,1000,1000
2026-10-06T13:54:36.696Z,1791294876696,17426,654,32960,1,DISARMED,11777,17426,17418,false,,false,true,1.12,1.52,0.21,-0.001,-0.001,-0.001,0,0,0,0.001,0.001,0.001,0,0,0,1000,1000,1000,1000
2026-10-06T13:54:36.717Z,1791294876717,17448,655,32960,1,DISARMED,11796,17448,17447,false,,false,true,1.12,1.53,0.21,-0.001,0.002,-0.001,0,0,0,0.001,-0.002,0.001,0,0,0,1000,1000,1000,1000
2026-10-06T13:54:36.741Z,1791294876741,17469,656,32960,1,DISARMED,11816,17469,17468,false,,false,true,1.12,1.52,0.21,0,-0.002,0.003,0,0,0,0,0.002,-0.003,0,0,0,1000,1000,1000,1000
2026-10-06T13:54:36.756Z,1791294876756,17488,657,32960,1,DISARMED,11834,17488,17468,false,,false,true,1.12,1.52,0.22,-0.002,0.001,-0.001,0,0,0,0.002,-0.001,0.001,0,0,0,1000,1000,1000,1000
2026-10-06T13:54:36.777Z,1791294876777,17508,658,32960,1,DISARMED,11852,17508,17496,false,,false,true,1.11,1.52,0.22,-0.002,0.002,-0.001,0,0,0,0.002,-0.002,0.001,0,0,0,1000,1000,1000,1000
2026-10-06T13:54:36.802Z,1791294876802,17530,659,32960,1,DISARMED,11871,17530,17518,false,,false,true,1.11,1.52,0.22,-0.001,0.001,0.002,0,0,0,0.001,-0.001,-0.002,0,0,0,1000,1000,1000,1000
2026-10-06T13:54:36.820Z,1791294876820,17549,660,32960,1,DISARMED,11889,17549,17548,false,,false,true,1.11,1.52,0.22,0.002,0.002,0.001,0,0,0,-0.002,-0.002,-0.001,0,0,0,1000,1000,1000,1000
2026-10-06T13:54:36.843Z,1791294876843,17570,661,32960,1,DISARMED,11908,17570,17569,false,,false,true,1.11,1.52,0.22,0.003,-0.002,0.004,0,0,0,-0.003,0.002,-0.004,0,0,0,1000,1000,1000,1000
2026-10-06T13:54:36.854Z,1791294876854,17589,662,32960,1,DISARMED,11926,17589,17569,false,,false,true,1.11,1.53,0.22,-0.003,0.003,-0.001,0,0,0,0.003,-0.003,0.001,0,0,0,1000,1000,1000,1000
2026-10-06T13:54:36.875Z,1791294876875,17609,663,32960,1,DISARMED,11944,17609,17594,false,,false,true,1.11,1.52,0.22,-0.002,-0.003,0,0,0,0,0.002,0.003,0,0,0,0,1000,1000,1000,1000
2026-10-06T13:54:36.903Z,1791294876903,17630,664,32960,1,DISARMED,11962,17630,17619,false,,false,true,1.11,1.53,0.22,0,-0.002,0.001,0,0,0,0,0.002,-0.001,0,0,0,1000,1000,1000,1000
2026-10-06T13:54:36.922Z,1791294876922,17649,665,32960,1,DISARMED,11981,17649,17619,false,,false,true,1.1,1.52,0.22,-0.002,0,-0.002,0,0,0,0.002,0,0.002,0,0,0,1000,1000,1000,1000
2026-10-06T13:54:36.938Z,1791294876938,17669,666,32960,1,DISARMED,11998,17669,17668,false,,false,true,1.1,1.52,0.22,0.003,0,0.001,0,0,0,-0.003,0,-0.001,0,0,0,1000,1000,1000,1000
2026-10-06T13:54:36.960Z,1791294876960,17689,667,32960,1,DISARMED,12016,17689,17668,false,,false,true,1.1,1.52,0.22,-0.001,0.001,0.003,0,0,0,0.001,-0.001,-0.003,0,0,0,1000,1000,1000,1000
2026-10-06T13:54:36.976Z,1791294876976,17709,668,32960,1,DISARMED,12034,17709,17694,false,,false,true,1.1,1.52,0.22,0.002,-0.001,-0.001,0,0,0,-0.002,0.001,0.001,0,0,0,1000,1000,1000,1000
2026-10-06T13:54:36.997Z,1791294876997,17730,669,32960,1,DISARMED,12052,17730,17719,false,,false,true,1.1,1.53,0.22,-0.002,0,0.002,0,0,0,0.002,0,-0.002,0,0,0,1000,1000,1000,1000
2026-10-06T13:54:37.019Z,1791294877019,17749,670,32960,1,DISARMED,12070,17749,17746,false,,false,true,1.11,1.53,0.22,0,0.002,0.001,0,0,0,0,-0.002,-0.001,0,0,0,1000,1000,1000,1000
2026-10-06T13:54:37.041Z,1791294877041,17769,671,32960,1,DISARMED,12089,17769,17746,false,,false,true,1.11,1.53,0.22,-0.001,0.001,0,0,0,0,0.001,-0.001,0,0,0,0,1000,1000,1000,1000
2026-10-06T13:54:37.065Z,1791294877065,17789,672,32960,1,DISARMED,12106,17789,17773,false,,false,true,1.11,1.53,0.22,0.001,0,0.001,0,0,0,-0.001,0,-0.001,0,0,0,1000,1000,1000,1000
2026-10-06T13:54:37.074Z,1791294877074,17809,673,32960,1,DISARMED,12124,17809,17794,false,,false,true,1.11,1.53,0.22,0,0.001,-0.001,0,0,0,0,-0.001,0.001,0,0,0,1000,1000,1000,1000
2026-10-06T13:54:37.099Z,1791294877099,17830,674,32960,1,DISARMED,12142,17830,17820,false,,false,true,1.11,1.53,0.22,-0.003,0,0.001,0,0,0,0.003,0,-0.001,0,0,0,1000,1000,1000,1000
2026-10-06T13:54:37.115Z,1791294877115,17849,675,32960,1,DISARMED,12160,17849,17847,false,,false,true,1.11,1.53,0.22,-0.001,0.003,-0.001,0,0,0,0.001,-0.003,0.001,0,0,0,1000,1000,1000,1000
2026-10-06T13:54:37.138Z,1791294877138,17869,676,32960,1,DISARMED,12179,17869,17847,false,,false,true,1.11,1.52,0.22,0.001,0,-0.001,0,0,0,-0.001,0,0.001,0,0,0,1000,1000,1000,1000
2026-10-06T13:54:37.157Z,1791294877157,17889,677,32960,1,DISARMED,12197,17889,17872,false,,false,true,1.11,1.52,0.23,0.002,0,0.003,0,0,0,-0.002,0,-0.003,0,0,0,1000,1000,1000,1000
2026-10-06T13:54:37.176Z,1791294877176,17909,678,32960,1,DISARMED,12215,17909,17896,false,,false,true,1.11,1.52,0.23,0.002,0.001,0.002,0,0,0,-0.002,-0.001,-0.002,0,0,0,1000,1000,1000,1000
2026-10-06T13:54:37.204Z,1791294877204,17930,679,32960,1,DISARMED,12233,17930,17919,false,,false,true,1.11,1.52,0.23,0.001,-0.001,-0.003,0,0,0,-0.001,0.001,0.003,0,0,0,1000,1000,1000,1000
2026-10-06T13:54:37.214Z,1791294877214,17949,680,32960,1,DISARMED,12251,17949,17945,false,,false,true,1.1,1.52,0.23,0.001,-0.002,0.002,0,0,0,-0.001,0.002,-0.002,0,0,0,1000,1000,1000,1000
2026-10-06T13:54:37.246Z,1791294877246,17969,681,32960,1,DISARMED,12270,17969,17945,false,,false,true,1.1,1.52,0.23,-0.001,0.002,-0.001,0,0,0,0.001,-0.002,0.001,0,0,0,1000,1000,1000,1000
2026-10-06T13:54:37.260Z,1791294877260,17989,682,32960,1,DISARMED,12287,17989,17976,false,,false,true,1.1,1.52,0.23,0,-0.003,-0.002,0,0,0,0,0.003,0.002,0,0,0,1000,1000,1000,1000
2026-10-06T13:54:37.274Z,1791294877274,18009,683,32960,1,DISARMED,12305,18009,17994,false,,false,true,1.1,1.52,0.23,0.001,0.001,0.001,0,0,0,-0.001,-0.001,-0.001,0,0,0,1000,1000,1000,1000
2026-10-06T13:54:37.304Z,1791294877304,18030,684,32960,1,DISARMED,12323,18030,18019,false,,false,true,1.09,1.52,0.23,-0.001,0,-0.001,0,0,0,0.001,0,0.001,0,0,0,1000,1000,1000,1000
2026-10-06T13:54:37.316Z,1791294877316,18049,685,32960,1,DISARMED,12341,18049,18044,false,,false,true,1.09,1.51,0.23,-0.001,0.001,0.002,0,0,0,0.001,-0.001,-0.002,0,0,0,1000,1000,1000,1000
2026-10-06T13:54:37.341Z,1791294877341,18069,686,32960,1,DISARMED,12360,18069,18044,false,,false,true,1.09,1.51,0.23,0,0.003,-0.002,0,0,0,0,-0.003,0.002,0,0,0,1000,1000,1000,1000
2026-10-06T13:54:37.358Z,1791294877358,18089,687,32960,1,DISARMED,12377,18089,18075,false,,false,true,1.09,1.51,0.23,0,-0.002,-0.002,0,0,0,0,0.002,0.002,0,0,0,1000,1000,1000,1000
2026-10-06T13:54:37.379Z,1791294877379,18109,688,32960,1,DISARMED,12395,18109,18093,false,,false,true,1.09,1.5,0.23,-0.002,-0.003,0.001,0,0,0,0.002,0.003,-0.001,0,0,0,1000,1000,1000,1000
2026-10-06T13:54:37.400Z,1791294877400,18130,689,32960,1,DISARMED,12413,18130,18122,false,,false,true,1.09,1.51,0.23,-0.001,-0.001,0.003,0,0,0,0.001,0.001,-0.003,0,0,0,1000,1000,1000,1000
2026-10-06T13:54:37.415Z,1791294877415,18149,690,32960,1,DISARMED,12431,18149,18144,false,,false,true,1.09,1.51,0.23,-0.002,-0.003,0.003,0,0,0,0.002,0.003,-0.003,0,0,0,1000,1000,1000,1000
2026-10-06T13:54:37.439Z,1791294877439,18169,691,32960,1,DISARMED,12450,18169,18144,false,,false,true,1.09,1.51,0.24,-0.002,-0.002,0.001,0,0,0,0.002,0.002,-0.001,0,0,0,1000,1000,1000,1000
2026-10-06T13:54:37.456Z,1791294877456,18189,692,32960,1,DISARMED,12468,18189,18172,false,,false,true,1.09,1.51,0.24,0.002,-0.002,0.002,0,0,0,-0.002,0.002,-0.002,0,0,0,1000,1000,1000,1000
2026-10-06T13:54:37.477Z,1791294877477,18209,693,32960,1,DISARMED,12486,18209,18194,false,,false,true,1.09,1.51,0.24,-0.001,-0.003,0.002,0,0,0,0.001,0.003,-0.002,0,0,0,1000,1000,1000,1000
2026-10-06T13:54:37.497Z,1791294877497,18230,694,32960,1,DISARMED,12504,18230,18221,false,,false,true,1.09,1.5,0.24,-0.004,0,0.003,0,0,0,0.004,0,-0.003,0,0,0,1000,1000,1000,1000
2026-10-06T13:54:37.514Z,1791294877514,18249,695,32960,1,DISARMED,12522,18249,18244,false,,false,true,1.09,1.5,0.24,-0.002,0,-0.001,0,0,0,0.002,0,0.001,0,0,0,1000,1000,1000,1000
2026-10-06T13:54:37.539Z,1791294877539,18270,696,32960,1,DISARMED,12541,18270,18269,false,,false,true,1.09,1.5,0.24,-0.003,-0.001,-0.001,0,0,0,0.003,0.001,0.001,0,0,0,1000,1000,1000,1000
2026-10-06T13:54:37.554Z,1791294877554,18289,697,32960,1,DISARMED,12559,18289,18269,false,,false,true,1.09,1.5,0.24,-0.003,0,0.002,0,0,0,0.003,0,-0.002,0,0,0,1000,1000,1000,1000
2026-10-06T13:54:37.574Z,1791294877574,18309,698,32960,1,DISARMED,12577,18309,18297,false,,false,true,1.09,1.49,0.24,-0.001,0.003,-0.002,0,0,0,0.001,-0.003,0.002,0,0,0,1000,1000,1000,1000
2026-10-06T13:54:37.599Z,1791294877599,18330,699,32960,1,DISARMED,12595,18330,18321,false,,false,true,1.09,1.49,0.24,-0.001,0.001,0.001,0,0,0,0.001,-0.001,-0.001,0,0,0,1000,1000,1000,1000
2026-10-06T13:54:37.617Z,1791294877617,18349,700,32960,1,DISARMED,12613,18349,18347,false,,false,true,1.09,1.49,0.24,0.001,0.001,0.001,0,0,0,-0.001,-0.001,-0.001,0,0,0,1000,1000,1000,1000
2026-10-06T13:54:37.639Z,1791294877639,18370,701,32960,1,DISARMED,12632,18370,18369,false,,false,true,1.09,1.49,0.24,-0.002,0.001,0.003,0,0,0,0.002,-0.001,-0.003,0,0,0,1000,1000,1000,1000
2026-10-06T13:54:37.654Z,1791294877654,18389,702,32960,1,DISARMED,12650,18389,18369,false,,false,true,1.09,1.5,0.24,-0.002,0.002,0,0,0,0,0.002,-0.002,0,0,0,0,1000,1000,1000,1000
2026-10-06T13:54:37.679Z,1791294877679,18409,703,32960,1,DISARMED,12668,18409,18395,false,,false,true,1.08,1.5,0.24,-0.002,0.003,0.003,0,0,0,0.002,-0.003,-0.003,0,0,0,1000,1000,1000,1000
2026-10-06T13:54:37.699Z,1791294877699,18430,704,32960,1,DISARMED,12687,18430,18395,false,,false,true,1.08,1.5,0.24,-0.001,0.001,0.002,0,0,0,0.001,-0.001,-0.002,0,0,0,1000,1000,1000,1000
2026-10-06T13:54:37.718Z,1791294877718,18450,705,32960,1,DISARMED,12705,18450,18449,false,,false,true,1.08,1.5,0.24,-0.002,-0.001,0.001,0,0,0,0.002,0.001,-0.001,0,0,0,1000,1000,1000,1000
2026-10-06T13:54:37.745Z,1791294877745,18469,706,32960,1,DISARMED,12724,18469,18449,false,,false,true,1.08,1.5,0.24,-0.001,-0.003,-0.002,0,0,0,0.001,0.003,0.002,0,0,0,1000,1000,1000,1000
2026-10-06T13:54:37.755Z,1791294877755,18489,707,32960,1,DISARMED,12741,18489,18473,false,,false,true,1.08,1.5,0.24,-0.001,-0.002,0.002,0,0,0,0.001,0.002,-0.002,0,0,0,1000,1000,1000,1000
2026-10-06T13:54:37.780Z,1791294877780,18509,708,32960,1,DISARMED,12759,18509,18497,false,,false,true,1.08,1.5,0.24,0.002,0.001,-0.001,0,0,0,-0.002,-0.001,0.001,0,0,0,1000,1000,1000,1000
2026-10-06T13:54:37.797Z,1791294877797,18530,709,32960,1,DISARMED,12777,18530,18520,false,,false,true,1.08,1.5,0.24,0.003,0,-0.002,0,0,0,-0.003,0,0.002,0,0,0,1000,1000,1000,1000
2026-10-06T13:54:37.815Z,1791294877815,18549,710,32960,1,DISARMED,12795,18549,18544,false,,false,true,1.08,1.5,0.24,-0.001,0.001,0.002,0,0,0,0.001,-0.001,-0.002,0,0,0,1000,1000,1000,1000
2026-10-06T13:54:37.846Z,1791294877846,18570,711,32960,1,DISARMED,12814,18570,18569,false,,false,true,1.08,1.5,0.24,0.003,-0.001,0,0,0,0,-0.003,0.001,0,0,0,0,1000,1000,1000,1000
2026-10-06T13:54:37.854Z,1791294877854,18589,712,32960,1,DISARMED,12832,18589,18569,false,,false,true,1.08,1.5,0.24,0.001,-0.002,0.002,0,0,0,-0.001,0.002,-0.002,0,0,0,1000,1000,1000,1000
2026-10-06T13:54:37.881Z,1791294877881,18609,713,32960,1,DISARMED,12850,18609,18605,false,,false,true,1.08,1.5,0.24,0.002,-0.002,0.001,0,0,0,-0.002,0.002,-0.001,0,0,0,1000,1000,1000,1000
2026-10-06T13:54:37.904Z,1791294877904,18630,714,32960,1,DISARMED,12868,18630,18619,false,,false,true,1.07,1.49,0.24,-0.001,0,0.002,0,0,0,0.001,0,-0.002,0,0,0,1000,1000,1000,1000
2026-10-06T13:54:37.920Z,1791294877920,18649,715,32960,1,DISARMED,12886,18649,18643,false,,false,true,1.08,1.5,0.24,0.001,-0.004,0.002,0,0,0,-0.001,0.004,-0.002,0,0,0,1000,1000,1000,1000
2026-10-06T13:54:37.950Z,1791294877950,18669,716,32960,1,DISARMED,12905,18669,18643,false,,false,true,1.08,1.5,0.24,-0.002,0.001,-0.002,0,0,0,0.002,-0.001,0.002,0,0,0,1000,1000,1000,1000
2026-10-06T13:54:37.955Z,1791294877955,18689,717,32960,1,DISARMED,12922,18689,18672,false,,false,true,1.07,1.49,0.24,-0.001,-0.001,-0.001,0,0,0,0.001,0.001,0.001,0,0,0,1000,1000,1000,1000
2026-10-06T13:54:37.977Z,1791294877977,18709,718,32960,1,DISARMED,12940,18709,18696,false,,false,true,1.07,1.49,0.24,-0.002,-0.001,-0.001,0,0,0,0.002,0.001,0.001,0,0,0,1000,1000,1000,1000
2026-10-06T13:54:37.998Z,1791294877998,18730,719,32960,1,DISARMED,12958,18730,18720,false,,false,true,1.07,1.5,0.24,-0.002,-0.002,-0.001,0,0,0,0.002,0.002,0.001,0,0,0,1000,1000,1000,1000
2026-10-06T13:54:38.017Z,1791294878017,18749,720,32960,1,DISARMED,12976,18749,18744,false,,false,true,1.07,1.5,0.24,-0.001,0.003,0.002,0,0,0,0.001,-0.003,-0.002,0,0,0,1000,1000,1000,1000
2026-10-06T13:54:38.044Z,1791294878044,18769,721,32960,1,DISARMED,12995,18769,18744,false,,false,true,1.07,1.5,0.25,-0.001,-0.001,0.002,0,0,0,0.001,0.001,-0.002,0,0,0,1000,1000,1000,1000
2026-10-06T13:54:38.057Z,1791294878057,18789,722,32960,1,DISARMED,13012,18789,18777,false,,false,true,1.07,1.5,0.25,0,-0.003,-0.001,0,0,0,0,0.003,0.001,0,0,0,1000,1000,1000,1000
2026-10-06T13:54:38.076Z,1791294878076,18809,723,32960,1,DISARMED,13030,18809,18793,false,,false,true,1.07,1.49,0.25,0,-0.003,-0.001,0,0,0,0,0.003,0.001,0,0,0,1000,1000,1000,1000
2026-10-06T13:54:38.096Z,1791294878096,18830,724,32960,1,DISARMED,13048,18830,18818,false,,false,true,1.08,1.49,0.25,-0.003,-0.002,-0.002,0,0,0,0.003,0.002,0.002,0,0,0,1000,1000,1000,1000
2026-10-06T13:54:38.115Z,1791294878115,18849,725,32960,1,DISARMED,13066,18849,18844,false,,false,true,1.07,1.49,0.25,-0.002,0.002,0.001,0,0,0,0.002,-0.002,-0.001,0,0,0,1000,1000,1000,1000
2026-10-06T13:54:38.151Z,1791294878151,18870,726,32960,1,DISARMED,13085,18870,18869,false,,false,true,1.07,1.48,0.25,-0.003,0.001,-0.001,0,0,0,0.003,-0.001,0.001,0,0,0,1000,1000,1000,1000
2026-10-06T13:54:38.157Z,1791294878157,18889,727,32960,1,DISARMED,13103,18889,18869,false,,false,true,1.07,1.48,0.25,0.002,-0.003,-0.001,0,0,0,-0.002,0.003,0.001,0,0,0,1000,1000,1000,1000
2026-10-06T13:54:38.178Z,1791294878178,18909,728,32960,1,DISARMED,13121,18909,18897,false,,false,true,1.07,1.48,0.25,0,-0.002,0,0,0,0,0,0.002,0,0,0,0,1000,1000,1000,1000
2026-10-06T13:54:38.201Z,1791294878201,18930,729,32960,1,DISARMED,13139,18930,18920,false,,false,true,1.07,1.48,0.25,0,0.003,0,0,0,0,0,-0.003,0,0,0,0,1000,1000,1000,1000
2026-10-06T13:54:38.218Z,1791294878218,18949,730,32960,1,DISARMED,13157,18949,18944,false,,false,true,1.07,1.48,0.25,-0.001,0.001,-0.001,0,0,0,0.001,-0.001,0.001,0,0,0,1000,1000,1000,1000
2026-10-06T13:54:38.240Z,1791294878240,18970,731,32960,1,DISARMED,13176,18970,18969,false,,false,true,1.07,1.48,0.25,-0.002,0.001,-0.002,0,0,0,0.002,-0.001,0.002,0,0,0,1000,1000,1000,1000
2026-10-06T13:54:38.257Z,1791294878257,18989,732,32960,1,DISARMED,13194,18989,18969,false,,false,true,1.07,1.48,0.25,0.002,0.001,0.001,0,0,0,-0.002,-0.001,-0.001,0,0,0,1000,1000,1000,1000
2026-10-06T13:54:38.276Z,1791294878276,19010,733,32960,1,DISARMED,13213,19010,19009,false,,false,true,1.07,1.48,0.25,0.001,-0.004,0.001,0,0,0,-0.001,0.004,-0.001,0,0,0,1000,1000,1000,1000
2026-10-06T13:54:38.299Z,1791294878299,19030,734,32960,1,DISARMED,13231,19030,19022,false,,false,true,1.07,1.48,0.25,0,-0.002,-0.004,0,0,0,0,0.002,0.004,0,0,0,1000,1000,1000,1000
2026-10-06T13:54:38.315Z,1791294878315,19049,735,32960,1,DISARMED,13249,19049,19043,false,,false,true,1.07,1.48,0.25,0.002,0,0.004,0,0,0,-0.002,0,-0.004,0,0,0,1000,1000,1000,1000
2026-10-06T13:54:38.341Z,1791294878341,19069,736,32960,1,DISARMED,13268,19069,19043,false,,false,true,1.07,1.49,0.25,0.001,0,0.002,0,0,0,-0.001,0,-0.002,0,0,0,1000,1000,1000,1000
2026-10-06T13:54:38.362Z,1791294878362,19089,737,32960,1,DISARMED,13286,19089,19072,false,,false,true,1.07,1.49,0.25,-0.003,0.001,0.001,0,0,0,0.003,-0.001,-0.001,0,0,0,1000,1000,1000,1000
2026-10-06T13:54:38.379Z,1791294878379,19109,738,32960,1,DISARMED,13304,19109,19094,false,,false,true,1.07,1.49,0.26,-0.002,0.001,0.001,0,0,0,0.002,-0.001,-0.001,0,0,0,1000,1000,1000,1000
2026-10-06T13:54:38.402Z,1791294878402,19130,739,32960,1,DISARMED,13322,19130,19119,false,,false,true,1.06,1.49,0.25,0.001,0.001,0.001,0,0,0,-0.001,-0.001,-0.001,0,0,0,1000,1000,1000,1000
2026-10-06T13:54:38.417Z,1791294878417,19149,740,32960,1,DISARMED,13340,19149,19144,false,,false,true,1.06,1.49,0.26,-0.002,-0.002,0.002,0,0,0,0.002,0.002,-0.002,0,0,0,1000,1000,1000,1000
2026-10-06T13:54:38.442Z,1791294878442,19171,741,32960,1,DISARMED,13360,19171,19170,false,,false,true,1.06,1.49,0.26,0.003,0.001,0,0,0,0,-0.003,-0.001,0,0,0,0,1000,1000,1000,1000
2026-10-06T13:54:38.463Z,1791294878463,19190,742,32960,1,DISARMED,13378,19190,19170,false,,false,true,1.06,1.49,0.26,-0.001,-0.001,0,0,0,0,0.001,0.001,0,0,0,0,1000,1000,1000,1000
2026-10-06T13:54:38.480Z,1791294878480,19210,743,32960,1,DISARMED,13396,19210,19193,false,,false,true,1.07,1.49,0.25,-0.001,-0.001,0.001,0,0,0,0.001,0.001,-0.001,0,0,0,1000,1000,1000,1000
2026-10-06T13:54:38.496Z,1791294878496,19230,744,32960,1,DISARMED,13413,19230,19219,false,,false,true,1.07,1.49,0.25,-0.002,0.001,-0.001,0,0,0,0.002,-0.001,0.001,0,0,0,1000,1000,1000,1000
2026-10-06T13:54:38.515Z,1791294878515,19250,745,32960,1,DISARMED,13431,19250,19244,false,,false,true,1.07,1.49,0.25,0.003,-0.001,0.002,0,0,0,-0.003,0.001,-0.002,0,0,0,1000,1000,1000,1000
2026-10-06T13:54:38.542Z,1791294878542,19270,746,32960,1,DISARMED,13449,19270,19269,false,,false,true,1.07,1.49,0.25,-0.002,-0.001,-0.001,0,0,0,0.002,0.001,0.001,0,0,0,1000,1000,1000,1000
2026-10-06T13:54:38.557Z,1791294878557,19290,747,32960,1,DISARMED,13467,19290,19269,false,,false,true,1.07,1.49,0.25,-0.001,0.003,-0.001,0,0,0,0.001,-0.003,0.001,0,0,0,1000,1000,1000,1000
2026-10-06T13:54:38.583Z,1791294878583,19310,748,32960,1,DISARMED,13485,19310,19294,false,,false,true,1.07,1.49,0.25,-0.001,-0.001,0.002,0,0,0,0.001,0.001,-0.002,0,0,0,1000,1000,1000,1000
2026-10-06T13:54:38.602Z,1791294878602,19330,749,32960,1,DISARMED,13502,19330,19318,false,,false,true,1.07,1.49,0.25,-0.001,-0.002,0.002,0,0,0,0.001,0.002,-0.002,0,0,0,1000,1000,1000,1000
2026-10-06T13:54:38.616Z,1791294878616,19350,750,32960,1,DISARMED,13520,19350,19344,false,,false,true,1.07,1.49,0.26,0.001,-0.001,0.001,0,0,0,-0.001,0.001,-0.001,0,0,0,1000,1000,1000,1000
2026-10-06T13:54:38.644Z,1791294878644,19370,751,32960,1,DISARMED,13539,19370,19344,false,,false,true,1.07,1.48,0.26,0.001,-0.002,0,0,0,0,-0.001,0.002,0,0,0,0,1000,1000,1000,1000
2026-10-06T13:54:38.659Z,1791294878659,19390,752,32960,1,DISARMED,13556,19390,19375,false,,false,true,1.07,1.48,0.26,0.001,-0.001,-0.001,0,0,0,-0.001,0.001,0.001,0,0,0,1000,1000,1000,1000
2026-10-06T13:54:38.675Z,1791294878675,19410,753,32960,1,DISARMED,13574,19410,19393,false,,false,true,1.07,1.48,0.26,0,-0.001,0.001,0,0,0,0,0.001,-0.001,0,0,0,1000,1000,1000,1000
2026-10-06T13:54:38.702Z,1791294878702,19430,754,32960,1,DISARMED,13591,19430,19419,false,,false,true,1.08,1.47,0.26,0.002,0,-0.001,0,0,0,-0.002,0,0.001,0,0,0,1000,1000,1000,1000
2026-10-06T13:54:38.714Z,1791294878714,19450,755,32960,1,DISARMED,13609,19450,19449,false,,false,true,1.07,1.47,0.26,-0.002,-0.002,0.003,0,0,0,0.002,0.002,-0.003,0,0,0,1000,1000,1000,1000
2026-10-06T13:54:38.743Z,1791294878743,19470,756,32960,1,DISARMED,13628,19470,19449,false,,false,true,1.08,1.48,0.26,0.001,0.003,-0.001,0,0,0,-0.001,-0.003,0.001,0,0,0,1000,1000,1000,1000
2026-10-06T13:54:38.754Z,1791294878754,19490,757,32960,1,DISARMED,13645,19490,19473,false,,false,true,1.08,1.47,0.26,-0.002,0.001,0,0,0,0,0.002,-0.001,0,0,0,0,1000,1000,1000,1000
2026-10-06T13:54:38.777Z,1791294878777,19510,758,32960,1,DISARMED,13663,19510,19495,false,,false,true,1.08,1.47,0.26,-0.002,-0.002,-0.002,0,0,0,0.002,0.002,0.002,0,0,0,1000,1000,1000,1000
2026-10-06T13:54:38.802Z,1791294878802,19530,759,32960,1,DISARMED,13680,19530,19522,false,,false,true,1.07,1.47,0.26,-0.002,-0.002,0.001,0,0,0,0.002,0.002,-0.001,0,0,0,1000,1000,1000,1000
2026-10-06T13:54:38.817Z,1791294878817,19550,760,32960,1,DISARMED,13698,19550,19545,false,,false,true,1.08,1.47,0.26,0.001,-0.001,-0.002,0,0,0,-0.001,0.001,0.002,0,0,0,1000,1000,1000,1000
2026-10-06T13:54:38.840Z,1791294878840,19570,761,32960,1,DISARMED,13716,19570,19569,false,,false,true,1.08,1.47,0.26,-0.004,-0.003,0.001,0,0,0,0.004,0.003,-0.001,0,0,0,1000,1000,1000,1000
2026-10-06T13:54:38.870Z,1791294878870,19590,762,32960,1,DISARMED,13734,19590,19569,false,,false,true,1.08,1.47,0.26,-0.001,-0.001,0.001,0,0,0,0.001,0.001,-0.001,0,0,0,1000,1000,1000,1000
2026-10-06T13:54:38.876Z,1791294878876,19611,763,32960,1,DISARMED,13746,19611,19610,false,,false,true,1.08,1.47,0.26,0,-0.001,0.002,0,0,0,0,0.001,-0.002,0,0,0,1000,1000,1000,1000
2026-10-06T13:54:38.906Z,1791294878906,19631,764,32960,1,DISARMED,13756,19631,19630,false,,false,true,1.07,1.47,0.26,-0.002,-0.003,0.002,0,0,0,0.002,0.003,-0.002,0,0,0,1000,1000,1000,1000
2026-10-06T13:54:38.928Z,1791294878928,19651,765,32960,1,DISARMED,13766,19651,19650,false,,false,true,1.07,1.47,0.26,-0.003,0,0.001,0,0,0,0.003,0,-0.001,0,0,0,1000,1000,1000,1000
2026-10-06T13:54:38.943Z,1791294878943,19671,766,32960,1,DISARMED,13776,19671,19670,false,,false,true,1.08,1.47,0.26,0.001,-0.001,0.001,0,0,0,-0.001,0.001,-0.001,0,0,0,1000,1000,1000,1000
2026-10-06T13:54:38.974Z,1791294878974,19691,767,32960,1,DISARMED,13786,19691,19690,false,,false,true,1.07,1.47,0.27,0,0.001,0.001,0,0,0,0,-0.001,-0.001,0,0,0,1000,1000,1000,1000
2026-10-06T13:54:38.979Z,1791294878979,19711,768,32960,1,DISARMED,13796,19711,19710,false,,false,true,1.07,1.47,0.27,-0.001,0.002,0.002,0,0,0,0.001,-0.002,-0.002,0,0,0,1000,1000,1000,1000
2026-10-06T13:54:38.996Z,1791294878996,19731,769,32960,1,DISARMED,13806,19731,19730,false,,false,true,1.08,1.47,0.26,0,-0.003,0.002,0,0,0,0,0.003,-0.002,0,0,0,1000,1000,1000,1000
2026-10-06T13:54:39.017Z,1791294879017,19751,770,32960,1,DISARMED,13816,19751,19750,false,,false,true,1.07,1.47,0.26,0,0,0.001,0,0,0,0,0,-0.001,0,0,0,1000,1000,1000,1000
2026-10-06T13:54:39.042Z,1791294879042,19771,771,32960,1,DISARMED,13826,19771,19770,false,,false,true,1.07,1.47,0.26,-0.001,-0.003,0.001,0,0,0,0.001,0.003,-0.001,0,0,0,1000,1000,1000,1000
2026-10-06T13:54:39.055Z,1791294879055,19791,772,32960,1,DISARMED,13836,19791,19790,false,,false,true,1.07,1.47,0.26,-0.002,0.001,0,0,0,0,0.002,-0.001,0,0,0,0,1000,1000,1000,1000
2026-10-06T13:54:39.078Z,1791294879078,19811,773,32960,1,DISARMED,13846,19811,19810,false,,false,true,1.07,1.47,0.27,0.001,0,0.001,0,0,0,-0.001,0,-0.001,0,0,0,1000,1000,1000,1000
2026-10-06T13:54:39.109Z,1791294879109,19831,774,32960,1,DISARMED,13856,19831,19830,false,,false,true,1.08,1.48,0.27,0,0.001,-0.001,0,0,0,0,-0.001,0.001,0,0,0,1000,1000,1000,1000
2026-10-06T13:54:39.114Z,1791294879114,19851,775,32960,1,DISARMED,13866,19851,19850,false,,false,true,1.08,1.48,0.26,-0.001,-0.001,-0.003,0,0,0,0.001,0.001,0.003,0,0,0,1000,1000,1000,1000
2026-10-06T13:54:39.143Z,1791294879143,19871,776,32960,1,DISARMED,13876,19871,19870,false,,false,true,1.08,1.48,0.26,0.002,0.001,0.001,0,0,0,-0.002,-0.001,-0.001,0,0,0,1000,1000,1000,1000
2026-10-06T13:54:39.157Z,1791294879157,19891,777,32960,1,DISARMED,13886,19891,19890,false,,false,true,1.08,1.48,0.27,0.001,-0.001,0.003,0,0,0,-0.001,0.001,-0.003,0,0,0,1000,1000,1000,1000
2026-10-06T13:54:39.175Z,1791294879175,19911,778,32960,1,DISARMED,13896,19911,19910,false,,false,true,1.08,1.47,0.27,-0.001,0,-0.002,0,0,0,0.001,0,0.002,0,0,0,1000,1000,1000,1000
2026-10-06T13:54:39.203Z,1791294879203,19931,779,32960,1,DISARMED,13906,19931,19930,false,,false,true,1.08,1.47,0.27,0.001,-0.002,0.001,0,0,0,-0.001,0.002,-0.001,0,0,0,1000,1000,1000,1000
2026-10-06T13:54:39.214Z,1791294879214,19951,780,32960,1,DISARMED,13916,19951,19950,false,,false,true,1.07,1.47,0.27,0.001,0.002,0,0,0,0,-0.001,-0.002,0,0,0,0,1000,1000,1000,1000
2026-10-06T13:54:39.239Z,1791294879239,19971,781,32960,1,DISARMED,13926,19971,19970,false,,false,true,1.07,1.48,0.27,-0.002,0.001,0.001,0,0,0,0.002,-0.001,-0.001,0,0,0,1000,1000,1000,1000
2026-10-06T13:54:39.257Z,1791294879257,19991,782,32960,1,DISARMED,13936,19991,19990,false,,false,true,1.07,1.48,0.27,-0.003,0.001,-0.002,0,0,0,0.003,-0.001,0.002,0,0,0,1000,1000,1000,1000
2026-10-06T13:54:39.280Z,1791294879280,20011,783,32960,1,DISARMED,13946,20011,20010,false,,false,true,1.07,1.48,0.27,-0.001,-0.001,-0.002,0,0,0,0.001,0.001,0.002,0,0,0,1000,1000,1000,1000
2026-10-06T13:54:39.300Z,1791294879300,20031,784,32960,1,DISARMED,13956,20031,20030,false,,false,true,1.07,1.48,0.27,-0.002,-0.001,0.001,0,0,0,0.002,0.001,-0.001,0,0,0,1000,1000,1000,1000
2026-10-06T13:54:39.318Z,1791294879318,20051,785,32960,1,DISARMED,13966,20051,20050,false,,false,true,1.07,1.49,0.27,-0.001,-0.001,0.001,0,0,0,0.001,0.001,-0.001,0,0,0,1000,1000,1000,1000
2026-10-06T13:54:39.342Z,1791294879342,20071,786,32960,1,DISARMED,13976,20071,20070,false,,false,true,1.07,1.49,0.27,-0.002,0.002,-0.002,0,0,0,0.002,-0.002,0.002,0,0,0,1000,1000,1000,1000
2026-10-06T13:54:39.354Z,1791294879354,20091,787,32960,1,DISARMED,13986,20091,20090,false,,false,true,1.07,1.49,0.27,0.001,0,0.001,0,0,0,-0.001,0,-0.001,0,0,0,1000,1000,1000,1000
2026-10-06T13:54:39.376Z,1791294879376,20111,788,32960,1,DISARMED,13996,20111,20110,false,,false,true,1.07,1.49,0.27,0.001,-0.001,-0.002,0,0,0,-0.001,0.001,0.002,0,0,0,1000,1000,1000,1000
2026-10-06T13:54:39.402Z,1791294879402,20131,789,32960,1,DISARMED,14006,20131,20130,false,,false,true,1.06,1.49,0.27,-0.003,0.002,-0.003,0,0,0,0.003,-0.002,0.003,0,0,0,1000,1000,1000,1000
2026-10-06T13:54:39.417Z,1791294879417,20151,790,32960,1,DISARMED,14016,20151,20150,false,,false,true,1.06,1.49,0.27,0,-0.002,0.001,0,0,0,0,0.002,-0.001,0,0,0,1000,1000,1000,1000
2026-10-06T13:54:39.441Z,1791294879441,20171,791,32960,1,DISARMED,14026,20171,20170,false,,false,true,1.06,1.49,0.27,0.002,0.002,0.002,0,0,0,-0.002,-0.002,-0.002,0,0,0,1000,1000,1000,1000
2026-10-06T13:54:39.456Z,1791294879456,20191,792,32960,1,DISARMED,14036,20191,20190,false,,false,true,1.06,1.49,0.27,-0.003,-0.001,0.001,0,0,0,0.003,0.001,-0.001,0,0,0,1000,1000,1000,1000
2026-10-06T13:54:39.479Z,1791294879479,20211,793,32960,1,DISARMED,14046,20211,20210,false,,false,true,1.06,1.48,0.27,0.001,0,0.001,0,0,0,-0.001,0,-0.001,0,0,0,1000,1000,1000,1000
2026-10-06T13:54:39.497Z,1791294879497,20231,794,32960,1,DISARMED,14056,20231,20230,false,,false,true,1.06,1.48,0.27,-0.002,0.001,-0.001,0,0,0,0.002,-0.001,0.001,0,0,0,1000,1000,1000,1000
2026-10-06T13:54:39.514Z,1791294879514,20251,795,32960,1,DISARMED,14066,20251,20250,false,,false,true,1.06,1.49,0.27,-0.002,-0.001,0.002,0,0,0,0.002,0.001,-0.002,0,0,0,1000,1000,1000,1000
2026-10-06T13:54:39.540Z,1791294879540,20271,796,32960,1,DISARMED,14076,20271,20270,false,,false,true,1.06,1.49,0.27,0.002,0.001,0,0,0,0,-0.002,-0.001,0,0,0,0,1000,1000,1000,1000
2026-10-06T13:54:39.555Z,1791294879555,20291,797,32960,1,DISARMED,14086,20291,20290,false,,false,true,1.06,1.49,0.27,0.001,-0.001,0.001,0,0,0,-0.001,0.001,-0.001,0,0,0,1000,1000,1000,1000
2026-10-06T13:54:39.581Z,1791294879581,20311,798,32960,1,DISARMED,14096,20311,20310,false,,false,true,1.06,1.48,0.27,-0.002,-0.002,0,0,0,0,0.002,0.002,0,0,0,0,1000,1000,1000,1000
2026-10-06T13:54:39.595Z,1791294879595,20331,799,32960,1,DISARMED,14106,20331,20330,false,,false,true,1.07,1.48,0.27,-0.002,-0.002,-0.003,0,0,0,0.002,0.002,0.003,0,0,0,1000,1000,1000,1000
2026-10-06T13:54:39.615Z,1791294879615,20351,800,32960,1,DISARMED,14116,20351,20350,false,,false,true,1.06,1.48,0.26,0,0,0.001,0,0,0,0,0,-0.001,0,0,0,1000,1000,1000,1000
2026-10-06T13:54:39.640Z,1791294879640,20370,801,32960,1,DISARMED,14126,20370,20369,false,,false,true,1.06,1.48,0.26,-0.003,0.001,0,0,0,0,0.003,-0.001,0,0,0,0,1000,1000,1000,1000
2026-10-06T13:54:39.657Z,1791294879657,20390,802,32960,1,DISARMED,14136,20390,20389,false,,false,true,1.06,1.47,0.26,-0.001,0.001,-0.002,0,0,0,0.001,-0.001,0.002,0,0,0,1000,1000,1000,1000
2026-10-06T13:54:39.687Z,1791294879687,20410,803,32960,1,DISARMED,14146,20410,20409,false,,false,true,1.06,1.47,0.26,0.001,0,0,0,0,0,-0.001,0,0,0,0,0,1000,1000,1000,1000
2026-10-06T13:54:39.697Z,1791294879697,20430,804,32960,1,DISARMED,14156,20430,20429,false,,false,true,1.06,1.47,0.26,-0.002,0.002,0.002,0,0,0,0.002,-0.002,-0.002,0,0,0,1000,1000,1000,1000
2026-10-06T13:54:39.715Z,1791294879715,20450,805,32960,1,DISARMED,14166,20450,20449,false,,false,true,1.07,1.47,0.26,-0.003,0.001,0.001,0,0,0,0.003,-0.001,-0.001,0,0,0,1000,1000,1000,1000
2026-10-06T13:54:39.742Z,1791294879742,20470,806,32960,1,DISARMED,14176,20470,20469,false,,false,true,1.06,1.47,0.27,-0.002,0,-0.001,0,0,0,0.002,0,0.001,0,0,0,1000,1000,1000,1000
2026-10-06T13:54:39.754Z,1791294879754,20490,807,32960,1,DISARMED,14186,20490,20489,false,,false,true,1.06,1.48,0.26,-0.003,-0.001,0,0,0,0,0.003,0.001,0,0,0,0,1000,1000,1000,1000
2026-10-06T13:54:39.775Z,1791294879775,20510,808,32960,1,DISARMED,14196,20510,20509,false,,false,true,1.05,1.48,0.26,-0.003,0.002,0.002,0,0,0,0.003,-0.002,-0.002,0,0,0,1000,1000,1000,1000
2026-10-06T13:54:39.801Z,1791294879801,20530,809,32960,1,DISARMED,14206,20530,20529,false,,false,true,1.05,1.48,0.27,-0.004,0.001,0.001,0,0,0,0.004,-0.001,-0.001,0,0,0,1000,1000,1000,1000
2026-10-06T13:54:39.818Z,1791294879818,20550,810,32960,1,DISARMED,14216,20550,20549,false,,false,true,1.05,1.48,0.27,0,-0.001,-0.001,0,0,0,0,0.001,0.001,0,0,0,1000,1000,1000,1000
2026-10-06T13:54:39.843Z,1791294879843,20570,811,32960,1,DISARMED,14226,20570,20569,false,,false,true,1.05,1.48,0.26,0.001,0.002,-0.002,0,0,0,-0.001,-0.002,0.002,0,0,0,1000,1000,1000,1000
2026-10-06T13:54:39.855Z,1791294879855,20590,812,32960,1,DISARMED,14236,20590,20589,false,,false,true,1.05,1.48,0.26,0,-0.001,-0.003,0,0,0,0,0.001,0.003,0,0,0,1000,1000,1000,1000
2026-10-06T13:54:39.894Z,1791294879894,20610,813,32960,2,ARMED,14251,20610,20610,false,,false,true,1.05,1.48,0.27,-0.001,0.003,0.002,0,0,0,0.001,-0.003,-0.002,0,0,0,1000,1000,1000,1000
2026-10-06T13:54:39.903Z,1791294879903,20630,814,32960,2,ARMED,14268,20630,20628,false,,false,true,1.05,1.48,0.27,-0.001,0.001,0.001,0,0,0,0.001,-0.001,-0.001,0,0,0,1000,1000,1000,1000
2026-10-06T13:54:39.915Z,1791294879915,20650,815,32960,2,ARMED,14286,20650,20650,false,,false,true,1.05,1.48,0.27,0,0.001,-0.001,0,0,0,0,-0.001,0.001,0,0,0,1000,1000,1000,1000
2026-10-06T13:54:39.943Z,1791294879943,20672,816,32960,2,ARMED,14306,20672,20670,false,,false,true,1.05,1.48,0.27,0.003,0.001,-0.003,0,0,0,-0.003,-0.001,0.003,0,0,0,1000,1000,1000,1000
2026-10-06T13:54:39.955Z,1791294879955,20691,817,32960,2,ARMED,14324,20691,20690,false,,false,true,1.06,1.47,0.26,0.004,0.001,-0.001,0,0,0,-0.004,-0.001,0.001,0,0,0,1000,1000,1000,1000
2026-10-06T13:54:39.977Z,1791294879977,20711,818,32960,2,ARMED,14342,20711,20710,false,,false,true,1.06,1.48,0.26,0,-0.002,0.004,0,0,0,0,0.002,-0.004,0,0,0,1000,1000,1000,1000
2026-10-06T13:54:40.000Z,1791294880000,20731,819,32960,2,ARMED,14359,20731,20730,false,,false,true,1.05,1.48,0.26,-0.003,0.004,0,0,0,0,0.003,-0.004,0,0,0,0,1000,1000,1000,1000
2026-10-06T13:54:40.016Z,1791294880016,20751,820,32960,2,ARMED,14377,20751,20750,false,,false,true,1.05,1.48,0.27,-0.004,0.002,-0.001,0,0,0,0.004,-0.002,0.001,0,0,0,1000,1000,1000,1000
2026-10-06T13:54:40.042Z,1791294880042,20771,821,32960,2,ARMED,14395,20771,20770,false,,false,true,1.05,1.48,0.27,-0.001,0.003,-0.004,0,0,0,0.001,-0.003,0.004,0,0,0,1000,1000,1000,1000
2026-10-06T13:54:40.054Z,1791294880054,20791,822,32960,2,ARMED,14413,20791,20790,false,,false,true,1.05,1.48,0.26,-0.003,-0.001,-0.002,0,0,0,0.003,0.001,0.002,0,0,0,1000,1000,1000,1000
2026-10-06T13:54:40.077Z,1791294880077,20811,823,32960,2,ARMED,14431,20811,20810,false,,false,true,1.04,1.48,0.26,-0.001,-0.002,0,0,0,0,0.001,0.002,0,0,0,0,1000,1000,1000,1000
2026-10-06T13:54:40.100Z,1791294880100,20831,824,32960,2,ARMED,14448,20831,20830,false,,false,true,1.05,1.47,0.26,0.001,-0.001,-0.002,0,0,0,-0.001,0.001,0.002,0,0,0,1000,1000,1000,1000
2026-10-06T13:54:40.114Z,1791294880114,20851,825,32960,2,ARMED,14466,20851,20852,true,1,true,true,1.05,1.48,0.27,-0.001,0,-0.002,-0.073,-0.103,0,-0.072,-0.103,0.002,-3.35,-4.72,0.06,1221,1231,1228,1238
2026-10-06T13:54:40.142Z,1791294880142,20871,826,32960,2,ARMED,14483,20871,20872,true,1,true,true,1.04,1.48,0.27,-0.003,-0.001,-0.002,-0.073,-0.103,0,-0.06999999999999999,-0.102,0.002,-3.15,-4.61,0.07,1222,1231,1228,1237
2026-10-06T13:54:40.154Z,1791294880154,20891,827,32960,2,ARMED,14501,20891,20892,true,1,true,true,1.04,1.48,0.27,0.001,0,0.002,-0.073,-0.103,0,-0.074,-0.103,-0.002,-3.5,-4.81,-0.06,1221,1231,1228,1238
2026-10-06T13:54:40.176Z,1791294880176,20910,828,32960,2,ARMED,14519,20910,20911,true,1,true,true,1.04,1.48,0.27,-0.001,-0.002,-0.001,-0.073,-0.103,0,-0.072,-0.10099999999999999,0.001,-3.36,-4.59,0.02,1222,1231,1228,1238
2026-10-06T13:54:40.203Z,1791294880203,20931,829,32960,2,ARMED,14537,20931,20932,true,1,true,true,1.04,1.48,0.27,-0.002,-0.001,0,-0.073,-0.103,0,-0.071,-0.102,0,-3.3,-4.75,0,1222,1231,1228,1238
2026-10-06T13:54:40.217Z,1791294880217,20950,830,32960,2,ARMED,14554,20950,20951,true,1,true,true,1.04,1.47,0.27,0,0.002,0.001,-0.073,-0.103,0,-0.073,-0.105,-0.001,-3.49,-5.08,-0.04,1221,1231,1228,1238
2026-10-06T13:54:40.243Z,1791294880243,20971,831,32960,2,ARMED,14573,20971,20972,true,1,true,true,1.04,1.48,0.27,-0.002,0,-0.001,-0.073,-0.103,0,-0.071,-0.103,0.001,-3.24,-4.93,0.02,1221,1231,1228,1238
2026-10-06T13:54:40.254Z,1791294880254,20991,832,32960,2,ARMED,14591,20991,20992,true,1,true,true,1.04,1.48,0.27,-0.005,0.004,0.004,-0.073,-0.103,0,-0.06799999999999999,-0.107,-0.004,-2.9,-5.42,-0.13,1221,1232,1227,1238
2026-10-06T13:54:40.276Z,1791294880276,21010,833,32960,2,ARMED,14608,21010,21011,true,1,true,true,1.05,1.48,0.26,0.01,0.003,0.001,-0.073,-0.103,0,-0.08299999999999999,-0.106,-0.001,-4.78,-5.28,-0.04,1220,1230,1229,1240
2026-10-06T13:54:40.302Z,1791294880302,21031,834,32960,2,ARMED,14626,21031,21032,true,1,true,true,1.05,1.48,0.27,-0.007,0.01,-0.002,-0.073,-0.103,0,-0.06599999999999999,-0.11299999999999999,0.002,-2.49,-6.53,0.06,1221,1234,1226,1239
2026-10-06T13:54:40.314Z,1791294880314,21050,835,32960,2,ARMED,14643,21050,21051,true,1,true,true,1.05,1.49,0.26,-0.003,-0.003,-0.002,-0.073,-0.104,0,-0.06999999999999999,-0.10099999999999999,0.002,-3.29,-4.79,0.06,1221,1231,1228,1238
2026-10-06T13:54:40.342Z,1791294880342,21070,836,32960,2,ARMED,14662,21070,21071,true,1,true,true,1.04,1.49,0.27,-0.004,0.005,0.001,-0.073,-0.104,0,-0.06899999999999999,-0.109,-0.001,-3.6,-5.48,-0.04,1221,1231,1228,1239
2026-10-06T13:54:40.354Z,1791294880354,21091,837,32960,2,ARMED,14681,21091,21092,true,1,true,true,1.05,1.49,0.27,0.008,0.002,0.003,-0.073,-0.104,0,-0.08099999999999999,-0.106,-0.003,-4.62,-5.2,-0.09,1220,1230,1229,1240
2026-10-06T13:54:40.377Z,1791294880377,21111,838,32960,2,ARMED,14699,21111,21112,true,1,true,true,1.05,1.49,0.27,-0.009,0.013,-0.001,-0.073,-0.104,0,-0.064,-0.11699999999999999,0.001,-2.54,-6.79,0.04,1226,1240,1231,1245
2026-10-06T13:54:40.407Z,1791294880407,21131,839,32960,2,ARMED,14716,21131,21132,true,1,true,true,1.05,1.49,0.27,-0.002,-0.002,-0.002,-0.073,-0.104,0,-0.071,-0.102,0.002,-3.57,-5.26,0.06,1226,1237,1234,1244
2026-10-06T13:54:40.414Z,1791294880414,21151,840,32960,2,ARMED,14734,21151,21152,true,1,true,true,1.05,1.49,0.27,0.015,-0.009,0.006,-0.074,-0.104,0,-0.089,-0.095,-0.006,-5.86,-3.96,-0.22,1226,1233,1237,1245
2026-10-06T13:54:40.443Z,1791294880443,21171,841,32960,2,ARMED,14752,21171,21172,true,1,true,true,1.06,1.49,0.27,-0.009,-0.005,-0.006,-0.074,-0.104,0,-0.065,-0.09899999999999999,0.006,-2.25,-4.71,0.22,1228,1238,1233,1242
2026-10-06T13:54:40.458Z,1791294880458,21191,842,32960,2,ARMED,14770,21191,21192,true,1,true,true,1.06,1.49,0.26,-0.01,0.007,0.002,-0.074,-0.104,0,-0.064,-0.111,-0.002,-2.73,-6.35,-0.07,1226,1239,1232,1245
2026-10-06T13:54:40.475Z,1791294880475,21210,843,32960,2,ARMED,14788,21210,21211,true,1,true,true,1.06,1.5,0.26,0.002,0.002,0.001,-0.074,-0.105,0,-0.076,-0.107,-0.001,-4.03,-6.15,-0.04,1225,1237,1233,1246
2026-10-06T13:54:40.514Z,1791294880514,21231,844,32960,2,ARMED,14806,21231,21232,true,1,true,true,1.06,1.5,0.27,0.005,-0.002,0.004,-0.074,-0.105,0,-0.079,-0.103,-0.004,-4.6,-5.32,-0.13,1226,1236,1235,1245
2026-10-06T13:54:40.516Z,1791294880516,21250,845,32960,2,ARMED,14823,21250,21251,true,1,true,true,1.06,1.5,0.27,-0.001,0.001,-0.004,-0.074,-0.105,0,-0.073,-0.106,0.004,-3.9,-5.68,0.13,1226,1237,1234,1245
2026-10-06T13:54:40.543Z,1791294880543,21271,846,32960,2,ARMED,14842,21271,21272,true,1,true,true,1.06,1.51,0.27,-0.005,-0.001,0.001,-0.074,-0.105,0,-0.06899999999999999,-0.104,-0.001,-3.38,-5.52,-0.04,1227,1237,1233,1244
2026-10-06T13:54:40.558Z,1791294880558,21291,847,32960,2,ARMED,14860,21291,21292,true,1,true,true,1.06,1.51,0.27,-0.001,0,-0.004,-0.074,-0.105,0,-0.073,-0.105,0.004,-3.96,-5.61,0.13,1226,1237,1234,1245
2026-10-06T13:54:40.577Z,1791294880577,21310,848,32960,2,ARMED,14878,21310,21311,true,1,true,true,1.06,1.51,0.27,0.003,0,0.001,-0.074,-0.105,0,-0.077,-0.105,-0.001,-4.63,-5.67,-0.02,1225,1236,1234,1246
2026-10-06T13:54:40.611Z,1791294880611,21331,849,32960,2,ARMED,14896,21331,21332,true,1,true,true,1.07,1.51,0.27,-0.004,0.001,-0.004,-0.075,-0.106,0,-0.071,-0.107,0.004,-3.44,-5.81,0.13,1226,1238,1233,1244
2026-10-06T13:54:40.615Z,1791294880615,21350,850,32960,2,ARMED,14913,21350,21351,true,1,true,true,1.07,1.52,0.27,-0.006,0.002,0.002,-0.075,-0.106,0,-0.06899999999999999,-0.108,-0.002,-3.28,-5.93,-0.08,1226,1238,1233,1245
2026-10-06T13:54:40.647Z,1791294880647,21371,851,32960,2,ARMED,14932,21371,21371,true,0,true,true,1.07,1.51,0.27,0.002,0.005,-0.004,-0.075,-0.105,0,-0.077,-0.11,0.004,-4.39,-6.74,0.15,1224,1238,1233,1246
2026-10-06T13:54:40.654Z,1791294880654,21391,852,32960,2,ARMED,14950,21391,21392,true,1,true,true,1.08,1.51,0.27,0.001,-0.003,0.008,-0.075,-0.106,0,-0.076,-0.103,-0.008,-4.23,-5.74,-0.28,1226,1237,1234,1246
2026-10-06T13:54:40.676Z,1791294880676,21410,853,32960,2,ARMED,14967,21410,21411,true,1,true,true,1.08,1.51,0.27,-0.006,-0.003,-0.002,-0.076,-0.106,0,-0.06999999999999999,-0.103,0.002,-3.53,-5.52,0.07,1226,1237,1233,1244
2026-10-06T13:54:40.697Z,1791294880697,21431,854,32960,2,ARMED,14985,21431,21432,true,1,true,true,1.09,1.51,0.28,-0.002,-0.005,-0.002,-0.076,-0.105,0,-0.074,-0.09999999999999999,0.002,-4.04,-5.35,0.05,1226,1237,1234,1245
2026-10-06T13:54:40.715Z,1791294880715,21450,855,32960,2,ARMED,15002,21450,21451,true,1,true,true,1.08,1.52,0.28,0.001,0.001,0.001,-0.076,-0.106,0,-0.077,-0.107,-0.001,-4.49,-6.02,-0.04,1225,1237,1234,1246
2026-10-06T13:54:40.751Z,1791294880751,21471,856,32960,2,ARMED,15021,21471,21472,true,1,true,true,1.07,1.51,0.28,-0.012,0.007,0.009,-0.075,-0.105,0,-0.063,-0.112,-0.009,-2.99,-6.76,-0.32,1226,1239,1231,1245
2026-10-06T13:54:40.754Z,1791294880754,21491,857,32960,2,ARMED,15039,21491,21492,true,1,true,true,1.08,1.51,0.28,-0.008,-0.002,0,-0.075,-0.105,0,-0.067,-0.103,0,-3.22,-5.99,0,1226,1238,1233,1245
2026-10-06T13:54:40.776Z,1791294880776,21511,858,32960,2,ARMED,15057,21511,21512,true,1,true,true,1.1,1.48,0.28,-0.006,0.001,0,-0.077,-0.103,0,-0.071,-0.104,0,-3.69,-6.37,0,1225,1238,1233,1245
2026-10-06T13:54:40.814Z,1791294880814,21531,859,32960,2,ARMED,15074,21531,21532,true,1,true,true,1.08,1.53,0.28,0.011,0,-0.014,-0.076,-0.107,0,-0.087,-0.107,0.014,-5.69,-5.72,0.5,1223,1236,1236,1246
2026-10-06T13:54:40.819Z,1791294880819,21550,860,32960,2,ARMED,15091,21550,21551,true,1,true,true,1.02,1.52,0.27,0,-0.037,0.003,-0.071,-0.106,0,-0.071,-0.069,-0.003,-5.13,-1.72,-0.09,1229,1232,1239,1242
2026-10-06T13:54:40.841Z,1791294880841,21571,861,32960,2,ARMED,15110,21571,21572,true,1,true,true,1.16,1.5,0.3,0,0.039,0.012,-0.081,-0.105,0,-0.081,-0.144,-0.012,-4.34,-10.28,-0.41,1221,1241,1229,1250
2026-10-06T13:54:40.861Z,1791294880861,21591,862,32960,2,ARMED,15128,21591,21592,true,1,true,true,0.97,1.54,0.25,-0.007,-0.067,0.004,-0.068,-0.107,0,-0.061000000000000006,-0.039999999999999994,-0.004,-4.59,3.09,-0.15,1234,1228,1243,1237
2026-10-06T13:54:40.877Z,1791294880877,21610,863,32960,2,ARMED,15145,21610,21611,true,1,true,true,1.16,1.45,0.31,0.02,0.125,0.029,-0.081,-0.102,0,-0.101,-0.22699999999999998,-0.029,-6.32,-22.82,-1.01,1213,1257,1224,1271
2026-10-06T13:54:40.898Z,1791294880898,21631,864,32960,2,ARMED,15163,21631,21632,true,1,true,true,0.99,1.5,0.27,0.031,-0.201,0.027,-0.069,-0.105,0,-0.1,0.09600000000000002,-0.027,-7.31,12.85,-0.93,1253,1226,1266,1242
2026-10-06T13:54:40.920Z,1791294880920,21652,865,32960,2,ARMED,15181,21652,21652,true,0,true,true,1.1,1.61,0.29,-0.043,0.074,-0.08,-0.077,-0.112,0,-0.034,-0.186,0.08,-0.03,-6.45,2.79,1243,1262,1249,1256
2026-10-06T13:54:40.946Z,1791294880946,21671,866,32960,2,ARMED,15200,21671,21672,true,1,true,true,1.09,1.37,0.3,-0.097,0.2,0.013,-0.076,-0.096,0,0.021000000000000005,-0.29600000000000004,-0.013,8.05,-36.71,-0.47,1224,1297,1207,1282
2026-10-06T13:54:40.957Z,1791294880957,21691,867,32960,2,ARMED,15218,21691,21692,true,1,true,true,1.06,1.57,0.28,0.067,-0.244,0.026,-0.074,-0.109,0,-0.14100000000000001,0.135,-0.026,-11.7,18.32,-0.9,1260,1222,1282,1247
2026-10-06T13:54:40.974Z,1791294880974,21711,868,32960,2,ARMED,15236,21711,21712,true,1,true,true,1.04,1.6,0.3,0.009,0.011,-0.069,-0.073,-0.111,0,-0.08199999999999999,-0.122,0.069,-8.26,1.43,2.42,1243,1245,1265,1257
2026-10-06T13:54:41.000Z,1791294881000,21731,869,32960,2,ARMED,15253,21731,21732,true,1,true,true,1.11,1.43,0.33,-0.056,0.218,-0.007,-0.077,-0.1,0,-0.020999999999999998,-0.318,0.007,2.18,-33.65,0.25,1221,1289,1217,1284
2026-10-06T13:54:41.015Z,1791294881015,21750,870,32960,2,ARMED,15270,21750,21751,true,1,true,true,1.14,1.51,0.32,0.047,-0.104,0.048,-0.08,-0.106,0,-0.127,-0.0020000000000000018,-0.048,-9.61,-1.17,-1.7,1244,1243,1259,1265
2026-10-06T13:54:41.040Z,1791294881040,21771,871,32960,2,ARMED,15289,21771,21772,true,1,true,true,1.11,1.59,0.31,0.093,-0.203,0.005,-0.078,-0.111,0,-0.17099999999999999,0.09200000000000001,-0.005,-17.23,19.9,-0.18,1255,1215,1290,1250
2026-10-06T13:54:41.058Z,1791294881058,21791,872,32960,2,ARMED,15307,21791,21792,true,1,true,true,1.01,1.58,0.34,-0.039,0.054,-0.044,-0.071,-0.11,0,-0.031999999999999994,-0.164,0.044,0.06,-9.38,1.51,1242,1264,1245,1260
2026-10-06T13:54:41.075Z,1791294881075,21810,873,32960,2,ARMED,15324,21810,21811,true,1,true,true,1.11,1.51,0.34,-0.059,0.178,0.097,-0.078,-0.105,0,-0.019000000000000003,-0.283,-0.097,4.66,-29.36,-3.42,1231,1283,1215,1281
2026-10-06T13:54:41.097Z,1791294881097,21831,874,32960,2,ARMED,15342,21831,21832,true,1,true,true,1.22,1.46,0.35,-0.03,0.087,-0.007,-0.085,-0.102,0,-0.05500000000000001,-0.189,0.007,3.32,-23.19,0.23,1233,1279,1226,1272
2026-10-06T13:54:41.123Z,1791294881123,21851,875,32960,2,ARMED,15359,21851,21852,true,1,true,true,1.12,1.48,0.35,0.088,-0.177,-0.011,-0.078,-0.103,0,-0.16599999999999998,0.074,0.011,-16.23,11.93,0.38,1254,1231,1287,1262
2026-10-06T13:54:41.143Z,1791294881143,21871,876,32960,2,ARMED,15377,21871,21872,true,1,true,true,1,1.61,0.36,0.123,-0.18,0.004,-0.07,-0.112,0,-0.193,0.06799999999999999,-0.004,-22.77,21.9,-0.17,1258,1214,1303,1259
2026-10-06T13:54:41.164Z,1791294881164,21891,877,32960,2,ARMED,15395,21891,21892,true,1,true,true,1.13,1.53,0.38,-0.127,0.229,0.046,-0.079,-0.107,0,0.048,-0.336,-0.046,11.93,-26.1,-1.64,1246,1295,1219,1274
2026-10-06T13:54:41.175Z,1791294881175,21911,878,32960,2,ARMED,15413,21911,21912,true,1,true,true,1.31,1.33,0.36,-0.21,0.356,-0.073,-0.091,-0.093,0,0.119,-0.44899999999999995,0.073,25.85,-58.52,2.54,1223,1345,1177,1289
2026-10-06T13:54:41.200Z,1791294881200,21931,879,32960,2,ARMED,15430,21931,21932,true,1,true,true,1.13,1.26,0.4,-0.022,-0.216,-0.041,-0.079,-0.088,0,-0.057,0.128,0.041,-1.9,9.77,1.41,1265,1248,1271,1249
2026-10-06T13:54:41.220Z,1791294881220,21950,880,32960,2,ARMED,15447,21950,21951,true,1,true,true,1.01,1.45,0.4,0.077,-0.255,0.051,-0.071,-0.101,0,-0.148,0.154,-0.051,-18.03,31.57,-1.79,1274,1207,1306,1247
2026-10-06T13:54:41.241Z,1791294881241,21971,881,32960,2,ARMED,15466,21971,21971,true,0,true,true,1.07,1.35,0.4,-0.059,0.155,0.025,-0.075,-0.094,0,-0.016,-0.249,-0.025,-0.1,-14.92,-0.9,1244,1272,1243,1274
2026-10-06T13:54:41.261Z,1791294881261,21991,882,32960,2,ARMED,15484,21991,21992,true,1,true,true,1.14,1.2,0.42,-0.021,0.316,-0.02,-0.079,-0.084,0,-0.057999999999999996,-0.4,0.02,-2.64,-45.52,0.66,1210,1302,1216,1306
2026-10-06T13:54:41.274Z,1791294881274,22010,883,32960,2,ARMED,15501,22010,22011,true,1,true,true,1.25,1.14,0.43,0.094,-0.13,0.01,-0.087,-0.08,0,-0.181,0.05,-0.01,-15.1,-0.77,-0.36,1243,1244,1272,1275
2026-10-06T13:54:41.300Z,1791294881300,22031,884,32960,2,ARMED,15519,22031,22032,true,1,true,true,1.27,1.21,0.43,0.015,-0.237,0.079,-0.088,-0.085,0,-0.103,0.15199999999999997,-0.079,-7.75,22.16,-2.8,1276,1226,1286,1247
2026-10-06T13:54:41.314Z,1791294881314,22050,885,32960,2,ARMED,15537,22050,22051,true,1,true,true,1.23,1.21,0.41,-0.061,-0.022,0.02,-0.086,-0.085,0,-0.024999999999999994,-0.063,-0.02,1.48,-0.32,-0.73,1260,1259,1256,1258
2026-10-06T13:54:41.348Z,1791294881348,22071,886,32960,2,ARMED,15556,22071,22072,true,1,true,true,1.23,1.21,0.42,0.077,-0.022,-0.049,-0.086,-0.085,0,-0.16299999999999998,-0.063,0.049,-17,-0.38,1.71,1239,1244,1277,1274
2026-10-06T13:54:41.366Z,1791294881366,22091,887,32960,2,ARMED,15574,22091,22092,true,1,true,true,1.19,1.22,0.45,0.02,0.031,-0.051,-0.083,-0.085,0,-0.10300000000000001,-0.116,0.051,-7.25,-7.13,1.76,1242,1260,1260,1271
2026-10-06T13:54:41.374Z,1791294881374,22110,888,32960,2,ARMED,15591,22110,22111,true,1,true,true,1.25,1.17,0.44,-0.132,0.239,0.051,-0.087,-0.081,0,0.04500000000000001,-0.32,-0.051,11.65,-39.09,-1.8,1233,1307,1206,1288
2026-10-06T13:54:41.402Z,1791294881402,22131,889,32960,2,ARMED,15609,22131,22132,true,1,true,true,1.28,1.18,0.44,-0.023,-0.024,0.038,-0.089,-0.083,0,-0.066,-0.059000000000000004,-0.038,-0.22,-12.43,-1.37,1247,1269,1245,1272
2026-10-06T13:54:41.425Z,1791294881425,22151,890,32960,2,ARMED,15627,22151,22152,true,1,true,true,1.18,1.34,0.44,0.128,-0.35,-0.063,-0.082,-0.094,0,-0.21000000000000002,0.256,0.063,-22.06,35.56,2.19,1270,1203,1318,1243
2026-10-06T13:54:41.441Z,1791294881441,22171,891,32960,2,ARMED,15645,22171,22172,true,1,true,true,1.01,1.44,0.47,0.059,-0.098,-0.015,-0.07,-0.1,0,-0.129,-0.0020000000000000018,0.015,-16.53,17.09,0.51,1258,1225,1293,1257
2026-10-06T13:54:41.454Z,1791294881454,22191,892,32960,2,ARMED,15663,22191,22192,true,1,true,true,1.07,1.32,0.47,-0.153,0.445,0.109,-0.075,-0.092,0,0.078,-0.537,-0.109,10.23,-53.25,-3.83,1219,1318,1191,1305
2026-10-06T13:54:41.484Z,1791294881484,22210,893,32960,2,ARMED,15680,22210,22211,true,1,true,true,1.18,1.29,0.43,-0.005,0.164,-0.05,-0.082,-0.09,0,-0.077,-0.254,0.05,-0.85,-43.72,1.72,1212,1303,1217,1301
2026-10-06T13:54:41.499Z,1791294881499,22231,894,32960,2,ARMED,15698,22231,22232,true,1,true,true,1.15,1.45,0.43,0.12,-0.393,-0.102,-0.08,-0.101,0,-0.2,0.29200000000000004,0.102,-17.16,29.47,3.55,1267,1215,1309,1243
2026-10-06T13:54:41.515Z,1791294881515,22250,895,32960,2,ARMED,15715,22250,22251,true,1,true,true,1.04,1.66,0.45,0.082,-0.286,0.051,-0.072,-0.116,0,-0.154,0.16999999999999998,-0.051,-19.59,41.22,-1.8,1282,1196,1317,1239
2026-10-06T13:54:41.541Z,1791294881541,22271,896,32960,2,ARMED,15734,22271,22272,true,1,true,true,1.1,1.54,0.43,-0.115,0.25,0.069,-0.077,-0.107,0,0.038000000000000006,-0.357,-0.069,4.43,-22.6,-2.45,1243,1283,1229,1279
2026-10-06T13:54:41.561Z,1791294881561,22291,897,32960,2,ARMED,15752,22291,22292,true,1,true,true,1.3,1.33,0.41,-0.052,0.416,-0.016,-0.091,-0.093,0,-0.039,-0.509,0.016,2.02,-64.21,0.55,1196,1325,1193,1320
2026-10-06T13:54:41.575Z,1791294881575,22311,898,32960,2,ARMED,15770,22311,22312,true,1,true,true,1.37,1.43,0.42,-0.012,-0.038,-0.05,-0.096,-0.1,0,-0.084,-0.062000000000000006,0.05,1.82,-21.55,1.72,1237,1284,1237,1276
2026-10-06T13:54:41.597Z,1791294881597,22331,899,32960,2,ARMED,15787,22331,22332,true,1,true,true,1.37,1.59,0.46,0.072,-0.47,0.032,-0.096,-0.111,0,-0.16799999999999998,0.359,-0.032,-17.02,52.26,-1.17,1295,1188,1327,1224
2026-10-06T13:54:41.615Z,1791294881615,22350,900,32960,2,ARMED,15803,22350,22351,true,1,true,true,1.4,1.55,0.43,-0.089,0.114,0.004,-0.097,-0.108,0,-0.008000000000000007,-0.222,-0.004,0.41,-11.04,-0.16,1254,1275,1253,1275
2026-10-06T13:54:41.641Z,1791294881641,22370,901,32960,2,ARMED,15821,22370,22371,true,1,true,true,1.54,1.37,0.43,-0.015,0.372,-0.018,-0.108,-0.096,0,-0.093,-0.46799999999999997,0.018,-5.18,-54.09,0.59,1210,1319,1222,1329
2026-10-06T13:54:41.661Z,1791294881661,22391,902,32960,2,ARMED,15839,22391,22392,true,1,true,true,1.58,1.41,0.47,-0.018,0.07,-0.057,-0.11,-0.098,0,-0.092,-0.168,0.057,-0.5,-26.42,1.98,1241,1298,1246,1295
2026-10-06T13:54:41.675Z,1791294881675,22410,903,32960,2,ARMED,15856,22410,22411,true,1,true,true,1.48,1.57,0.47,0.152,-0.236,0.028,-0.103,-0.11,0,-0.255,0.126,-0.028,-28.53,21.93,-1,1270,1224,1325,1283
2026-10-06T13:54:41.697Z,1791294881697,22431,904,32960,2,ARMED,15873,22431,22432,true,1,true,true,1.53,1.57,0.46,-0.088,0.096,0.092,-0.106,-0.11,0,-0.018000000000000002,-0.20600000000000002,-0.092,2.66,-16.37,-3.23,1271,1297,1259,1298
2026-10-06T13:54:41.714Z,1791294881714,22451,905,32960,2,ARMED,15891,22451,22452,true,1,true,true,1.55,1.45,0.45,-0.001,-0.041,-0.031,-0.108,-0.101,0,-0.107,-0.060000000000000005,0.031,-9.41,-3.31,1.05,1268,1276,1289,1293
2026-10-06T13:54:41.743Z,1791294881743,22471,906,32960,2,ARMED,15909,22471,22472,true,1,true,true,1.54,1.49,0.48,-0.004,-0.089,-0.072,-0.107,-0.104,0,-0.103,-0.015,0.072,-6.91,1.02,2.5,1279,1282,1298,1291
2026-10-06T13:54:41.758Z,1791294881758,22492,907,32960,2,ARMED,15926,22492,22492,true,0,true,true,1.57,1.5,0.5,-0.006,-0.037,0.003,-0.11,-0.104,0,-0.104,-0.067,-0.003,-9.21,4.06,-0.15,1288,1280,1306,1298
2026-10-06T13:54:41.775Z,1791294881775,22510,908,32960,2,ARMED,15943,22510,22511,true,1,true,true,1.59,1.4,0.49,-0.109,0.226,0.04,-0.111,-0.098,0,-0.0020000000000000018,-0.324,-0.04,5.25,-32.54,-1.43,1267,1329,1254,1322
2026-10-06T13:54:41.800Z,1791294881800,22531,909,32960,2,ARMED,15960,22531,22532,true,1,true,true,1.7,1.29,0.5,-0.021,0.2,0.063,-0.119,-0.09,0,-0.09799999999999999,-0.29000000000000004,-0.063,-3.67,-38.32,-2.23,1259,1331,1262,1343
2026-10-06T13:54:41.814Z,1791294881814,22551,910,32960,2,ARMED,15977,22551,22552,true,1,true,true,1.68,1.29,0.51,0.076,-0.141,-0.022,-0.117,-0.09,0,-0.193,0.05099999999999999,0.022,-16.88,0.53,0.72,1287,1288,1323,1320
2026-10-06T13:54:41.841Z,1791294881841,22571,911,32960,2,ARMED,15995,22571,22571,true,0,true,true,1.54,1.41,0.53,0.019,-0.228,-0.018,-0.108,-0.098,0,-0.127,0.13,0.018,-10.25,19.18,0.59,1313,1276,1335,1295
2026-10-06T13:54:41.856Z,1791294881856,22590,912,32960,2,ARMED,16012,22590,22591,true,1,true,true,1.43,1.49,0.56,-0.002,-0.214,0.042,-0.1,-0.104,0,-0.098,0.11,-0.042,-9.8,26.27,-1.52,1328,1273,1345,1295
2026-10-06T13:54:41.876Z,1791294881876,22610,913,32960,2,ARMED,16029,22610,22611,true,1,true,true,1.43,1.5,0.58,-0.088,0.042,0.034,-0.1,-0.105,0,-0.01200000000000001,-0.147,-0.034,0.02,-3.41,-1.24,1314,1318,1311,1321
2026-10-06T13:54:41.902Z,1791294881902,22631,914,32960,2,ARMED,16047,22631,22632,true,1,true,true,1.45,1.45,0.59,-0.084,0.164,0.03,-0.101,-0.101,0,-0.017,-0.265,-0.03,1.65,-23.4,-1.1,1295,1340,1290,1339
2026-10-06T13:54:41.916Z,1791294881916,22650,915,32960,2,ARMED,16064,22650,22651,true,1,true,true,1.56,1.39,0.62,0.013,0.177,0.014,-0.109,-0.097,0,-0.122,-0.274,-0.014,-8.9,-31.2,-0.54,1282,1344,1299,1362
2026-10-06T13:54:41.942Z,1791294881942,22671,916,32960,2,ARMED,16082,22671,22671,true,0,true,true,1.55,1.38,0.67,0.011,0.104,-0.026,-0.108,-0.097,0,-0.119,-0.201,0.026,-7.38,-23.5,0.83,1296,1345,1312,1358
2026-10-06T13:54:41.956Z,1791294881956,22691,917,32960,2,ARMED,16100,22691,22692,true,1,true,true,1.51,1.35,0.72,0,0.103,0.026,-0.106,-0.094,0,-0.106,-0.197,-0.026,-6.01,-24.9,-0.99,1298,1345,1308,1359
2026-10-06T13:54:41.986Z,1791294881986,22711,918,32960,2,ARMED,16117,22711,22712,true,1,true,true,1.53,1.38,0.76,0.054,0.017,0.06,-0.107,-0.096,0,-0.161,-0.113,-0.06,-13.77,-12.63,-2.17,1309,1330,1332,1362
2026-10-06T13:54:42.004Z,1791294882004,22732,919,32960,2,ARMED,16134,22732,22732,true,0,true,true,1.54,1.35,0.77,0.061,0.055,0.057,-0.108,-0.094,0,-0.16899999999999998,-0.149,-0.057,-17.56,-15.41,-2.09,1308,1335,1339,1374
2026-10-06T13:54:42.021Z,1791294882021,22750,920,32960,2,ARMED,16151,22750,22751,true,1,true,true,1.55,1.35,0.76,-0.083,0.101,0.052,-0.108,-0.094,0,-0.024999999999999994,-0.195,-0.052,2.74,-25.95,-1.89,1318,1366,1308,1364
2026-10-06T13:54:42.042Z,1791294882042,22771,921,32960,2,ARMED,16170,22771,22772,true,1,true,true,1.6,1.33,0.78,-0.054,0.102,0.062,-0.112,-0.093,0,-0.058,-0.195,-0.062,0.94,-27.19,-2.25,1321,1371,1314,1373
2026-10-06T13:54:42.055Z,1791294882055,22789,922,32960,2,ARMED,16186,22789,22790,true,1,true,true,1.67,1.36,0.79,0.082,-0.168,0.029,-0.117,-0.095,0,-0.199,0.07300000000000001,-0.029,-16.26,7.69,-1.09,1337,1320,1368,1355
2026-10-06T13:54:42.080Z,1791294882080,22811,923,32960,2,ARMED,16205,22811,22812,true,1,true,true,1.67,1.33,0.8,0.078,-0.147,0.014,-0.116,-0.093,0,-0.194,0.05399999999999999,-0.014,-14.81,2.13,-0.59,1339,1333,1367,1364
2026-10-06T13:54:42.103Z,1791294882103,22831,924,32960,2,ARMED,16222,22831,22832,true,1,true,true,1.63,1.38,0.83,0.117,-0.177,-0.007,-0.114,-0.096,0,-0.231,0.08099999999999999,0.007,-19.9,9.27,0.17,1346,1327,1386,1367
2026-10-06T13:54:42.115Z,1791294882115,22850,925,32960,2,ARMED,16239,22850,22851,true,1,true,true,1.55,1.38,0.86,0.168,-0.203,-0.047,-0.108,-0.097,0,-0.276,0.10600000000000001,0.047,-26.29,11.52,1.56,1340,1320,1396,1370
2026-10-06T13:54:42.142Z,1791294882142,22869,926,32960,2,ARMED,16257,22869,22870,true,1,true,true,1.53,1.48,0.89,0.24,-0.356,-0.076,-0.106,-0.103,0,-0.346,0.253,0.076,-40.62,36.08,2.56,1355,1288,1441,1364
2026-10-06T13:54:42.159Z,1791294882159,22891,927,32960,2,ARMED,16275,22891,22892,true,1,true,true,1.61,1.51,0.9,0.212,-0.217,-0.055,-0.113,-0.105,0,-0.325,0.112,0.055,-33.33,14.01,1.81,1347,1322,1417,1385
2026-10-06T13:54:42.176Z,1791294882176,22910,928,32960,2,ARMED,16292,22910,22911,true,1,true,true,1.59,1.6,0.96,0.238,-0.262,0.016,-0.111,-0.112,0,-0.349,0.15000000000000002,-0.016,-41.39,25.42,-0.67,1353,1300,1434,1385
2026-10-06T13:54:42.199Z,1791294882199,22931,929,32960,2,ARMED,16309,22931,22932,true,1,true,true,1.62,1.58,1,0.3,-0.225,-0.008,-0.113,-0.11,0,-0.413,0.115,0.008,-48.11,16.69,0.16,1342,1309,1439,1405
2026-10-06T13:54:42.217Z,1791294882217,22951,930,32960,2,ARMED,16327,22951,22952,true,1,true,true,1.54,1.55,1.07,0.374,-0.186,0.069,-0.108,-0.108,0,-0.482,0.078,-0.069,-56.47,11.47,-2.54,1337,1309,1445,1427
2026-10-06T13:54:42.245Z,1791294882245,22971,931,32960,2,ARMED,16344,22971,22972,true,1,true,true,1.48,1.53,1.2,0.396,-0.202,0.137,-0.103,-0.107,0,-0.499,0.09500000000000001,-0.137,-61.03,17.52,-4.94,1341,1296,1453,1428
2026-10-06T13:54:42.258Z,1791294882258,22991,932,32960,2,ARMED,16361,22991,22992,true,1,true,true,1.48,1.45,1.31,0.376,-0.117,0.123,-0.103,-0.101,0,-0.479,0.016,-0.123,-56.4,4.08,-4.5,1337,1320,1441,1442
2026-10-06T13:54:42.274Z,1791294882274,23011,933,32960,2,ARMED,16379,23011,23012,true,1,true,true,1.48,1.46,1.43,0.331,-0.061,0.117,-0.103,-0.102,0,-0.434,-0.040999999999999995,-0.117,-49.47,-2.62,-4.3,1343,1340,1433,1447
2026-10-06T13:54:42.305Z,1791294882305,23031,934,32960,2,ARMED,16396,23031,23032,true,1,true,true,1.51,1.5,1.54,0.304,-0.056,0.109,-0.106,-0.105,0,-0.41,-0.048999999999999995,-0.109,-45.15,-0.63,-4.02,1349,1342,1431,1441
2026-10-06T13:54:42.320Z,1791294882320,23051,935,32960,2,ARMED,16414,23051,23052,true,1,true,true,1.51,1.58,1.66,0.209,-0.012,0.072,-0.106,-0.11,0,-0.315,-0.098,-0.072,-33.1,-1.54,-2.75,1365,1362,1426,1434
2026-10-06T13:54:42.346Z,1791294882346,23071,936,32960,2,ARMED,16432,23071,23072,true,1,true,true,1.5,1.6,1.78,0.136,0.036,0.063,-0.104,-0.112,0,-0.24,-0.148,-0.063,-23.75,-8.65,-2.48,1373,1385,1415,1437
2026-10-06T13:54:42.356Z,1791294882356,23091,937,32960,2,ARMED,16450,23091,23092,true,1,true,true,1.48,1.68,1.91,0.063,-0.174,0.021,-0.103,-0.117,0,-0.16599999999999998,0.05699999999999998,-0.021,-14.71,18.06,-1.03,1407,1369,1434,1400
2026-10-06T13:54:42.376Z,1791294882376,23111,938,32960,2,ARMED,16467,23111,23112,true,1,true,true,1.52,1.65,2.02,0.011,-0.227,-0.03,-0.106,-0.115,0,-0.11699999999999999,0.112,0.03,-7.7,23.45,0.76,1423,1378,1440,1392
2026-10-06T13:54:42.398Z,1791294882398,23131,939,32960,2,ARMED,16483,23131,23132,true,1,true,true,1.62,1.66,2.12,0.02,-0.244,-0.106,-0.113,-0.116,0,-0.133,0.128,0.106,-10.37,24,3.39,1424,1383,1452,1397
2026-10-06T13:54:42.415Z,1791294882415,23150,940,32960,2,ARMED,16500,23150,23151,true,1,true,true,1.56,1.71,2.16,0.022,-0.244,-0.094,-0.109,-0.12,0,-0.131,0.124,0.094,-15.58,24.52,2.97,1420,1377,1457,1402
2026-10-06T13:54:42.456Z,1791294882456,23170,941,32960,2,ARMED,16518,23170,23171,true,1,true,true,1.51,1.7,2.18,0.252,-0.324,-0.13,-0.105,-0.119,0,-0.357,0.20500000000000002,0.13,-46.37,33.03,4.22,1402,1345,1503,1429
2026-10-06T13:54:42.458Z,1791294882458,23191,942,32960,2,ARMED,16536,23191,23192,true,1,true,true,1.52,1.54,2.19,0.43,-0.167,-0.055,-0.106,-0.107,0,-0.536,0.06000000000000001,0.055,-60.19,-0.89,1.6,1363,1368,1486,1485
2026-10-06T13:54:42.479Z,1791294882479,23210,943,32960,2,ARMED,16554,23210,23211,true,1,true,true,1.46,1.57,2.26,0.587,-0.087,-0.016,-0.102,-0.11,0,-0.689,-0.023000000000000007,0.016,-77.66,-11.19,0.23,1336,1359,1492,1514
2026-10-06T13:54:42.498Z,1791294882498,23231,944,32960,2,ARMED,16572,23231,23232,true,1,true,true,1.41,1.67,2.33,-0.097,0.304,0.007,-0.099,-0.117,0,-0.0020000000000000018,-0.421,-0.007,21.6,-56.89,-0.62,1397,1509,1352,1467
2026-10-06T13:54:42.514Z,1791294882514,23250,945,32960,2,ARMED,16589,23250,23251,true,1,true,true,1.21,1.74,2.39,-0.146,0.453,0.003,-0.084,-0.121,0,0.061999999999999986,-0.5740000000000001,-0.003,28.08,-70.55,-0.46,1395,1535,1338,1480
2026-10-06T13:54:42.551Z,1791294882551,23270,946,32960,2,ARMED,16606,23270,23271,true,1,true,true,1.16,1.83,2.46,-0.304,0.333,0.005,-0.081,-0.128,0,0.22299999999999998,-0.461,-0.005,50.35,-51.96,-0.57,1436,1539,1334,1439
2026-10-06T13:54:42.559Z,1791294882559,23291,947,32960,2,ARMED,16624,23291,23292,true,1,true,true,1.07,1.9,2.59,-0.847,0.172,0.095,-0.075,-0.133,0,0.772,-0.305,-0.095,105.76,-24.67,-3.72,1528,1569,1309,1365
2026-10-06T13:54:42.574Z,1791294882574,23310,948,32960,2,ARMED,16640,23310,23311,true,1,true,true,1.05,1.82,2.68,-0.811,-0.077,0.189,-0.073,-0.127,0,0.7380000000000001,-0.05,-0.189,92.17,0.01,-7.03,1548,1534,1349,1363
2026-10-06T13:54:42.601Z,1791294882601,23331,949,32960,2,ARMED,16658,23331,23332,true,1,true,true,0.87,1.85,2.92,-0.162,-0.26,0.401,-0.061,-0.129,0,0.101,0.131,-0.401,-9.31,32.08,-14.48,1486,1393,1475,1440
2026-10-06T13:54:42.615Z,1791294882615,23351,950,32960,2,ARMED,16675,23351,23352,true,1,true,true,0.87,1.75,3.06,0.635,-0.158,0.227,-0.061,-0.122,0,-0.696,0.036000000000000004,-0.227,-100.2,12.9,-8.42,1375,1333,1559,1550
2026-10-06T13:54:42.643Z,1791294882643,23372,951,32960,2,ARMED,16693,23372,23372,true,0,true,true,1.03,1.78,3.25,0.484,-0.283,0.149,-0.072,-0.124,0,-0.5559999999999999,0.15899999999999997,-0.149,-58.8,22.38,-5.73,1429,1373,1536,1502
2026-10-06T13:54:42.659Z,1791294882659,23391,952,32960,2,ARMED,16711,23391,23392,true,1,true,true,1.05,1.73,3.37,0.143,-0.205,0.045,-0.073,-0.121,0,-0.21599999999999997,0.08399999999999999,-0.045,-12.13,10.58,-2.1,1461,1435,1481,1464
2026-10-06T13:54:42.674Z,1791294882674,23410,953,32960,2,ARMED,16728,23410,23411,true,1,true,true,1,1.7,3.44,-0.254,-0.074,0.044,-0.07,-0.119,0,0.184,-0.045,-0.044,35.05,-11.26,-2.08,1492,1510,1417,1444
2026-10-06T13:54:42.700Z,1791294882700,23431,954,32960,2,ARMED,16745,23431,23432,true,1,true,true,0.9,1.73,3.55,-0.252,-0.061,0.127,-0.063,-0.121,0,0.189,-0.06,-0.127,19.73,-2.65,-5.02,1494,1489,1444,1460
2026-10-06T13:54:42.716Z,1791294882716,23451,955,32960,2,ARMED,16763,23451,23452,true,1,true,true,0.82,1.61,3.62,0.396,0.131,0.185,-0.057,-0.112,0,-0.453,-0.243,-0.185,-63.42,-28.72,-7.07,1387,1430,1499,1571
2026-10-06T13:54:42.741Z,1791294882741,23471,956,32960,2,ARMED,16780,23471,23472,true,1,true,true,0.92,1.62,3.77,0.23,-0.064,0.228,-0.064,-0.113,0,-0.29400000000000004,-0.049,-0.228,-28.7,-3.54,-8.6,1454,1444,1494,1518
2026-10-06T13:54:42.762Z,1791294882762,23490,957,32960,2,ARMED,16796,23490,23491,true,1,true,true,0.97,1.49,3.87,0.103,0.067,0.054,-0.068,-0.104,0,-0.17099999999999999,-0.17099999999999999,-0.054,-10.77,-25.45,-2.51,1449,1495,1466,1522
2026-10-06T13:54:42.774Z,1791294882774,23510,958,32960,2,ARMED,16814,23510,23511,true,1,true,true,0.93,1.34,3.97,-0.395,-0.301,0.094,-0.065,-0.094,0,0.33,0.207,-0.094,39.72,29.53,-3.94,1556,1489,1469,1418
2026-10-06T13:54:42.797Z,1791294882797,23531,959,32960,2,ARMED,16832,23531,23532,true,1,true,true,0.83,1.3,4.13,0.343,0.072,0.093,-0.058,-0.09,0,-0.401,-0.16199999999999998,-0.093,-59.47,-19.17,-3.91,1408,1439,1520,1566
2026-10-06T13:54:42.815Z,1791294882815,23550,960,32960,2,ARMED,16849,23550,23551,true,1,true,true,0.91,1.44,4.27,0.394,0.332,0.162,-0.064,-0.101,0,-0.458,-0.43300000000000005,-0.162,-55.16,-51.7,-6.36,1383,1473,1480,1596
2026-10-06T13:54:42.841Z,1791294882841,23570,961,32960,2,ARMED,16868,23570,23571,true,1,true,true,0.95,1.45,4.41,-0.204,0.105,0.181,-0.067,-0.101,0,0.13699999999999998,-0.20600000000000002,-0.181,31.86,-17.38,-7.07,1505,1525,1427,1476
2026-10-06T13:54:42.857Z,1791294882857,23591,962,32960,2,ARMED,16887,23591,23592,true,1,true,true,0.94,1.44,4.53,-0.326,-0.152,0.152,-0.066,-0.1,0,0.26,0.05199999999999999,-0.152,31.54,12.38,-6.05,1533,1496,1458,1445
2026-10-06T13:54:42.874Z,1791294882874,23610,963,32960,2,ARMED,16904,23610,23611,true,1,true,true,0.92,1.28,4.59,0.159,-0.311,0.054,-0.064,-0.09,0,-0.223,0.221,-0.054,-43.78,35.78,-2.65,1478,1401,1560,1494
2026-10-06T13:54:42.901Z,1791294882901,23631,964,32960,2,ARMED,16922,23631,23632,true,1,true,true,0.97,1.17,4.66,0.793,0.047,-0.074,-0.067,-0.082,0,-0.8600000000000001,-0.129,0.074,-116.13,-20.81,1.84,1344,1390,1580,1618
2026-10-06T13:54:42.916Z,1791294882916,23651,965,32960,2,ARMED,16940,23651,23652,true,1,true,true,0.85,1.02,4.74,0.051,0.262,0.111,-0.059,-0.071,0,-0.10999999999999999,-0.333,-0.111,-2.48,-47.81,-4.65,1437,1524,1433,1538
2026-10-06T13:54:42.941Z,1791294882941,23671,966,32960,2,ARMED,16958,23671,23672,true,1,true,true,0.75,1.02,4.87,0.035,0.153,0.287,-0.052,-0.071,0,-0.087,-0.22399999999999998,-0.287,-5.32,-27.54,-10.84,1461,1494,1450,1527
2026-10-06T13:54:42.961Z,1791294882961,23691,967,32960,2,ARMED,16976,23691,23692,true,1,true,true,0.65,0.92,5.08,-0.115,-0.262,0.373,-0.045,-0.064,0,0.07,0.198,-0.373,-8.27,29.33,-13.89,1518,1432,1507,1476
2026-10-06T13:54:42.979Z,1791294882979,23710,968,32960,2,ARMED,16993,23710,23711,true,1,true,true,0.69,0.87,5.25,0.191,-0.546,0.272,-0.048,-0.06,0,-0.239,0.48600000000000004,-0.272,-49.34,68.35,-10.4,1513,1355,1590,1475
2026-10-06T13:54:43.002Z,1791294883002,23731,969,32960,2,ARMED,17011,23731,23732,true,1,true,true,0.8,0.72,5.43,0.42,0.413,-0.084,-0.056,-0.05,0,-0.476,-0.46299999999999997,0.084,-61.71,-73.02,2.03,1346,1496,1474,1616
2026-10-06T13:54:43.018Z,1791294883018,23750,970,32960,2,ARMED,17029,23750,23751,true,1,true,true,0.85,0.74,5.66,0.2,0.237,0.234,-0.059,-0.052,0,-0.259,-0.289,-0.234,-32.03,-42.55,-9.13,1418,1485,1463,1567
2026-10-06T13:54:43.043Z,1791294883043,23771,971,32960,2,ARMED,17047,23771,23772,true,1,true,true,0.96,0.86,5.89,-0.011,-0.135,0.371,-0.067,-0.06,0,-0.05600000000000001,0.07500000000000001,-0.371,-2.12,17.76,-13.98,1513,1449,1489,1481
2026-10-06T13:54:43.056Z,1791294883056,23791,972,32960,2,ARMED,17065,23791,23792,true,1,true,true,1.05,0.93,6.07,-0.625,-0.236,0.326,-0.073,-0.065,0,0.552,0.17099999999999999,-0.326,72.9,27.33,-12.43,1596,1516,1425,1395
2026-10-06T13:54:43.081Z,1791294883081,23810,973,32960,2,ARMED,17082,23810,23811,true,1,true,true,0.98,0.77,6.34,0.06,-0.127,0.162,-0.069,-0.054,0,-0.129,0.07300000000000001,-0.162,-22.06,0.64,-6.74,1468,1454,1499,1511
2026-10-06T13:54:43.098Z,1791294883098,23831,974,32960,2,ARMED,17100,23831,23832,true,1,true,true,1.01,0.64,6.55,-0.013,-0.019,0.05,-0.07,-0.044,0,-0.05700000000000001,-0.024999999999999998,-0.05,-8.56,-19.58,-2.85,1458,1491,1469,1514
2026-10-06T13:54:43.116Z,1791294883116,23850,975,32960,2,ARMED,17117,23850,23851,true,1,true,true,1.13,0.76,6.81,0.16,0.669,0.143,-0.079,-0.053,0,-0.239,-0.7220000000000001,-0.143,-28.93,-87.93,-6.13,1372,1536,1418,1606
2026-10-06T13:54:43.142Z,1791294883142,23870,976,32960,2,ARMED,17134,23870,23871,true,1,true,true,1.26,0.81,7.28,-0.553,-0.006,0.536,-0.088,-0.057,0,0.4650000000000001,-0.051000000000000004,-0.536,58.02,-9.83,-19.98,1557,1537,1401,1461
2026-10-06T13:54:43.170Z,1791294883170,23891,977,32960,2,ARMED,17153,23891,23892,true,1,true,true,1.32,0.86,7.62,-0.11,-0.445,0.294,-0.092,-0.06,0,0.018000000000000002,0.385,-0.294,-4.59,45.86,-11.56,1542,1427,1528,1459
2026-10-06T13:54:43.175Z,1791294883175,23910,978,32960,2,ARMED,17170,23910,23911,true,1,true,true,1.45,0.86,7.88,0.261,0.255,0.247,-0.102,-0.06,0,-0.363,-0.315,-0.247,-47.6,-37.54,-9.97,1414,1469,1489,1584
2026-10-06T13:54:43.199Z,1791294883199,23931,979,32960,2,ARMED,17188,23931,23932,true,1,true,true,1.42,0.94,8.12,-0.034,-0.006,0.166,-0.099,-0.066,0,-0.065,-0.060000000000000005,-0.166,-2.78,6.75,-7.18,1500,1472,1491,1492
2026-10-06T13:54:43.216Z,1791294883216,23950,980,32960,2,ARMED,17205,23950,23951,true,1,true,true,1.4,0.88,8.37,-0.258,-0.296,0.146,-0.098,-0.061,0,0.16,0.235,-0.146,21.1,32.71,-6.53,1549,1471,1494,1442
2026-10-06T13:54:43.246Z,1791294883246,23971,981,32960,2,ARMED,17224,23971,23972,true,1,true,true,1.27,0.8,8.59,-0.573,0.045,0.211,-0.089,-0.056,0,0.484,-0.101,-0.211,63.22,-16.55,-8.82,1544,1560,1400,1451
2026-10-06T13:54:43.257Z,1791294883257,23991,982,32960,2,ARMED,17242,23991,23992,true,1,true,true,1.21,0.66,8.79,0.299,0.332,0.125,-0.084,-0.046,0,-0.383,-0.378,-0.125,-55.01,-64.64,-5.84,1375,1493,1473,1614
2026-10-06T13:54:43.276Z,1791294883276,24010,983,32960,2,ARMED,17259,24010,24011,true,1,true,true,1.25,0.98,8.96,-0.06,-0.087,0.062,-0.087,-0.068,0,-0.026999999999999996,0.01899999999999999,-0.062,-15.53,7.78,-3.68,1485,1462,1509,1500
2026-10-06T13:54:43.302Z,1791294883302,24031,984,32960,2,ARMED,17277,24031,24032,true,1,true,true,1.45,0.8,8.93,-0.209,-0.452,-0.07,-0.101,-0.056,0,0.10799999999999998,0.396,0.07,14.81,61.53,0.93,1564,1443,1537,1412
2026-10-06T13:54:43.314Z,1791294883314,24050,985,32960,2,ARMED,17294,24050,24051,true,1,true,true,1.54,0.78,9.04,0.143,-0.161,-0.079,-0.107,-0.055,0,-0.25,0.10600000000000001,0.079,-33.29,2.35,1.23,1457,1454,1526,1519
2026-10-06T13:54:43.341Z,1791294883341,24071,986,32960,2,ARMED,17313,24071,24071,true,0,true,true,1.49,0.65,9.02,0.2,-0.161,-0.119,-0.104,-0.045,0,-0.304,0.116,0.119,-32.61,0.75,2.63,1454,1458,1525,1518
2026-10-06T13:54:43.354Z,1791294883354,24091,987,32960,2,ARMED,17331,24091,24092,true,1,true,true,1.58,1.03,9.09,-0.118,0.606,0.084,-0.111,-0.072,0,0.006999999999999992,-0.6779999999999999,-0.084,6.3,-83.02,-4.46,1417,1574,1395,1570
2026-10-06T13:54:43.378Z,1791294883378,24111,988,32960,2,ARMED,17349,24111,24112,true,1,true,true,1.44,0.97,9.21,-0.263,-0.105,0.45,-0.101,-0.068,0,0.162,0.03699999999999999,-0.45,22.05,16.7,-17.29,1545,1477,1466,1467
2026-10-06T13:54:43.399Z,1791294883399,24131,989,32960,2,ARMED,17366,24131,24132,true,1,true,true,1.5,0.98,9.35,0.447,-0.653,0.27,-0.105,-0.068,0,-0.552,0.585,-0.27,-78.72,80.68,-11.04,1502,1318,1637,1498
2026-10-06T13:54:43.416Z,1791294883416,24150,990,32960,2,ARMED,17383,24150,24151,true,1,true,true,1.65,0.9,9.49,0.36,-0.66,0.054,-0.115,-0.062,0,-0.475,0.5980000000000001,-0.054,-59.12,66.89,-3.49,1500,1359,1611,1485
2026-10-06T13:54:43.444Z,1791294883444,24171,991,32960,2,ARMED,17402,24171,24172,true,1,true,true,1.58,0.91,9.61,0.577,0.496,-0.168,-0.111,-0.063,0,-0.688,-0.5589999999999999,0.168,-80.71,-79.4,4.24,1325,1492,1494,1645
2026-10-06T13:54:43.454Z,1791294883454,24191,992,32960,2,ARMED,17420,24191,24192,true,1,true,true,1.52,0.96,9.74,-0.009,0.237,0.153,-0.106,-0.067,0,-0.097,-0.304,-0.153,1.22,-36.36,-7,1461,1519,1444,1531
2026-10-06T13:54:43.479Z,1791294883479,24210,993,32960,2,ARMED,17438,24210,24211,true,1,true,true,1.48,1.02,9.83,-0.146,-0.133,0.087,-0.103,-0.071,0,0.043,0.06200000000000001,-0.087,15.07,9.61,-4.72,1518,1490,1479,1469
2026-10-06T13:54:43.509Z,1791294883509,24231,994,32960,2,ARMED,17456,24231,24232,true,1,true,true,1.41,0.91,9.88,-0.269,-0.103,0.2,-0.098,-0.064,0,0.171,0.03899999999999999,-0.2,18.01,0.54,-8.66,1516,1498,1463,1479
2026-10-06T13:54:43.515Z,1791294883515,24250,995,32960,2,ARMED,17473,24250,24251,true,1,true,true,1.55,0.88,9.99,0.522,-0.076,0.16,-0.108,-0.062,0,-0.63,0.013999999999999999,-0.16,-93.14,-10.45,-7.28,1393,1399,1564,1600
2026-10-06T13:54:43.548Z,1791294883548,24271,996,32960,2,ARMED,17492,24271,24272,true,1,true,true,1.69,0.92,10.13,0.026,-0.004,0.141,-0.118,-0.064,0,-0.144,-0.06,-0.141,-13.48,-6.6,-6.65,1475,1475,1489,1516
2026-10-06T13:54:43.556Z,1791294883556,24291,997,32960,2,ARMED,17510,24291,24292,true,1,true,true,1.66,1.11,10.25,0.049,0.021,-0.089,-0.116,-0.077,0,-0.165,-0.098,0.089,-4.91,9.69,1.37,1492,1476,1505,1483
2026-10-06T13:54:43.576Z,1791294883576,24310,998,32960,2,ARMED,17527,24310,24311,true,1,true,true,1.62,0.85,10.47,-0.355,0.093,0.117,-0.113,-0.059,0,0.242,-0.152,-0.117,44.68,-50.5,-5.86,1489,1578,1388,1501
2026-10-06T13:54:43.596Z,1791294883596,24331,999,32960,2,ARMED,17545,24331,24332,true,1,true,true,1.56,1.07,10.54,-0.333,0.238,0.077,-0.109,-0.075,0,0.22400000000000003,-0.313,-0.077,36.34,-37.13,-4.47,1493,1558,1411,1494
2026-10-06T13:54:43.616Z,1791294883616,24351,1000,32960,2,ARMED,17563,24351,24352,true,1,true,true,1.5,1.02,10.63,0.184,0.275,0.172,-0.105,-0.071,0,-0.289,-0.34600000000000003,-0.172,-39.54,-40.05,-7.84,1417,1482,1481,1576
2026-10-06T13:54:43.643Z,1791294883643,24370,1001,32960,2,ARMED,17580,24370,24371,true,1,true,true,1.53,0.88,10.74,0.823,-0.274,0.294,-0.107,-0.061,0,-0.9299999999999999,0.21300000000000002,-0.294,-115.36,30.49,-12.1,1422,1337,1628,1592
2026-10-06T13:54:43.656Z,1791294883656,24390,1002,32960,2,ARMED,17597,24390,24391,true,1,true,true,1.54,0.82,10.74,-0.075,-0.441,0.007,-0.107,-0.057,0,-0.032,0.384,-0.007,9.02,39.93,-2.09,1551,1467,1529,1454
2026-10-06T13:54:43.678Z,1791294883678,24410,1003,32960,2,ARMED,17615,24410,24411,true,1,true,true,1.43,0.84,10.68,0.186,-0.028,-0.262,-0.1,-0.059,0,-0.28600000000000003,-0.030999999999999996,0.262,-25.79,-16.58,7.37,1451,1499,1517,1535
2026-10-06T13:54:43.697Z,1791294883697,24431,1004,32960,2,ARMED,17632,24431,24432,true,1,true,true,1.5,1.08,10.71,-0.263,0.529,-0.019,-0.105,-0.076,0,0.15800000000000003,-0.605,0.019,25.51,-73.71,-1.17,1459,1604,1406,1556
2026-10-06T13:54:43.716Z,1791294883716,24450,1005,32960,2,ARMED,17649,24450,24451,true,1,true,true,1.46,1.09,10.76,-0.272,0.425,0.121,-0.102,-0.076,0,0.17000000000000004,-0.501,-0.121,33.93,-50.29,-6.07,1502,1590,1422,1534
2026-10-06T13:54:43.741Z,1791294883741,24471,1006,32960,2,ARMED,17667,24471,24472,true,1,true,true,1.43,1.03,10.86,-0.437,-0.285,0.211,-0.1,-0.072,0,0.33699999999999997,0.21299999999999997,-0.211,45.02,29.82,-9.24,1596,1518,1487,1446
2026-10-06T13:54:43.756Z,1791294883756,24491,1007,32960,2,ARMED,17684,24491,24492,true,1,true,true,1.55,1.03,10.89,-0.034,-0.313,-0.226,-0.108,-0.072,0,-0.074,0.241,0.226,-14.25,23.43,6.07,1521,1486,1561,1502
2026-10-06T13:54:43.779Z,1791294883779,24511,1008,32960,2,ARMED,17701,24511,24512,true,1,true,true,1.59,1.06,11.01,0.545,0.585,-0.163,-0.111,-0.074,0,-0.656,-0.6589999999999999,0.163,-83.21,-94.2,3.85,1342,1538,1516,1697
2026-10-06T13:54:43.805Z,1791294883805,24531,1009,32960,2,ARMED,17718,24531,24532,true,1,true,true,1.52,1.13,11.14,0.185,0.188,0.24,-0.106,-0.079,0,-0.291,-0.267,-0.24,-22.09,-30.61,-10.29,1481,1522,1505,1586
2026-10-06T13:54:43.820Z,1791294883820,24550,1010,32960,2,ARMED,17734,24550,24551,true,1,true,true,1.64,1.23,11.21,-0.434,-0.218,0.241,-0.115,-0.086,0,0.319,0.132,-0.241,47.02,17.45,-10.34,1604,1548,1489,1475
2026-10-06T13:54:43.841Z,1791294883841,24572,1011,32960,2,ARMED,17753,24572,24572,true,0,true,true,1.53,1.37,11.41,-0.2,-0.428,0.401,-0.107,-0.095,0,0.09300000000000001,0.33299999999999996,-0.401,-1.52,46.95,-15.98,1596,1471,1567,1506
2026-10-06T13:54:43.855Z,1791294883855,24591,1012,32960,2,ARMED,17771,24591,24592,true,1,true,true,1.55,1.34,11.57,0.731,0.006,0.055,-0.109,-0.094,0,-0.84,-0.1,-0.055,-120.91,-8.25,-3.91,1410,1418,1644,1668
2026-10-06T13:54:43.874Z,1791294883874,24610,1013,32960,2,ARMED,17787,24610,24611,true,1,true,true,1.76,1.48,11.74,0.434,0.142,0.097,-0.123,-0.103,0,-0.5569999999999999,-0.245,-0.097,-61.29,-34.16,-5.4,1451,1508,1562,1642
2026-10-06T13:54:43.900Z,1791294883900,24631,1014,32960,2,ARMED,17805,24631,24632,true,1,true,true,1.63,1.57,11.74,-0.862,0.278,0.148,-0.114,-0.109,0,0.748,-0.387,-0.148,96.88,-51.12,-7.17,1594,1682,1386,1502
2026-10-06T13:54:43.914Z,1791294883914,24651,1015,32960,2,ARMED,17823,24651,24652,true,1,true,true,1.58,1.72,11.7,-0.463,0.261,-0.205,-0.111,-0.12,0,0.35200000000000004,-0.381,0.205,35.97,-41.4,5.18,1536,1629,1474,1547
2026-10-06T13:54:43.941Z,1791294883941,24671,1016,32960,2,ARMED,17841,24671,24672,true,1,true,true,1.83,1.79,11.64,0.221,-0.136,-0.237,-0.128,-0.125,0,-0.349,0.01100000000000001,0.237,-43.05,12.28,6.31,1515,1503,1614,1577
2026-10-06T13:54:43.956Z,1791294883956,24690,1017,32960,2,ARMED,17857,24690,24691,true,1,true,true,1.92,1.78,11.57,0.147,-0.268,-0.144,-0.134,-0.124,0,-0.281,0.14400000000000002,0.144,-22.21,24.09,3.08,1557,1515,1607,1553
2026-10-06T13:54:43.982Z,1791294883982,24710,1018,32960,2,ARMED,17875,24710,24711,true,1,true,true,1.88,1.85,11.52,-0.219,0.302,-0.006,-0.131,-0.129,0,0.088,-0.431,0.006,15.15,-52.7,-1.73,1522,1624,1488,1597
2026-10-06T13:54:43.999Z,1791294883999,24731,1019,32960,2,ARMED,17892,24731,24732,true,1,true,true,1.91,1.86,11.53,0.079,0.336,-0.055,-0.133,-0.13,0,-0.21200000000000002,-0.466,0.055,-34.17,-51.51,-0.02,1478,1581,1546,1649
2026-10-06T13:54:44.015Z,1791294884015,24750,1020,32960,2,ARMED,17909,24750,24751,true,1,true,true,1.94,1.98,11.39,-0.077,0.039,0.039,-0.135,-0.139,0,-0.05800000000000001,-0.17800000000000002,-0.039,-11.98,-10.12,-3.31,1545,1559,1562,1589
2026-10-06T13:54:44.042Z,1791294884042,24771,1021,32960,2,ARMED,17929,24771,24772,true,1,true,true,1.99,1.9,11.21,0.004,-0.029,-0.1,-0.139,-0.133,0,-0.14300000000000002,-0.10400000000000001,0.1,-22.03,-13.85,1.58,1532,1563,1579,1604
2026-10-06T13:54:44.054Z,1791294884054,24791,1022,32960,2,ARMED,17946,24791,24792,true,1,true,true,1.79,1.64,10.99,-0.152,0.092,-0.291,-0.125,-0.115,0,0.026999999999999996,-0.20700000000000002,0.291,-2.66,-45.07,8.31,1519,1626,1541,1615
2026-10-06T13:54:44.078Z,1791294884078,24811,1023,32960,2,ARMED,17963,24811,24812,true,1,true,true,1.58,1.9,10.9,-0.985,0.584,0.138,-0.111,-0.133,0,0.874,-0.717,-0.138,101.97,-74.21,-6.69,1616,1751,1398,1560
2026-10-06T13:54:44.098Z,1791294884098,24831,1024,32960,2,ARMED,17980,24831,24832,true,1,true,true,1.35,1.9,10.9,-0.162,-0.499,0.029,-0.094,-0.132,0,0.068,0.367,-0.029,-21.49,61,-2.87,1623,1496,1661,1544
2026-10-06T13:54:44.122Z,1791294884122,24851,1025,32960,2,ARMED,17997,24851,24852,true,1,true,true,1.38,1.59,10.67,-0.049,0.169,-0.604,-0.096,-0.111,0,-0.047,-0.28,0.604,-13.23,-57.77,19.33,1496,1651,1562,1638
2026-10-06T13:54:44.141Z,1791294884141,24870,1026,32960,2,ARMED,18014,24870,24871,true,1,true,true,1.09,1.72,10.69,-0.973,0.76,-0.415,-0.076,-0.12,0,0.897,-0.88,0.415,105.98,-110.84,12.72,1575,1822,1388,1585
2026-10-06T13:54:44.154Z,1791294884154,24891,1027,32960,2,ARMED,18032,24891,24892,true,1,true,true,0.62,1.83,10.97,-0.129,-0.797,0.88,-0.043,-0.128,0,0.08600000000000001,0.669,-0.88,-20.57,107.59,-32.64,1712,1432,1688,1538
2026-10-06T13:54:44.186Z,1791294884186,24910,1028,32960,2,ARMED,18048,24910,24911,true,1,true,true,0.51,1.93,10.94,0.156,-0.594,-0.054,-0.036,-0.135,0,-0.192,0.45899999999999996,0.054,-56.53,56.86,0.03,1599,1485,1712,1598
2026-10-06T13:54:44.198Z,1791294884198,24931,1029,32960,2,ARMED,18066,24931,24932,true,1,true,true,0.33,2.41,10.58,-0.575,0.974,-0.736,-0.023,-0.168,0,0.5519999999999999,-1.142,0.736,52.89,-131.08,23.99,1502,1812,1444,1658
2026-10-06T13:54:44.216Z,1791294884216,24951,1030,32960,2,ARMED,18084,24951,24952,true,1,true,true,-0.03,2.76,10.48,-0.352,0.042,0.162,0.002,-0.193,0,0.354,-0.23500000000000001,-0.162,10.84,17.81,-7.43,1640,1590,1604,1583
2026-10-06T13:54:44.242Z,1791294884242,24970,1031,32960,2,ARMED,18101,24970,24971,true,1,true,true,-0.19,2.73,10.49,0.288,-0.326,0.511,0.013,-0.19,0,-0.27499999999999997,0.136,-0.511,-95.31,38.95,-19.65,1573,1456,1724,1686
2026-10-06T13:54:44.256Z,1791294884256,24991,1032,32960,2,ARMED,18120,24991,24992,true,1,true,true,-0.13,3.16,10.42,0.534,0.909,-0.444,0.009,-0.221,0,-0.525,-1.1300000000000001,0.444,-118.43,-136.93,13.78,1341,1642,1605,1851
2026-10-06T13:54:44.276Z,1791294884276,25010,1033,32960,2,ARMED,18137,25010,25011,true,1,true,true,-0.47,3.12,10.03,-1.541,0.561,-0.367,0.033,-0.218,0,1.5739999999999998,-0.779,0.367,164.25,-99.31,11.15,1664,1885,1357,1534
2026-10-06T13:54:44.298Z,1791294884298,25031,1034,32960,2,ARMED,18155,25031,25032,true,1,true,true,-1.05,3.12,10.02,-0.142,-0.796,0.75,0.074,-0.218,0,0.21599999999999997,0.5780000000000001,-0.75,-56.36,96.58,-27.94,1678,1429,1735,1598
2026-10-06T13:54:44.317Z,1791294884317,25050,1035,32960,2,ARMED,18172,25050,25051,true,1,true,true,-1.31,3.05,9.8,-0.043,-0.281,-0.745,0.091,-0.213,0,0.134,0.06800000000000003,0.745,-49.05,0.13,24.43,1537,1585,1683,1634
2026-10-06T13:54:44.341Z,1791294884341,25071,1036,32960,2,ARMED,18191,25071,25071,true,0,true,true,-1.92,3.22,9.32,-1.602,0.878,-0.287,0.134,-0.225,0,1.7360000000000002,-1.103,0.287,163.34,-134.25,8.5,1630,1916,1321,1572
2026-10-06T13:54:44.354Z,1791294884354,25091,1037,32960,2,ARMED,18209,25091,25092,true,1,true,true,-2.53,3.09,9.25,-0.449,-0.782,0.369,0.176,-0.216,0,0.625,0.5660000000000001,-0.369,-16.15,73.79,-14.46,1682,1505,1685,1567
2026-10-06T13:54:44.375Z,1791294884375,25110,1038,32960,2,ARMED,18226,25110,25111,true,1,true,true,-2.54,3.38,9.16,0.141,-0.192,-0.319,0.177,-0.236,0,0.036000000000000004,-0.043999999999999984,0.319,-62,7.5,9.64,1546,1550,1689,1655
2026-10-06T13:54:44.402Z,1791294884402,25131,1039,32960,2,ARMED,18244,25131,25132,true,1,true,true,-2.96,3.59,8.78,-1.034,0.709,-0.289,0.206,-0.25,0,1.24,-0.959,0.289,116.58,-94.65,8.66,1623,1830,1407,1579
2026-10-06T13:54:44.414Z,1791294884414,25150,1040,32960,2,ARMED,18261,25150,25151,true,1,true,true,-3.74,3.74,8.68,-0.163,0.1,0.281,0.261,-0.261,0,0.42400000000000004,-0.361,-0.281,-52.87,-1.63,-11.27,1567,1547,1650,1676
2026-10-06T13:54:44.447Z,1791294884447,25170,1041,32960,2,ARMED,18280,25170,25171,true,1,true,true,-3.5,3.67,8.37,0.837,-0.363,-0.327,0.244,-0.256,0,-0.593,0.10699999999999998,0.327,-107.67,23.07,10.07,1515,1489,1751,1684
2026-10-06T13:54:44.469Z,1791294884469,25191,1042,32960,2,ARMED,18299,25191,25192,true,1,true,true,-3.39,4.26,8.06,-0.711,1.066,-0.253,0.236,-0.297,0,0.947,-1.363,0.253,111.63,-141.85,7.54,1572,1871,1364,1633
2026-10-06T13:54:44.478Z,1791294884478,25210,1043,32960,2,ARMED,18317,25210,25211,true,1,true,true,-3.48,4.45,7.7,-0.434,0.074,-0.011,0.242,-0.31,0,0.6759999999999999,-0.384,0.011,58.97,-7.21,-0.89,1663,1675,1543,1559
2026-10-06T13:54:44.503Z,1791294884503,25231,1044,32960,2,ARMED,18335,25231,25232,true,1,true,true,-3,4.85,7.38,0.602,-0.156,-0.484,0.209,-0.339,0,-0.393,-0.18300000000000002,0.484,-70.69,7.72,15.74,1531,1547,1704,1657
2026-10-06T13:54:44.514Z,1791294884514,25250,1045,32960,2,ARMED,18352,25250,25251,true,1,true,true,-2.87,5.09,7.02,0.033,0.747,-0.839,0.2,-0.355,0,0.167,-1.1019999999999999,0.839,14.59,-113.97,28.22,1482,1767,1510,1681
2026-10-06T13:54:44.540Z,1791294884540,25271,1046,32960,2,ARMED,18371,25271,25272,true,1,true,true,-3.02,5.79,8.2,-0.468,-0.05,2.575,0.21,-0.404,0,0.678,-0.35400000000000004,-2.575,38.21,19.85,-91.39,1759,1537,1500,1643
2026-10-06T13:54:44.554Z,1791294884554,25291,1047,32960,2,ARMED,18389,25291,25292,true,1,true,true,-2.61,5.97,8.47,0.691,-0.955,-0.172,0.182,-0.416,0,-0.5089999999999999,0.5389999999999999,0.172,-87.92,107.09,4.72,1624,1420,1810,1586
2026-10-06T13:54:44.575Z,1791294884575,25311,1048,32960,2,ARMED,18406,25311,25312,true,1,true,true,-2.42,6.01,8.01,0.426,1.455,-0.765,0.168,-0.42,0,-0.258,-1.875,0.765,-40.27,-200,25.55,1338,1789,1470,1819
2026-10-06T13:54:44.601Z,1791294884601,25331,1049,32960,2,ARMED,18423,25331,25332,true,1,true,true,-2.44,6.22,7.52,-0.229,-0.424,-0.065,0.17,-0.434,0,0.399,-0.010000000000000009,0.065,35.5,50.94,1.14,1689,1590,1621,1517
2026-10-06T13:54:44.615Z,1791294884615,25350,1050,32960,2,ARMED,18441,25350,25351,true,1,true,true,-2.01,6.56,7.41,-0.249,-0.492,0.303,0.14,-0.457,0,0.389,0.034999999999999976,-0.303,25.04,37.89,-11.72,1679,1580,1605,1553
2026-10-06T13:54:44.645Z,1791294884645,25372,1051,32960,2,ARMED,18461,25372,25372,true,0,true,true,-1.75,7.07,7.11,-0.21,0.072,-0.412,0.122,-0.493,0,0.33199999999999996,-0.565,0.412,46.01,-29.54,13.37,1607,1693,1542,1574
2026-10-06T13:54:44.656Z,1791294884656,25391,1052,32960,2,ARMED,18479,25391,25392,true,1,true,true,-1.9,7.13,6.72,-0.074,-0.399,-0.256,0.133,-0.497,0,0.20700000000000002,-0.09799999999999998,0.256,19.87,34.44,7.98,1650,1598,1627,1542
2026-10-06T13:54:44.675Z,1791294884675,25410,1053,32960,2,ARMED,18497,25410,25411,true,1,true,true,-2.08,7.05,6.36,-0.175,0.143,-0.269,0.145,-0.492,0,0.31999999999999995,-0.635,0.269,20.37,-58.39,8.48,1558,1691,1534,1634
2026-10-06T13:54:44.708Z,1791294884708,25431,1054,32960,2,ARMED,18515,25431,25432,true,1,true,true,-2.03,7.17,6.04,0.154,0.209,-0.346,0.141,-0.5,0,-0.013000000000000012,-0.709,0.346,-22.61,-60.51,11.24,1510,1653,1577,1676
2026-10-06T13:54:44.714Z,1791294884714,25451,1055,32960,2,ARMED,18533,25451,25452,true,1,true,true,-1.91,6.78,5.66,0.544,-1.451,-0.431,0.133,-0.473,0,-0.41100000000000003,0.9780000000000001,0.431,-56.25,138.5,14.29,1672,1424,1813,1508
2026-10-06T13:54:44.747Z,1791294884747,25471,1056,32960,2,ARMED,18551,25471,25472,true,1,true,true,-1.63,6.52,5.21,-0.515,-0.392,-0.648,0.114,-0.455,0,0.629,-0.063,0.648,82.95,-22.08,21.98,1643,1731,1521,1521
2026-10-06T13:54:44.757Z,1791294884757,25491,1057,32960,2,ARMED,18569,25491,25492,true,1,true,true,-1.46,6.9,4.78,-0.262,0.619,-0.454,0.102,-0.482,0,0.364,-1.101,0.454,22.61,-116.46,15.26,1495,1758,1480,1683
2026-10-06T13:54:44.776Z,1791294884776,25510,1058,32960,2,ARMED,18586,25510,25511,true,1,true,true,-1.15,6.63,4.41,0.006,-1.055,-0.21,0.08,-0.463,0,0.074,0.5919999999999999,0.21,-1.95,98.29,6.78,1694,1511,1711,1501
2026-10-06T13:54:44.799Z,1791294884799,25531,1059,32960,2,ARMED,18604,25531,25532,true,1,true,true,-1.1,6.05,3.79,0.525,-0.425,-0.813,0.076,-0.422,0,-0.449,0.0030000000000000027,0.813,-56.45,-18.02,28.01,1502,1594,1671,1651
2026-10-06T13:54:44.817Z,1791294884817,25550,1060,32960,2,ARMED,18621,25550,25551,true,1,true,true,-1.03,5.6,3.37,0.02,0.756,-0.627,0.072,-0.391,0,0.05199999999999999,-1.147,0.627,21.3,-146.32,21.56,1458,1793,1458,1708
2026-10-06T13:54:44.840Z,1791294884840,25571,1061,32960,2,ARMED,18640,25571,25572,true,1,true,true,-0.67,5.77,3.51,0.039,-0.178,0.952,0.047,-0.403,0,0.008,-0.22500000000000003,-0.952,9.67,22.35,-33.72,1670,1558,1583,1606
2026-10-06T13:54:44.871Z,1791294884871,25591,1062,32960,2,ARMED,18657,25591,25592,true,1,true,true,0.07,5.77,3.44,1.168,-0.772,-0.374,-0.005,-0.403,0,-1.1729999999999998,0.369,0.374,-120.83,68.77,12.7,1534,1421,1801,1638
2026-10-06T13:54:44.882Z,1791294884882,25610,1063,32960,2,ARMED,18675,25610,25611,true,1,true,true,0.72,5.79,2.99,0.452,0.214,-0.904,-0.051,-0.404,0,-0.503,-0.618,0.904,-24.14,-78.01,31.34,1465,1684,1576,1669
2026-10-06T13:54:44.903Z,1791294884903,25631,1064,32960,2,ARMED,18694,25631,25632,true,1,true,true,0.91,5.95,2.7,-0.428,-0.426,-0.175,-0.063,-0.415,0,0.365,0.01100000000000001,0.175,68.1,31.11,5.87,1692,1641,1567,1493
2026-10-06T13:54:44.915Z,1791294884915,25651,1065,32960,2,ARMED,18712,25651,25652,true,1,true,true,1.39,6.09,2.53,-0.441,-0.055,-0.236,-0.097,-0.425,0,0.344,-0.37,0.236,61.56,-30.83,8.03,1621,1699,1514,1560
2026-10-06T13:54:44.944Z,1791294884944,25671,1066,32960,2,ARMED,18730,25671,25672,true,1,true,true,2.13,6.74,2.33,0.043,0.665,-0.397,-0.149,-0.47,0,-0.192,-1.135,0.397,-9.35,-102.55,13.72,1473,1705,1519,1697
2026-10-06T13:54:44.956Z,1791294884956,25691,1067,32960,2,ARMED,18748,25691,25692,true,1,true,true,2.58,6.6,2.11,0.137,-1.023,-0.394,-0.18,-0.461,0,-0.317,0.5619999999999998,0.394,1.69,101.29,13.66,1688,1512,1712,1482
2026-10-06T13:54:44.975Z,1791294884975,25710,1068,32960,2,ARMED,18765,25710,25711,true,1,true,true,2.92,6.68,1.68,0.528,-0.156,-0.643,-0.204,-0.466,0,-0.732,-0.31000000000000005,0.643,-43.89,-31.58,22.44,1500,1608,1633,1651
2026-10-06T13:54:45.001Z,1791294885001,25731,1069,32960,2,ARMED,18783,25731,25732,true,1,true,true,2.94,6.93,1.3,0.391,1.15,-0.432,-0.205,-0.483,0,-0.596,-1.633,0.432,-49.88,-169.99,15.11,1363,1734,1493,1803
2026-10-06T13:54:45.019Z,1791294885019,25750,1070,32960,2,ARMED,18800,25750,25751,true,1,true,true,3,6.77,1.08,-0.427,-0.372,0.097,-0.209,-0.472,0,0.218,-0.09999999999999998,-0.097,45.92,35.27,-3.34,1683,1606,1584,1520
2026-10-06T13:54:45.041Z,1791294885041,25771,1071,32960,2,ARMED,18819,25771,25772,true,1,true,true,3.17,6.71,0.99,0.624,0.299,-0.241,-0.221,-0.468,0,-0.845,-0.767,0.241,-84.72,-77.69,8.5,1427,1600,1614,1752
2026-10-06T13:54:45.054Z,1791294885054,25791,1072,32960,2,ARMED,18837,25791,25792,true,1,true,true,3.04,6.8,0.87,-0.515,0.408,-0.189,-0.212,-0.475,0,0.30300000000000005,-0.883,0.189,64.38,-85.9,6.71,1564,1750,1449,1607
2026-10-06T13:54:45.075Z,1791294885075,25810,1073,32960,2,ARMED,18854,25810,25811,true,1,true,true,2.89,6.71,0.64,-0.159,-0.417,-0.188,-0.201,-0.468,0,-0.04200000000000001,-0.051000000000000045,0.188,-2.09,10.03,6.69,1594,1587,1611,1578
2026-10-06T13:54:45.099Z,1791294885099,25831,1074,32960,2,ARMED,18872,25831,25832,true,1,true,true,2.76,6.54,0.31,0.05,0.544,-0.333,-0.192,-0.456,0,-0.242,-1,0.333,-22.35,-117.06,11.83,1441,1699,1510,1720
2026-10-06T13:54:45.114Z,1791294885114,25851,1075,32960,2,ARMED,18890,25851,25852,true,1,true,true,2.7,6.76,0,-0.266,0.272,0.171,-0.188,-0.472,0,0.07800000000000001,-0.744,-0.171,10.59,-30.78,-5.75,1578,1628,1545,1619
2026-10-06T13:54:45.142Z,1791294885142,25871,1076,32960,2,ARMED,18908,25871,25872,true,1,true,true,2.69,6.37,-0.17,0.088,-0.621,0.037,-0.187,-0.444,0,-0.275,0.177,-0.037,-36.36,49.32,-1.03,1607,1506,1677,1581
2026-10-06T13:54:45.158Z,1791294885158,25891,1077,32960,2,ARMED,18926,25891,25892,true,1,true,true,2.64,6.23,-0.36,-0.176,0.249,-0.402,-0.184,-0.435,0,-0.008000000000000007,-0.6839999999999999,0.402,14.44,-90.65,14.37,1502,1712,1502,1654
2026-10-06T13:54:45.180Z,1791294885180,25910,1078,32960,2,ARMED,18943,25910,25911,true,1,true,true,2.72,6.59,-0.6,0.169,1.241,-0.402,-0.19,-0.459,0,-0.359,-1.7000000000000002,0.402,-43.12,-190.57,14.42,1344,1754,1460,1812
2026-10-06T13:54:45.197Z,1791294885197,25932,1079,32960,3,FAILSAFE,18961,25932,25931,false,,false,true,2.89,6.61,-0.66,-0.444,-0.227,-0.037,0,0,0,0.444,0.227,0.037,0,0,0,1000,1000,1000,1000
2026-10-06T13:54:45.216Z,1791294885216,25951,1080,32960,3,FAILSAFE,18979,25951,25946,false,,false,true,3.01,6.88,-0.77,0.295,0.828,-0.161,0,0,0,-0.295,-0.828,0.161,0,0,0,1000,1000,1000,1000
2026-10-06T13:54:45.245Z,1791294885245,25972,1081,32960,3,FAILSAFE,18998,25972,25971,false,,false,true,3.08,6.85,-1.07,0.483,-0.03,-0.239,0,0,0,-0.483,0.03,0.239,0,0,0,1000,1000,1000,1000
2026-10-06T13:54:45.259Z,1791294885259,25991,1082,32960,3,FAILSAFE,19016,25991,25971,false,,false,true,3.36,6.46,-1.3,0.56,0.221,-0.252,0,0,0,-0.56,-0.221,0.252,0,0,0,1000,1000,1000,1000
2026-10-06T13:54:45.275Z,1791294885275,26011,1083,32960,3,FAILSAFE,19034,26011,25996,false,,false,true,4.76,6.65,-1.55,1.615,-0.123,-0.159,0,0,0,-1.615,0.123,0.159,0,0,0,1000,1000,1000,1000
2026-10-06T13:54:45.296Z,1791294885296,26031,1084,32960,3,FAILSAFE,19051,26031,26025,false,,false,true,7.11,6.64,-1.87,2.566,0.01,-0.159,0,0,0,-2.566,-0.01,0.159,0,0,0,1000,1000,1000,1000
2026-10-06T13:54:45.317Z,1791294885317,26051,1085,32960,3,FAILSAFE,19069,26051,26044,false,,false,true,7.8,5.53,-2.27,0.778,-0.042,-0.292,0,0,0,-0.778,0.042,0.292,0,0,0,1000,1000,1000,1000
2026-10-06T13:54:45.341Z,1791294885341,26071,1086,32960,3,FAILSAFE,19087,26071,26069,false,,false,true,7.12,6.47,-2.3,0.349,-0.21,0.138,0,0,0,-0.349,0.21,-0.138,0,0,0,1000,1000,1000,1000
2026-10-06T13:54:45.354Z,1791294885354,26091,1087,32960,3,FAILSAFE,19105,26091,26069,false,,false,true,7.07,6.22,-2.42,-0.686,0.426,-0.206,0,0,0,0.686,-0.426,0.206,0,0,0,1000,1000,1000,1000
2026-10-06T13:54:45.375Z,1791294885375,26111,1088,32960,3,FAILSAFE,19123,26111,26094,false,,false,true,7.2,6.06,-2.44,0.451,-1.903,0.021,0,0,0,-0.451,1.903,-0.021,0,0,0,1000,1000,1000,1000
2026-10-06T13:54:45.399Z,1791294885399,26131,1089,32960,3,FAILSAFE,19140,26131,26119,false,,false,true,7.05,6.78,-2.29,-0.156,0.228,0.159,0,0,0,0.156,-0.228,-0.159,0,0,0,1000,1000,1000,1000
2026-10-06T13:54:45.424Z,1791294885424,26151,1090,32960,3,FAILSAFE,19158,26151,26147,false,,false,true,6.53,6.34,-2.34,0.336,0.756,0.019,0,0,0,-0.336,-0.756,-0.019,0,0,0,1000,1000,1000,1000
2026-10-06T13:54:45.448Z,1791294885448,26171,1091,32960,3,FAILSAFE,19176,26171,26169,false,,false,true,6.01,6.22,-2.03,0.469,-0.297,0.315,0,0,0,-0.469,0.297,-0.315,0,0,0,1000,1000,1000,1000
2026-10-06T13:54:45.454Z,1791294885454,26191,1092,32960,3,FAILSAFE,19194,26191,26169,false,,false,true,5.47,6.11,-1.89,-0.016,0.038,0.145,0,0,0,0.016,-0.038,-0.145,0,0,0,1000,1000,1000,1000
2026-10-06T13:54:45.475Z,1791294885475,26211,1093,32960,3,FAILSAFE,19212,26211,26199,false,,false,true,4.76,6.13,-1.84,-0.141,0.111,0.016,0,0,0,0.141,-0.111,-0.016,0,0,0,1000,1000,1000,1000
2026-10-06T13:54:45.496Z,1791294885496,26231,1094,32960,3,FAILSAFE,19229,26231,26221,false,,false,true,4.32,6.18,-1.88,-0.008,-0.028,0.005,0,0,0,0.008,0.028,-0.005,0,0,0,1000,1000,1000,1000
2026-10-06T13:54:45.523Z,1791294885523,26251,1095,32960,3,FAILSAFE,19248,26251,26221,false,,false,true,4.15,6.03,-1.9,0.125,-0.123,0.042,0,0,0,-0.125,0.123,-0.042,0,0,0,1000,1000,1000,1000
2026-10-06T13:54:45.540Z,1791294885540,26271,1096,32960,3,FAILSAFE,19265,26271,26270,false,,false,true,4.28,5.59,-1.87,0.192,-0.151,0.054,0,0,0,-0.192,0.151,-0.054,0,0,0,1000,1000,1000,1000
2026-10-06T13:54:45.559Z,1791294885559,26291,1097,32960,3,FAILSAFE,19283,26291,26270,false,,false,true,4.33,5.19,-1.88,0.011,0.065,-0.022,0,0,0,-0.011,-0.065,0.022,0,0,0,1000,1000,1000,1000
2026-10-06T13:54:45.574Z,1791294885574,26311,1098,32960,3,FAILSAFE,19301,26311,26295,false,,false,true,4.2,5.1,-1.9,-0.153,0.146,-0.013,0,0,0,0.153,-0.146,0.013,0,0,0,1000,1000,1000,1000
2026-10-06T13:54:45.603Z,1791294885603,26331,1099,32960,3,FAILSAFE,19318,26331,26319,false,,false,true,3.82,5.18,-1.91,-0.11,0.016,-0.02,0,0,0,0.11,-0.016,0.02,0,0,0,1000,1000,1000,1000
2026-10-06T13:54:45.614Z,1791294885614,26351,1100,32960,3,FAILSAFE,19336,26351,26344,false,,false,true,3.59,5.18,-1.94,0.041,-0.085,0.012,0,0,0,-0.041,0.085,-0.012,0,0,0,1000,1000,1000,1000
2026-10-06T13:54:45.644Z,1791294885644,26371,1101,32960,3,FAILSAFE,19354,26371,26369,false,,false,true,3.51,4.97,-1.95,0.024,-0.015,-0.001,0,0,0,-0.024,0.015,0.001,0,0,0,1000,1000,1000,1000
2026-10-06T13:54:45.654Z,1791294885654,26391,1102,32960,3,FAILSAFE,19372,26391,26369,false,,false,true,3.49,4.74,-1.95,0.025,-0.011,-0.001,0,0,0,-0.025,0.011,0.001,0,0,0,1000,1000,1000,1000
2026-10-06T13:54:45.677Z,1791294885677,26411,1103,32960,3,FAILSAFE,19390,26411,26395,false,,false,true,3.47,4.56,-1.95,-0.009,-0.009,0.001,0,0,0,0.009,0.009,-0.001,0,0,0,1000,1000,1000,1000
2026-10-06T13:54:45.699Z,1791294885699,26431,1104,32960,3,FAILSAFE,19407,26431,26419,false,,false,true,3.36,4.44,-1.96,-0.055,0.064,-0.015,0,0,0,0.055,-0.064,0.015,0,0,0,1000,1000,1000,1000
2026-10-06T13:54:45.715Z,1791294885715,26451,1105,32960,3,FAILSAFE,19425,26451,26446,false,,false,true,3.17,4.42,-1.97,-0.026,0.043,0.008,0,0,0,0.026,-0.043,-0.008,0,0,0,1000,1000,1000,1000
2026-10-06T13:54:45.742Z,1791294885742,26471,1106,32960,3,FAILSAFE,19443,26471,26469,false,,false,true,3.04,4.36,-1.98,0.055,-0.055,0.008,0,0,0,-0.055,0.055,-0.008,0,0,0,1000,1000,1000,1000
2026-10-06T13:54:45.758Z,1791294885758,26491,1107,32960,3,FAILSAFE,19461,26491,26469,false,,false,true,2.98,4.24,-1.99,0.029,-0.053,0.001,0,0,0,-0.029,0.053,-0.001,0,0,0,1000,1000,1000,1000
2026-10-06T13:54:45.776Z,1791294885776,26511,1108,32960,3,FAILSAFE,19479,26511,26497,false,,false,true,2.94,4.09,-1.99,-0.036,0.048,-0.001,0,0,0,0.036,-0.048,0.001,0,0,0,1000,1000,1000,1000
2026-10-06T13:54:45.800Z,1791294885800,26531,1109,32960,3,FAILSAFE,19496,26531,26519,false,,false,true,2.88,3.97,-1.99,0.004,0.006,-0.001,0,0,0,-0.004,-0.006,0.001,0,0,0,1000,1000,1000,1000
2026-10-06T13:54:45.816Z,1791294885816,26551,1110,32960,3,FAILSAFE,19514,26551,26544,false,,false,true,2.77,3.9,-2,0.029,-0.016,0.003,0,0,0,-0.029,0.016,-0.003,0,0,0,1000,1000,1000,1000
2026-10-06T13:54:45.841Z,1791294885841,26571,1111,32960,3,FAILSAFE,19532,26571,26569,false,,false,true,2.68,3.84,-2.01,-0.004,-0.006,0.01,0,0,0,0.004,0.006,-0.01,0,0,0,1000,1000,1000,1000
2026-10-06T13:54:45.857Z,1791294885857,26591,1112,32960,3,FAILSAFE,19550,26591,26569,false,,false,true,2.6,3.74,-2.01,-0.024,0.001,-0.004,0,0,0,0.024,-0.001,0.004,0,0,0,1000,1000,1000,1000
2026-10-06T13:54:45.880Z,1791294885880,26611,1113,32960,3,FAILSAFE,19568,26611,26594,false,,false,true,2.54,3.64,-2.01,0.001,-0.009,-0.002,0,0,0,-0.001,0.009,0.002,0,0,0,1000,1000,1000,1000
2026-10-06T13:54:45.901Z,1791294885901,26631,1114,32960,3,FAILSAFE,19585,26631,26619,false,,false,true,2.48,3.55,-2.01,0.003,0.004,0.011,0,0,0,-0.003,-0.004,-0.011,0,0,0,1000,1000,1000,1000
2026-10-06T13:54:45.915Z,1791294885915,26651,1115,32960,3,FAILSAFE,19603,26651,26643,false,,false,true,2.42,3.49,-2.02,-0.001,-0.005,-0.001,0,0,0,0.001,0.005,0.001,0,0,0,1000,1000,1000,1000
2026-10-06T13:54:45.944Z,1791294885944,26672,1116,32960,3,FAILSAFE,19622,26672,26671,false,,false,true,2.35,3.42,-2.02,-0.002,-0.004,0.004,0,0,0,0.002,0.004,-0.004,0,0,0,1000,1000,1000,1000
2026-10-06T13:54:45.956Z,1791294885956,26691,1117,32960,3,FAILSAFE,19640,26691,26671,false,,false,true,2.3,3.34,-2.02,0.005,0.005,-0.002,0,0,0,-0.005,-0.005,0.002,0,0,0,1000,1000,1000,1000
2026-10-06T13:54:45.976Z,1791294885976,26711,1118,32960,3,FAILSAFE,19659,26711,26694,false,,false,true,2.25,3.28,-2.02,0.007,-0.005,0.001,0,0,0,-0.007,0.005,-0.001,0,0,0,1000,1000,1000,1000
2026-10-06T13:54:46.001Z,1791294886001,26731,1119,32960,3,FAILSAFE,19676,26731,26718,false,,false,true,2.19,3.22,-2.02,-0.003,-0.009,0.001,0,0,0,0.003,0.009,-0.001,0,0,0,1000,1000,1000,1000
2026-10-06T13:54:46.018Z,1791294886018,26751,1120,32960,3,FAILSAFE,19694,26751,26745,false,,false,true,2.15,3.15,-2.02,-0.004,0.005,-0.002,0,0,0,0.004,-0.005,0.002,0,0,0,1000,1000,1000,1000
2026-10-06T13:54:46.043Z,1791294886043,26771,1121,32960,3,FAILSAFE,19712,26771,26769,false,,false,true,2.1,3.09,-2.03,0.002,0.009,-0.001,0,0,0,-0.002,-0.009,0.001,0,0,0,1000,1000,1000,1000
2026-10-06T13:54:46.057Z,1791294886057,26791,1122,32960,3,FAILSAFE,19730,26791,26769,false,,false,true,2.05,3.03,-2.03,0.007,-0.002,0.001,0,0,0,-0.007,0.002,-0.001,0,0,0,1000,1000,1000,1000
2026-10-06T13:54:46.075Z,1791294886075,26811,1123,32960,3,FAILSAFE,19748,26811,26796,false,,false,true,2.01,2.97,-2.03,0.003,-0.007,-0.002,0,0,0,-0.003,0.007,0.002,0,0,0,1000,1000,1000,1000
2026-10-06T13:54:46.096Z,1791294886096,26831,1124,32960,3,FAILSAFE,19765,26831,26821,false,,false,true,1.96,2.91,-2.04,-0.007,0.004,-0.004,0,0,0,0.007,-0.004,0.004,0,0,0,1000,1000,1000,1000
2026-10-06T13:54:46.114Z,1791294886114,26851,1125,32960,3,FAILSAFE,19783,26851,26844,false,,false,true,1.91,2.86,-2.04,0,0.001,0.002,0,0,0,0,-0.001,-0.002,0,0,0,1000,1000,1000,1000
2026-10-06T13:54:46.141Z,1791294886141,26871,1126,32960,3,FAILSAFE,19801,26871,26870,false,,false,true,1.87,2.82,-2.04,0.002,-0.005,0.004,0,0,0,-0.002,0.005,-0.004,0,0,0,1000,1000,1000,1000
2026-10-06T13:54:46.154Z,1791294886154,26891,1127,32960,3,FAILSAFE,19819,26891,26870,false,,false,true,1.83,2.76,-2.04,-0.002,0.001,0.003,0,0,0,0.002,-0.001,-0.003,0,0,0,1000,1000,1000,1000
2026-10-06T13:54:46.179Z,1791294886179,26911,1128,32960,3,FAILSAFE,19837,26911,26894,false,,false,true,1.8,2.72,-2.04,-0.003,0.002,-0.001,0,0,0,0.003,-0.002,0.001,0,0,0,1000,1000,1000,1000
2026-10-06T13:54:46.201Z,1791294886201,26931,1129,32960,3,FAILSAFE,19854,26931,26922,false,,false,true,1.76,2.68,-2.04,0.001,-0.002,-0.001,0,0,0,-0.001,0.002,0.001,0,0,0,1000,1000,1000,1000
2026-10-06T13:54:46.215Z,1791294886215,26951,1130,32960,3,FAILSAFE,19873,26951,26922,false,,false,true,1.73,2.63,-2.04,0.001,-0.003,0.002,0,0,0,-0.001,0.003,-0.002,0,0,0,1000,1000,1000,1000
2026-10-06T13:54:46.244Z,1791294886244,26972,1131,32960,3,FAILSAFE,19892,26972,26971,false,,false,true,1.7,2.59,-2.04,0.001,0.001,-0.001,0,0,0,-0.001,-0.001,0.001,0,0,0,1000,1000,1000,1000
2026-10-06T13:54:46.254Z,1791294886254,26991,1132,32960,3,FAILSAFE,19910,26991,26971,false,,false,true,1.67,2.56,-2.04,-0.003,-0.001,-0.002,0,0,0,0.003,0.001,0.002,0,0,0,1000,1000,1000,1000
2026-10-06T13:54:46.278Z,1791294886278,27011,1133,32960,3,FAILSAFE,19928,27011,26994,false,,false,true,1.64,2.51,-2.04,0.001,-0.001,0,0,0,0,-0.001,0.001,0,0,0,0,1000,1000,1000,1000
2026-10-06T13:54:46.298Z,1791294886298,27031,1134,32960,3,FAILSAFE,19945,27031,27026,false,,false,true,1.61,2.47,-2.04,-0.002,-0.002,-0.001,0,0,0,0.002,0.002,0.001,0,0,0,1000,1000,1000,1000
2026-10-06T13:54:46.315Z,1791294886315,27051,1135,32960,3,FAILSAFE,19963,27051,27044,false,,false,true,1.57,2.44,-2.04,-0.002,0,0.002,0,0,0,0.002,0,-0.002,0,0,0,1000,1000,1000,1000
2026-10-06T13:54:46.343Z,1791294886343,27071,1136,32960,3,FAILSAFE,19981,27071,27069,false,,false,true,1.55,2.41,-2.04,0.002,-0.001,-0.001,0,0,0,-0.002,0.001,0.001,0,0,0,1000,1000,1000,1000
2026-10-06T13:54:46.355Z,1791294886355,27091,1137,32960,3,FAILSAFE,19999,27091,27069,false,,false,true,1.52,2.37,-2.04,-0.002,-0.002,0.002,0,0,0,0.002,0.002,-0.002,0,0,0,1000,1000,1000,1000
2026-10-06T13:54:46.378Z,1791294886378,27111,1138,32960,3,FAILSAFE,20017,27111,27094,false,,false,true,1.49,2.34,-2.04,-0.002,0.003,0.001,0,0,0,0.002,-0.003,-0.001,0,0,0,1000,1000,1000,1000
2026-10-06T13:54:46.398Z,1791294886398,27131,1139,32960,3,FAILSAFE,20034,27131,27119,false,,false,true,1.47,2.31,-2.04,0.003,-0.001,0,0,0,0,-0.003,0.001,0,0,0,0,1000,1000,1000,1000
2026-10-06T13:54:46.418Z,1791294886418,27151,1140,32960,3,FAILSAFE,20052,27151,27145,false,,false,true,1.45,2.29,-2.04,0.003,0,0.002,0,0,0,-0.003,0,-0.002,0,0,0,1000,1000,1000,1000
2026-10-06T13:54:46.443Z,1791294886443,27171,1141,32960,3,FAILSAFE,20070,27171,27169,false,,false,true,1.43,2.26,-2.04,0.003,-0.001,0,0,0,0,-0.003,0.001,0,0,0,0,1000,1000,1000,1000
2026-10-06T13:54:46.455Z,1791294886455,27191,1142,32960,3,FAILSAFE,20088,27191,27169,false,,false,true,1.41,2.24,-2.05,-0.001,0.002,-0.001,0,0,0,0.001,-0.002,0.001,0,0,0,1000,1000,1000,1000
2026-10-06T13:54:46.486Z,1791294886486,27211,1143,32960,3,FAILSAFE,20106,27211,27196,false,,false,true,1.39,2.22,-2.05,0,-0.002,-0.002,0,0,0,0,0.002,0.002,0,0,0,1000,1000,1000,1000
2026-10-06T13:54:46.500Z,1791294886500,27231,1144,32960,3,FAILSAFE,20123,27231,27220,false,,false,true,1.37,2.19,-2.05,-0.001,0.003,0.004,0,0,0,0.001,-0.003,-0.004,0,0,0,1000,1000,1000,1000
2026-10-06T13:54:46.514Z,1791294886514,27251,1145,32960,3,FAILSAFE,20141,27251,27244,false,,false,true,1.35,2.17,-2.05,-0.004,-0.002,0.003,0,0,0,0.004,0.002,-0.003,0,0,0,1000,1000,1000,1000
2026-10-06T13:54:46.545Z,1791294886545,27271,1146,32960,3,FAILSAFE,20159,27271,27270,false,,false,true,1.33,2.14,-2.05,0,-0.001,0.004,0,0,0,0,0.001,-0.004,0,0,0,1000,1000,1000,1000
2026-10-06T13:54:46.555Z,1791294886555,27291,1147,32960,3,FAILSAFE,20177,27291,27270,false,,false,true,1.31,2.12,-2.05,-0.001,0.003,-0.003,0,0,0,0.001,-0.003,0.003,0,0,0,1000,1000,1000,1000
2026-10-06T13:54:46.576Z,1791294886576,27311,1148,32960,3,FAILSAFE,20195,27311,27295,false,,false,true,1.29,2.1,-2.05,-0.002,0,0.005,0,0,0,0.002,0,-0.005,0,0,0,1000,1000,1000,1000
2026-10-06T13:54:46.599Z,1791294886599,27331,1149,32960,3,FAILSAFE,20212,27331,27319,false,,false,true,1.27,2.08,-2.05,0.001,-0.001,0.001,0,0,0,-0.001,0.001,-0.001,0,0,0,1000,1000,1000,1000
2026-10-06T13:54:46.619Z,1791294886619,27351,1150,32960,3,FAILSAFE,20230,27351,27346,false,,false,true,1.25,2.06,-2.05,-0.002,0,-0.004,0,0,0,0.002,0,0.004,0,0,0,1000,1000,1000,1000
2026-10-06T13:54:46.641Z,1791294886641,27371,1151,32960,3,FAILSAFE,20248,27371,27369,false,,false,true,1.24,2.04,-2.05,-0.003,-0.002,0.002,0,0,0,0.003,0.002,-0.002,0,0,0,1000,1000,1000,1000
2026-10-06T13:54:46.654Z,1791294886654,27391,1152,32960,3,FAILSAFE,20266,27391,27369,false,,false,true,1.23,2.02,-2.05,-0.002,-0.001,-0.003,0,0,0,0.002,0.001,0.003,0,0,0,1000,1000,1000,1000
2026-10-06T13:54:46.677Z,1791294886677,27411,1153,32960,3,FAILSAFE,20284,27411,27397,false,,false,true,1.21,2.01,-2.05,-0.002,-0.001,0.002,0,0,0,0.002,0.001,-0.002,0,0,0,1000,1000,1000,1000
2026-10-06T13:54:46.698Z,1791294886698,27431,1154,32960,3,FAILSAFE,20301,27431,27419,false,,false,true,1.2,1.99,-2.05,0.001,0,0.001,0,0,0,-0.001,0,-0.001,0,0,0,1000,1000,1000,1000
2026-10-06T13:54:46.714Z,1791294886714,27451,1155,32960,3,FAILSAFE,20319,27451,27444,false,,false,true,1.19,1.98,-2.05,0.001,-0.001,-0.002,0,0,0,-0.001,0.001,0.002,0,0,0,1000,1000,1000,1000
2026-10-06T13:54:46.745Z,1791294886745,27471,1156,32960,3,FAILSAFE,20337,27471,27470,false,,false,true,1.17,1.96,-2.05,-0.002,-0.002,0.001,0,0,0,0.002,0.002,-0.001,0,0,0,1000,1000,1000,1000
2026-10-06T13:54:46.755Z,1791294886755,27491,1157,32960,3,FAILSAFE,20355,27491,27470,false,,false,true,1.16,1.95,-2.05,0.001,-0.002,0.001,0,0,0,-0.001,0.002,-0.001,0,0,0,1000,1000,1000,1000
2026-10-06T13:54:46.775Z,1791294886775,27511,1158,32960,3,FAILSAFE,20373,27511,27496,false,,false,true,1.15,1.94,-2.05,0.001,0,-0.001,0,0,0,-0.001,0,0.001,0,0,0,1000,1000,1000,1000
2026-10-06T13:54:46.802Z,1791294886802,27531,1159,32960,3,FAILSAFE,20390,27531,27524,false,,false,true,1.14,1.93,-2.05,-0.001,-0.001,0,0,0,0,0.001,0.001,0,0,0,0,1000,1000,1000,1000
2026-10-06T13:54:46.818Z,1791294886818,27551,1160,32960,3,FAILSAFE,20408,27551,27544,false,,false,true,1.13,1.91,-2.05,-0.001,-0.002,0.001,0,0,0,0.001,0.002,-0.001,0,0,0,1000,1000,1000,1000
2026-10-06T13:54:46.840Z,1791294886840,27571,1161,32960,3,FAILSAFE,20426,27571,27569,false,,false,true,1.12,1.9,-2.05,0.001,-0.001,0.001,0,0,0,-0.001,0.001,-0.001,0,0,0,1000,1000,1000,1000
2026-10-06T13:54:46.867Z,1791294886867,27591,1162,32960,3,FAILSAFE,20444,27591,27569,false,,false,true,1.11,1.89,-2.05,-0.003,-0.001,0.002,0,0,0,0.003,0.001,-0.002,0,0,0,1000,1000,1000,1000
2026-10-06T13:54:46.878Z,1791294886878,27611,1163,32960,3,FAILSAFE,20462,27611,27594,false,,false,true,1.1,1.88,-2.05,0,-0.001,0.002,0,0,0,0,0.001,-0.002,0,0,0,1000,1000,1000,1000
2026-10-06T13:54:46.896Z,1791294886896,27631,1164,32960,3,FAILSAFE,20479,27631,27619,false,,false,true,1.1,1.87,-2.05,0.002,-0.003,0.002,0,0,0,-0.002,0.003,-0.002,0,0,0,1000,1000,1000,1000
2026-10-06T13:54:46.915Z,1791294886915,27651,1165,32960,3,FAILSAFE,20497,27651,27644,false,,false,true,1.09,1.86,-2.05,-0.003,-0.002,0.003,0,0,0,0.003,0.002,-0.003,0,0,0,1000,1000,1000,1000
2026-10-06T13:54:46.944Z,1791294886944,27671,1166,32960,3,FAILSAFE,20515,27671,27669,false,,false,true,1.08,1.84,-2.05,0,-0.001,0.002,0,0,0,0,0.001,-0.002,0,0,0,1000,1000,1000,1000
2026-10-06T13:54:46.954Z,1791294886954,27691,1167,32960,3,FAILSAFE,20533,27691,27669,false,,false,true,1.07,1.83,-2.04,-0.002,-0.002,0.002,0,0,0,0.002,0.002,-0.002,0,0,0,1000,1000,1000,1000
2026-10-06T13:54:46.974Z,1791294886974,27711,1168,32960,3,FAILSAFE,20551,27711,27694,false,,false,true,1.06,1.82,-2.04,-0.001,-0.002,0.004,0,0,0,0.001,0.002,-0.004,0,0,0,1000,1000,1000,1000
2026-10-06T13:54:47.002Z,1791294887002,27731,1169,32960,3,FAILSAFE,20568,27731,27718,false,,false,true,1.05,1.81,-2.04,-0.001,-0.002,0.002,0,0,0,0.001,0.002,-0.002,0,0,0,1000,1000,1000,1000
2026-10-06T13:54:47.017Z,1791294887017,27751,1170,32960,3,FAILSAFE,20586,27751,27746,false,,false,true,1.05,1.81,-2.04,0.004,0.001,-0.001,0,0,0,-0.004,-0.001,0.001,0,0,0,1000,1000,1000,1000
2026-10-06T13:54:47.042Z,1791294887042,27771,1171,32960,3,FAILSAFE,20604,27771,27770,false,,false,true,1.05,1.8,-2.04,0.001,0.001,0.001,0,0,0,-0.001,-0.001,-0.001,0,0,0,1000,1000,1000,1000
2026-10-06T13:54:47.054Z,1791294887054,27791,1172,32960,3,FAILSAFE,20622,27791,27770,false,,false,true,1.04,1.79,-2.04,-0.002,0,0.002,0,0,0,0.002,0,-0.002,0,0,0,1000,1000,1000,1000
2026-10-06T13:54:47.075Z,1791294887075,27811,1173,32960,3,FAILSAFE,20640,27811,27794,false,,false,true,1.04,1.78,-2.04,-0.001,0,0.003,0,0,0,0.001,0,-0.003,0,0,0,1000,1000,1000,1000
2026-10-06T13:54:47.107Z,1791294887107,27831,1174,32960,3,FAILSAFE,20657,27831,27820,false,,false,true,1.03,1.77,-2.04,-0.002,-0.001,0.003,0,0,0,0.002,0.001,-0.003,0,0,0,1000,1000,1000,1000
2026-10-06T13:54:47.115Z,1791294887115,27851,1175,32960,3,FAILSAFE,20675,27851,27844,false,,false,true,1.03,1.77,-2.04,0.001,-0.001,0.001,0,0,0,-0.001,0.001,-0.001,0,0,0,1000,1000,1000,1000
2026-10-06T13:54:47.142Z,1791294887142,27871,1176,32960,3,FAILSAFE,20693,27871,27870,false,,false,true,1.02,1.76,-2.04,0.001,-0.001,0.002,0,0,0,-0.001,0.001,-0.002,0,0,0,1000,1000,1000,1000
2026-10-06T13:54:47.159Z,1791294887159,27891,1177,32960,3,FAILSAFE,20711,27891,27870,false,,false,true,1.02,1.75,-2.03,0.001,-0.001,0.001,0,0,0,-0.001,0.001,-0.001,0,0,0,1000,1000,1000,1000
2026-10-06T13:54:47.174Z,1791294887174,27911,1178,32960,3,FAILSAFE,20729,27911,27894,false,,false,true,1.01,1.74,-2.04,0,0.001,0.001,0,0,0,0,-0.001,-0.001,0,0,0,1000,1000,1000,1000
2026-10-06T13:54:47.202Z,1791294887202,27931,1179,32960,3,FAILSAFE,20746,27931,27918,false,,false,true,1.01,1.73,-2.03,-0.001,0.002,0.002,0,0,0,0.001,-0.002,-0.002,0,0,0,1000,1000,1000,1000
2026-10-06T13:54:47.222Z,1791294887222,27951,1180,32960,3,FAILSAFE,20764,27951,27946,false,,false,true,1.01,1.73,-2.03,-0.001,-0.002,0.002,0,0,0,0.001,0.002,-0.002,0,0,0,1000,1000,1000,1000
2026-10-06T13:54:47.241Z,1791294887241,27971,1181,32960,3,FAILSAFE,20782,27971,27969,false,,false,true,1,1.72,-2.03,0,0.001,0.001,0,0,0,0,-0.001,-0.001,0,0,0,1000,1000,1000,1000
2026-10-06T13:54:47.254Z,1791294887254,27991,1182,32960,3,FAILSAFE,20800,27991,27969,false,,false,true,1,1.71,-2.03,0.001,0.001,0.002,0,0,0,-0.001,-0.001,-0.002,0,0,0,1000,1000,1000,1000
2026-10-06T13:54:47.275Z,1791294887275,28011,1183,32960,3,FAILSAFE,20818,28011,27994,false,,false,true,0.99,1.71,-2.03,0.001,0.002,0.001,0,0,0,-0.001,-0.002,-0.001,0,0,0,1000,1000,1000,1000
2026-10-06T13:54:47.297Z,1791294887297,28031,1184,32960,3,FAILSAFE,20835,28031,28020,false,,false,true,0.98,1.7,-2.03,-0.002,0,0.002,0,0,0,0.002,0,-0.002,0,0,0,1000,1000,1000,1000
2026-10-06T13:54:47.315Z,1791294887315,28051,1185,32960,3,FAILSAFE,20853,28051,28044,false,,false,true,0.98,1.7,-2.03,0.001,-0.001,0.002,0,0,0,-0.001,0.001,-0.002,0,0,0,1000,1000,1000,1000
2026-10-06T13:54:47.340Z,1791294887340,28071,1186,32960,3,FAILSAFE,20871,28071,28069,false,,false,true,0.97,1.69,-2.03,0.001,0.001,-0.002,0,0,0,-0.001,-0.001,0.002,0,0,0,1000,1000,1000,1000
2026-10-06T13:54:47.354Z,1791294887354,28091,1187,32960,3,FAILSAFE,20889,28091,28069,false,,false,true,0.96,1.68,-2.03,-0.002,-0.001,-0.001,0,0,0,0.002,0.001,0.001,0,0,0,1000,1000,1000,1000
2026-10-06T13:54:47.378Z,1791294887378,28111,1188,32960,3,FAILSAFE,20907,28111,28098,false,,false,true,0.96,1.68,-2.03,-0.003,-0.001,-0.001,0,0,0,0.003,0.001,0.001,0,0,0,1000,1000,1000,1000
2026-10-06T13:54:47.396Z,1791294887396,28131,1189,32960,3,FAILSAFE,20924,28131,28119,false,,false,true,0.95,1.67,-2.03,0,-0.003,0,0,0,0,0,0.003,0,0,0,0,1000,1000,1000,1000
2026-10-06T13:54:47.417Z,1791294887417,28152,1190,32960,3,FAILSAFE,20943,28152,28151,false,,false,true,0.95,1.67,-2.03,0.002,-0.001,-0.001,0,0,0,-0.002,0.001,0.001,0,0,0,1000,1000,1000,1000
2026-10-06T13:54:47.442Z,1791294887442,28171,1191,32960,3,FAILSAFE,20961,28171,28170,false,,false,true,0.94,1.66,-2.03,-0.002,0,0.002,0,0,0,0.002,0,-0.002,0,0,0,1000,1000,1000,1000
2026-10-06T13:54:47.454Z,1791294887454,28191,1192,32960,3,FAILSAFE,20979,28191,28170,false,,false,true,0.94,1.66,-2.03,0.003,-0.001,0,0,0,0,-0.003,0.001,0,0,0,0,1000,1000,1000,1000
2026-10-06T13:54:47.478Z,1791294887478,28211,1193,32960,3,FAILSAFE,20997,28211,28195,false,,false,true,0.93,1.65,-2.03,0.001,-0.001,-0.002,0,0,0,-0.001,0.001,0.002,0,0,0,1000,1000,1000,1000
2026-10-06T13:54:47.498Z,1791294887498,28231,1194,32960,3,FAILSAFE,21014,28231,28219,false,,false,true,0.93,1.65,-2.03,0.001,-0.001,0.003,0,0,0,-0.001,0.001,-0.003,0,0,0,1000,1000,1000,1000
2026-10-06T13:54:47.514Z,1791294887514,28251,1195,32960,3,FAILSAFE,21032,28251,28244,false,,false,true,0.93,1.64,-2.03,0.003,0.002,-0.002,0,0,0,-0.003,-0.002,0.002,0,0,0,1000,1000,1000,1000
2026-10-06T13:54:47.541Z,1791294887541,28271,1196,32960,3,FAILSAFE,21050,28271,28269,false,,false,true,0.92,1.64,-2.03,0.001,-0.001,0.002,0,0,0,-0.001,0.001,-0.002,0,0,0,1000,1000,1000,1000
2026-10-06T13:54:47.554Z,1791294887554,28291,1197,32960,3,FAILSAFE,21068,28291,28269,false,,false,true,0.92,1.64,-2.03,0.001,-0.003,0.002,0,0,0,-0.001,0.003,-0.002,0,0,0,1000,1000,1000,1000
2026-10-06T13:54:47.576Z,1791294887576,28311,1198,32960,3,FAILSAFE,21086,28311,28297,false,,false,true,0.92,1.64,-2.03,0,0.001,0,0,0,0,0,-0.001,0,0,0,0,1000,1000,1000,1000
2026-10-06T13:54:47.599Z,1791294887599,28331,1199,32960,3,FAILSAFE,21103,28331,28319,false,,false,true,0.92,1.63,-2.03,-0.003,-0.001,0.001,0,0,0,0.003,0.001,-0.001,0,0,0,1000,1000,1000,1000
2026-10-06T13:54:47.616Z,1791294887616,28351,1200,32960,3,FAILSAFE,21121,28351,28344,false,,false,true,0.91,1.63,-2.03,-0.001,0,0.001,0,0,0,0.001,0,-0.001,0,0,0,1000,1000,1000,1000
2026-10-06T13:54:47.646Z,1791294887646,28371,1201,32960,3,FAILSAFE,21139,28371,28369,false,,false,true,0.91,1.63,-2.03,-0.003,0.001,-0.001,0,0,0,0.003,-0.001,0.001,0,0,0,1000,1000,1000,1000
2026-10-06T13:54:47.657Z,1791294887657,28391,1202,32960,3,FAILSAFE,21157,28391,28369,false,,false,true,0.91,1.63,-2.03,0.001,-0.001,0.001,0,0,0,-0.001,0.001,-0.001,0,0,0,1000,1000,1000,1000
2026-10-06T13:54:47.677Z,1791294887677,28411,1203,32960,3,FAILSAFE,21175,28411,28404,false,,false,true,0.91,1.63,-2.03,0.002,-0.001,0.002,0,0,0,-0.002,0.001,-0.002,0,0,0,1000,1000,1000,1000
2026-10-06T13:54:47.702Z,1791294887702,28431,1204,32960,3,FAILSAFE,21192,28431,28419,false,,false,true,0.91,1.63,-2.03,0.001,0.002,-0.003,0,0,0,-0.001,-0.002,0.003,0,0,0,1000,1000,1000,1000
2026-10-06T13:54:47.717Z,1791294887717,28451,1205,32960,3,FAILSAFE,21210,28451,28443,false,,false,true,0.9,1.63,-2.03,0.003,-0.002,0.002,0,0,0,-0.003,0.002,-0.002,0,0,0,1000,1000,1000,1000
2026-10-06T13:54:47.747Z,1791294887747,28471,1206,32960,3,FAILSAFE,21229,28471,28443,false,,false,true,0.9,1.63,-2.03,-0.001,-0.002,-0.002,0,0,0,0.001,0.002,0.002,0,0,0,1000,1000,1000,1000
2026-10-06T13:54:47.755Z,1791294887755,28491,1207,32960,3,FAILSAFE,21247,28491,28474,false,,false,true,0.9,1.63,-2.03,-0.001,-0.001,0.001,0,0,0,0.001,0.001,-0.001,0,0,0,1000,1000,1000,1000
2026-10-06T13:54:47.777Z,1791294887777,28511,1208,32960,3,FAILSAFE,21266,28511,28494,false,,false,true,0.9,1.62,-2.03,-0.001,0.001,0.003,0,0,0,0.001,-0.001,-0.003,0,0,0,1000,1000,1000,1000
2026-10-06T13:54:47.802Z,1791294887802,28531,1209,32960,3,FAILSAFE,21283,28531,28521,false,,false,true,0.89,1.62,-2.03,-0.001,0.001,-0.003,0,0,0,0.001,-0.001,0.003,0,0,0,1000,1000,1000,1000
2026-10-06T13:54:47.815Z,1791294887815,28551,1210,32960,3,FAILSAFE,21301,28551,28546,false,,false,true,0.9,1.62,-2.03,0.005,0.001,-0.001,0,0,0,-0.005,-0.001,0.001,0,0,0,1000,1000,1000,1000
2026-10-06T13:54:47.845Z,1791294887845,28571,1211,32960,3,FAILSAFE,21319,28571,28569,false,,false,true,0.9,1.62,-2.03,-0.002,0,-0.003,0,0,0,0.002,0,0.003,0,0,0,1000,1000,1000,1000
2026-10-06T13:54:47.854Z,1791294887854,28591,1212,32960,3,FAILSAFE,21337,28591,28569,false,,false,true,0.9,1.62,-2.03,-0.003,0,0,0,0,0,0.003,0,0,0,0,0,1000,1000,1000,1000
2026-10-06T13:54:47.879Z,1791294887879,28611,1213,32960,3,FAILSAFE,21356,28611,28594,false,,false,true,0.9,1.62,-2.03,0.001,0.001,0.002,0,0,0,-0.001,-0.001,-0.002,0,0,0,1000,1000,1000,1000
2026-10-06T13:54:47.895Z,1791294887895,28631,1214,32960,3,FAILSAFE,21373,28631,28621,false,,false,true,0.9,1.62,-2.03,-0.001,-0.001,0.002,0,0,0,0.001,0.001,-0.002,0,0,0,1000,1000,1000,1000
2026-10-06T13:54:47.920Z,1791294887920,28651,1215,32960,3,FAILSAFE,21391,28651,28643,false,,false,true,0.9,1.62,-2.03,0,-0.001,0.003,0,0,0,0,0.001,-0.003,0,0,0,1000,1000,1000,1000
2026-10-06T13:54:47.946Z,1791294887946,28671,1216,32960,3,FAILSAFE,21409,28671,28669,false,,false,true,0.9,1.62,-2.03,-0.001,0.003,-0.001,0,0,0,0.001,-0.003,0.001,0,0,0,1000,1000,1000,1000
2026-10-06T13:54:47.954Z,1791294887954,28691,1217,32960,3,FAILSAFE,21427,28691,28669,false,,false,true,0.9,1.62,-2.03,0,-0.001,-0.001,0,0,0,0,0.001,0.001,0,0,0,1000,1000,1000,1000
2026-10-06T13:54:47.974Z,1791294887974,28711,1218,32960,3,FAILSAFE,21446,28711,28694,false,,false,true,0.9,1.62,-2.03,0.002,-0.002,0.002,0,0,0,-0.002,0.002,-0.002,0,0,0,1000,1000,1000,1000
2026-10-06T13:54:47.999Z,1791294887999,28731,1219,32960,3,FAILSAFE,21463,28731,28718,false,,false,true,0.89,1.62,-2.03,0.001,-0.001,0.003,0,0,0,-0.001,0.001,-0.003,0,0,0,1000,1000,1000,1000
2026-10-06T13:54:48.016Z,1791294888016,28751,1220,32960,3,FAILSAFE,21481,28751,28744,false,,false,true,0.89,1.61,-2.03,0.003,-0.003,0,0,0,0,-0.003,0.003,0,0,0,0,1000,1000,1000,1000
2026-10-06T13:54:48.041Z,1791294888041,28771,1221,32960,3,FAILSAFE,21499,28771,28769,false,,false,true,0.89,1.61,-2.02,0,-0.001,-0.001,0,0,0,0,0.001,0.001,0,0,0,1000,1000,1000,1000
2026-10-06T13:54:48.057Z,1791294888057,28791,1222,32960,3,FAILSAFE,21517,28791,28769,false,,false,true,0.89,1.61,-2.02,-0.001,0.001,0.001,0,0,0,0.001,-0.001,-0.001,0,0,0,1000,1000,1000,1000
2026-10-06T13:54:48.081Z,1791294888081,28811,1223,32960,3,FAILSAFE,21535,28811,28794,false,,false,true,0.89,1.61,-2.02,-0.003,0.003,0.001,0,0,0,0.003,-0.003,-0.001,0,0,0,1000,1000,1000,1000
2026-10-06T13:54:48.097Z,1791294888097,28831,1224,32960,3,FAILSAFE,21552,28831,28818,false,,false,true,0.88,1.61,-2.02,-0.001,-0.001,0.001,0,0,0,0.001,0.001,-0.001,0,0,0,1000,1000,1000,1000
2026-10-06T13:54:48.125Z,1791294888125,28851,1225,32960,3,FAILSAFE,21570,28851,28844,false,,false,true,0.88,1.61,-2.02,-0.002,0.001,0.002,0,0,0,0.002,-0.001,-0.002,0,0,0,1000,1000,1000,1000
2026-10-06T13:54:48.141Z,1791294888141,28871,1226,32960,3,FAILSAFE,21588,28871,28869,false,,false,true,0.88,1.61,-2.02,-0.002,0,0.004,0,0,0,0.002,0,-0.004,0,0,0,1000,1000,1000,1000
2026-10-06T13:54:48.157Z,1791294888157,28891,1227,32960,3,FAILSAFE,21606,28891,28869,false,,false,true,0.88,1.61,-2.02,-0.001,-0.003,0.001,0,0,0,0.001,0.003,-0.001,0,0,0,1000,1000,1000,1000
2026-10-06T13:54:48.183Z,1791294888183,28911,1228,32960,3,FAILSAFE,21624,28911,28894,false,,false,true,0.88,1.6,-2.02,0.002,-0.002,0.003,0,0,0,-0.002,0.002,-0.003,0,0,0,1000,1000,1000,1000
2026-10-06T13:54:48.201Z,1791294888201,28931,1229,32960,3,FAILSAFE,21641,28931,28918,false,,false,true,0.89,1.6,-2.01,-0.003,0,0.002,0,0,0,0.003,0,-0.002,0,0,0,1000,1000,1000,1000
2026-10-06T13:54:48.215Z,1791294888215,28951,1230,32960,3,FAILSAFE,21659,28951,28944,false,,false,true,0.89,1.6,-2.01,-0.002,0.002,0,0,0,0,0.002,-0.002,0,0,0,0,1000,1000,1000,1000
2026-10-06T13:54:48.243Z,1791294888243,28972,1231,32960,3,FAILSAFE,21678,28972,28971,false,,false,true,0.88,1.59,-2.01,0,-0.002,-0.002,0,0,0,0,0.002,0.002,0,0,0,1000,1000,1000,1000
2026-10-06T13:54:48.259Z,1791294888259,28991,1232,32960,3,FAILSAFE,21696,28991,28971,false,,false,true,0.89,1.59,-2.01,-0.002,-0.001,-0.001,0,0,0,0.002,0.001,0.001,0,0,0,1000,1000,1000,1000
2026-10-06T13:54:48.274Z,1791294888274,29011,1233,32960,3,FAILSAFE,21714,29011,28994,false,,false,true,0.88,1.59,-2.01,-0.002,-0.001,0.001,0,0,0,0.002,0.001,-0.001,0,0,0,1000,1000,1000,1000
2026-10-06T13:54:48.300Z,1791294888300,29031,1234,32960,3,FAILSAFE,21731,29031,29018,false,,false,true,0.89,1.59,-2.02,0.002,0.001,0.001,0,0,0,-0.002,-0.001,-0.001,0,0,0,1000,1000,1000,1000
2026-10-06T13:54:48.316Z,1791294888316,29051,1235,32960,3,FAILSAFE,21749,29051,29044,false,,false,true,0.88,1.59,-2.02,0.002,0.001,-0.001,0,0,0,-0.002,-0.001,0.001,0,0,0,1000,1000,1000,1000
2026-10-06T13:54:48.341Z,1791294888341,29073,1236,32960,3,FAILSAFE,21769,29073,29072,false,,false,true,0.88,1.59,-2.02,-0.003,0.001,0,0,0,0,0.003,-0.001,0,0,0,0,1000,1000,1000,1000
2026-10-06T13:54:48.354Z,1791294888354,29092,1237,32960,3,FAILSAFE,21787,29092,29072,false,,false,true,0.88,1.58,-2.02,-0.002,0.001,0.001,0,0,0,0.002,-0.001,-0.001,0,0,0,1000,1000,1000,1000
2026-10-06T13:54:48.379Z,1791294888379,29112,1238,32960,3,FAILSAFE,21805,29112,29097,false,,false,true,0.88,1.58,-2.02,-0.001,0.001,-0.002,0,0,0,0.001,-0.001,0.002,0,0,0,1000,1000,1000,1000
2026-10-06T13:54:48.397Z,1791294888397,29132,1239,32960,3,FAILSAFE,21822,29132,29121,false,,false,true,0.88,1.58,-2.02,-0.002,-0.001,-0.001,0,0,0,0.002,0.001,0.001,0,0,0,1000,1000,1000,1000
2026-10-06T13:54:48.420Z,1791294888420,29152,1240,32960,3,FAILSAFE,21840,29152,29147,false,,false,true,0.88,1.58,-2.02,0.001,0.001,-0.001,0,0,0,-0.001,-0.001,0.001,0,0,0,1000,1000,1000,1000
2026-10-06T13:54:48.444Z,1791294888444,29172,1241,32960,3,FAILSAFE,21858,29172,29170,false,,false,true,0.87,1.59,-2.02,-0.002,-0.002,0.002,0,0,0,0.002,0.002,-0.002,0,0,0,1000,1000,1000,1000
2026-10-06T13:54:48.460Z,1791294888460,29192,1242,32960,3,FAILSAFE,21876,29192,29170,false,,false,true,0.87,1.58,-2.02,0.001,-0.002,0.001,0,0,0,-0.001,0.002,-0.001,0,0,0,1000,1000,1000,1000
2026-10-06T13:54:48.475Z,1791294888475,29212,1243,32960,3,FAILSAFE,21895,29212,29195,false,,false,true,0.87,1.58,-2.02,0.001,0.003,0,0,0,0,-0.001,-0.003,0,0,0,0,1000,1000,1000,1000
2026-10-06T13:54:48.499Z,1791294888499,29232,1244,32960,3,FAILSAFE,21912,29232,29224,false,,false,true,0.87,1.58,-2.01,0,0.002,0.002,0,0,0,0,-0.002,-0.002,0,0,0,1000,1000,1000,1000
2026-10-06T13:54:48.516Z,1791294888516,29252,1245,32960,3,FAILSAFE,21930,29252,29244,false,,false,true,0.87,1.57,-2.01,0,-0.001,0,0,0,0,0,0.001,0,0,0,0,1000,1000,1000,1000
